Speed,Actual,Predicted,predicted_diff,actual_diff
0,0,123.632324,0,0
0,0,284.25537,160.623046,0
0,0,471.5791,187.32373,0
0,0,678.68823,207.10913,0
0,0,901.09033,222.4021,0
0,0,1136.0422,234.95187,0
0,0,1382.0706,246.0284,0
0,0,1638.6345,256.5639,0
0,0,1905.888,267.2535,0
0,0,2184.5117,278.6237,0
0,0,2475.5903,291.0786,0
0,0,2780.5203,304.93,0
0,0,3100.9314,320.4111,0
0,0,3438.6113,337.6799,0
0,0,3795.4214,356.8101,0
0,0,4173.1885,377.7671,0
0,0,4573.564,400.3755,0
0,0,4997.826,424.262,0
0,0,5446.6113,448.7853,0
0,28.05586283,5919.544,472.9327,28.05586283
0,502.8454093,6413.965,494.421,474.7895465
0,2199.895879,6921.9565,507.9915,1697.05047
0,3902.091261,7439.3613,517.4048,1702.195382
0,5650.745575,7965.6987,526.3374,1748.654314
0,6896.563883,8501.456,535.7573,1245.818308
0,8109.698285,9047.22,545.764,1213.134402
0,9223.547152,9603.472,556.252,1113.848867
0,10393.04038,10171.0625,567.5905,1169.493228
0,11648.52019,10751.219,580.1565,1255.47981
0,13189.13136,11344.223,593.004,1540.61117
0.349211836,14536.18128,11949.965,605.742,1347.04992
4.707065819,16068.72207,12567.837,617.872,1532.54079
7.030143805,17205.16164,13196.156,628.319,1136.43957
7.955613938,18314.82011,13832.865,636.709,1109.65847
8.695035951,18920.93473,14475.168,642.303,606.11462
11.00076051,20237.47884,15118.974,643.806,1316.54411
12.77876106,21614.91911,15758.963,639.989,1377.44027
13.57252489,23417.48797,16390.697,631.734,1802.56886
13.6171875,24893.95561,17010.723,620.026,1476.46764
13.3431969,26188.34845,17616.422,605.699,1294.39284
13.27668695,27605.09831,18205.57,589.148,1416.74986
13.35287611,28984.80241,18775.918,570.348,1379.7041
13.42699115,30583.38122,19325.719,549.801,1598.57881
13.47856748,31921.46585,19853.908,528.189,1338.08463
12.39926715,33029.38772,20360.654,506.746,1107.92187
9.748064159,33460.4122,20848.596,487.942,431.02448
6.654867257,34200.82937,21321.781,473.185,740.41717
4.634679204,34978.69856,21784.004,462.223,777.86919
1.531664823,35819.33393,22238.303,454.299,840.63537
0.026548673,36562.46045,22687.617,449.314,743.12652
0,37271.10509,23134.035,446.418,708.64464
0,37842.12016,23579.188,445.153,571.01507
0,38370.88178,24023.865,444.677,528.76162
0,38865.62168,24469.064,445.199,494.7399
0,39407.42658,24915.713,446.649,541.8049
0,39873.28789,25364.74,449.027,465.86131
0,40438.22995,25817.04,452.3,564.94206
0,40950.65998,26273.559,456.519,512.43003
0,41481.37237,26735.182,461.623,530.71239
0,42008.47027,27202.99,467.808,527.0979
0,42562.09859,27678.113,475.123,553.62832
0,43108.04466,28161.877,483.764,545.94607
0,43643.05227,28655.781,493.904,535.00761
0,44204.56333,29161.432,505.651,561.51106
0,44753.64671,29680.664,519.232,549.08338
0,45315.81388,30215.445,534.781,562.16717
0,45828.90514,30767.994,552.549,513.09126
0,46392.33476,31340.635,572.641,563.42962
0,46906.67105,31935.85,595.215,514.33629
0,47469.97027,32556.193,620.343,563.29922
0,47932.37832,33204.223,648.03,462.40805
0.90161781,48262.79231,33882.574,678.351,330.41399
2.994330752,48654.49972,34592.523,709.949,391.70741
4.644081858,49050.87154,35333.848,741.325,396.37182
7.233061394,49847.92132,36104.293,770.445,797.04978
10.61843197,50897.8508,36899.65,795.357,1049.92948
14.31229259,52352.6846,37714.69,815.04,1454.8338
18.07708794,53954.84098,38545.32,830.63,1602.15638
20.95056692,55270.80213,39388.902,843.582,1315.96115
22.71792035,56280.54729,40243.14,854.238,1009.74516
24.38965708,57346.88468,41105.48,862.34,1066.33739
26.6772677,58913.0531,41972.91,867.43,1566.16842
28.95706582,60241.60772,42843.02,870.11,1328.55462
31.0210177,61650.60329,43716.39,873.37,1408.99557
31.99336283,62518.52088,44590.98,874.59,867.91759
32.07190265,63127.27378,45465.195,874.215,608.7529
31.84955752,63633.81762,46338.043,872.848,506.54384
31.57411504,64114.51632,47208.867,870.824,480.6987
31.30088496,64710.87887,48077.15,868.283,596.36255
31.11456029,65257.30199,48942.402,865.252,546.42312
30.91689712,65913.01881,49804.133,861.731,655.71682
30.7920354,66443.29231,50661.812,857.679,530.2735
30.65203263,67104.94718,51514.832,853.02,661.65487
30.625,67691.67575,52362.465,847.633,586.72857
30.625,68377.30752,53203.81,841.345,685.63177
30.625,68987.77876,54037.78,833.97,610.47124
30.625,69623.71612,54863.13,825.35,635.93736
30.67809735,70249.21834,55678.4,815.27,625.50222
30.85619469,70950.90445,56481.883,803.483,701.68611
30.94358407,71614.09264,57271.61,789.727,663.18819
31,72242.08048,58045.45,773.84,627.98784
31.03761062,72927.81886,58801.098,755.648,685.73838
31.10985896,73535.53595,59536.098,735,607.71709
31.14988938,74231.31485,60247.88,711.782,695.7789
31.20381637,74827.99157,60933.855,685.975,596.67672
31.25,75493.14076,61591.53,657.675,665.14919
31.12894082,76088.35232,62218.688,627.158,595.21156
30.10723175,76525.93874,62813.72,595.032,437.58642
27.35259956,76701.66496,63376.18,562.46,175.72622
24.75442478,76719.64063,63907.33,531.15,17.97567
21.64180033,76729.74281,64409.098,501.768,10.10218
18.42097622,76963.96322,64884.445,475.347,234.22041
16.06208518,77225.13814,65337.086,452.641,261.17492
13.9663302,77468.79231,65769.984,432.898,243.65417
11.26603982,77640.1698,66185.58,415.596,171.37749
8.331374447,77838.67298,66587.016,401.436,198.50318
4.521086836,78037.18238,66977.516,390.5,198.5094
1.201949668,78310.61186,67360.21,382.694,273.42948
0.024681969,78552.10523,67737.78,377.57,241.49337
0,78754.16759,68111.984,374.204,202.06236
0,78969.63924,68484.46,372.476,215.47165
0,79166.83117,68856.28,371.82,197.19193
0,79384.2453,69228.586,372.306,217.41413
0,79586.88675,69602.41,373.824,202.64145
0,79805.54909,69978.6,376.19,218.66234
0,79999.37279,70358.1,379.5,193.8237
0,80202.16773,70741.945,383.845,202.79494
0,80404.41814,71131.14,389.195,202.25041
0,80576.80296,71526.87,395.73,172.38482
0,80792.41662,71930.41,403.54,215.61366
0,80975.30379,72343.13,412.72,182.88717
0,81197.34859,72766.6,423.47,222.0448
0,81381.69953,73202.53,435.93,184.35094
0,81594.25747,73652.83,450.3,212.55794
0,81794.35205,74119.56,466.73,200.09458
0,81994.28844,74604.99,485.43,199.93639
0,82208.60454,75111.5,506.51,214.3161
0,82414.1203,75641.55,530.05,205.51576
0,82628.57329,76197.61,556.06,214.45299
0,82818.65169,76782.05,584.44,190.0784
0.164477323,83058.38274,77396.92,614.87,239.73105
1.503318584,83352.98783,78043.75,646.83,294.60509
3.168487279,83808.13067,78722.31,678.56,455.14284
6.62963219,84566.56305,79430.414,708.104,758.43238
8.779867257,85475.43238,80164.88,734.466,908.86933
10.73160951,86274.57218,80923.555,758.675,799.1398
12.69365321,87341.04522,81703.945,780.39,1066.47304
14.70132743,88201.90072,82505.1,801.155,860.8555
16.49557522,89157.80572,83327.65,822.55,955.905
18.3803927,90023.99558,84171.37,843.72,866.18986
20.17284292,91026.92091,85035.33,863.96,1002.92533
22.09983407,91980.05738,85917.97,882.64,953.13647
23.86144912,93163.9393,86817.85,899.88,1183.88192
25.52488938,94107.20617,87734.59,916.74,943.26687
27.08476217,95170.78236,88670.13,935.54,1063.57619
28.61946903,96132.05973,89623.586,953.456,961.27737
30.23990597,97238.1297,90593.62,970.034,1106.06997
31.82860896,98281.51162,91578.53,984.91,1043.38192
33.71059181,99540.00277,92576.33,997.8,1258.49115
35.75926438,100886.1081,93584.68,1008.35,1346.10533
37.50331858,102175.4599,94601.17,1016.49,1289.3518
38.98748617,103619.1088,95623.72,1022.55,1443.6489
40.38779038,104870.717,96652.18,1028.46,1251.6082
41.80565542,106309.7967,97685.555,1033.375,1439.0797
43.64159292,107731.1181,98721.6,1036.045,1421.3214
45.61386892,109525.122,99757.6,1036,1794.0039
47.68846792,111130.4046,100790.65,1033.05,1605.2826
49.15286228,112719.9092,101817.92,1027.27,1589.5046
49.29728982,113533.1402,102837.3,1019.38,813.231
49.09637721,114179.3211,103848.125,1010.825,646.1809
48.7680448,114651.1177,104851.414,1003.289,471.7966
48.54646018,115283.9194,105847.29,995.876,632.8017
48.38398783,115925.7996,106835.77,988.48,641.8802
48.28159569,116662.1998,107816.39,980.62,736.4002
48.29639104,117406.4469,108788.52,972.13,744.2471
48.37582965,118181.4295,109751.4,962.88,774.9826
48.45326327,119002.8446,110704.164,952.764,821.4151
48.4940542,119656.3819,111645.94,941.776,653.5373
48.33268805,120354.3868,112575.94,930,698.0049
47.76631637,120755.0835,113493.59,917.65,400.6967
46.34015487,120880.2825,114398.74,905.15,125.199
44.58655973,120881.2031,115291.7,892.96,0.9206
41.73237002,120881.2031,116173.1,881.4,0
38.94821626,120881.2031,117043.4,870.3,0
36.84935011,120881.2031,117902.39,858.99,0
35.28097345,120881.2031,118751.125,848.735,0
34.17685288,121244.9596,119590.4,839.275,363.7565
33.75442478,121773.8182,120420.56,830.16,528.8586
33.79756637,122519.5307,121241.414,820.854,745.7125
33.95167312,123188.7027,122052.22,810.806,669.172
34.06768529,123887.8476,122851.86,799.64,699.1449
34.31747788,124607.8468,123638.93,787.07,719.9992
34.46591538,125247.9614,124411.71,772.78,640.1146
34.64677821,125980.16,125168.25,756.54,732.1986
34.77931416,126600.7174,125906.37,738.12,620.5574
34.8924917,127311.5801,126623.73,717.36,710.8627
34.98416759,127883.7165,127317.914,694.184,572.1364
35.0282771,128532.0214,127986.54,668.626,648.3049
35.02502765,129132.9683,128627.38,640.84,600.9469
34.62126659,129646.2208,129238.61,611.23,513.2525
31.66046737,129884.6806,129819.2,580.59,238.4598
29.26673119,129964.7544,130369.88,550.68,80.0738
27.07411504,130154.3675,130891.984,522.104,189.6131
24.47801438,130405.1159,131386.98,494.996,250.7484
21.67740597,130564.117,131857.66,470.68,159.0011
18.65251659,130746.4994,132306.66,449,182.3824
15.20443861,130900.1135,132736.67,430.01,153.6141
11.09195243,131092.9939,133150.52,413.85,192.8804
8.09056969,131242.8931,133551.17,400.65,149.8992
5.387721239,131428.7665,133941.53,390.36,185.8734
1.881014934,131630.0159,134324.36,382.83,201.2494
0.082204093,131872.021,134702.39,378.03,242.0051
0,132096.2767,135077.7,375.31,224.2557
0,132330.486,135451.62,373.92,234.2093
0,132534.9363,135825.17,373.55,204.4503
0,132749.2373,136199.42,374.25,214.301
0,132943.4285,136575.39,375.97,194.1912
0,133146.3534,136954.02,378.63,202.9249
0,133353.7204,137336.2,382.18,207.367
0,133552.6141,137722.89,386.69,198.8937
0,133750.6735,138115.05,392.16,198.0594
0,133960.4209,138513.67,398.62,209.7474
0,134144.661,138919.84,406.17,184.2401
0,134368.2369,139334.73,414.89,223.5759
0,134564.5214,139759.44,424.71,196.2845
0,134775.6983,140195.16,435.72,211.1769
0,134967.207,140643,447.84,191.5087
0,135186.1787,141103.97,460.97,218.9717
0,135374.6774,141578.84,474.87,188.4987
0,135590.6706,142068.08,489.24,215.9932
0,135788.9672,142571.53,503.45,198.2966
0.984305863,136066.2918,143088.36,516.83,277.3246
3.330959624,136519.7808,143615.75,527.39,453.489
6.750898783,137282.1269,144148.08,532.33,762.3461
9.915237832,138289.0737,144679.4,531.32,1006.9468
13.62368639,139663.7362,145203.3,523.9,1374.6625
15.43839878,140526.2588,145716.1,512.8,862.5226
15.37762721,140893.7507,146216.36,500.26,367.4919
14.80123064,141193.0223,146702.84,486.48,299.2716
14.30530973,141497.3219,147174.25,471.41,304.2996
13.9957135,141819.4152,147629.52,455.27,322.0933
13.86946903,142151.5402,148068.3,438.78,332.125
13.50290376,142454.9079,148490.58,422.28,303.3677
11.35460454,142759.7551,148897.17,406.59,304.8472
6.920146571,142968.2694,149290.56,393.39,208.5143
3.003733407,143216.5065,149674.52,383.96,248.2371
1.135577987,143434.8704,150052.19,377.67,218.3639
0.019081858,143714.0651,150425.8,373.61,279.1947
0,143945.8146,150797.03,371.23,231.7495
0,144180.4056,151167.22,370.19,234.591
0,144356.3032,151537.45,370.23,175.8976
0,144549.5257,151908.72,371.27,193.2225
0,144741.8505,152281.94,373.22,192.3248
0,144935.4299,152658.02,376.08,193.5794
0,145141.2443,153037.89,379.87,205.8144
0,145331.6233,153422.5,384.61,190.379
0,145533.19,153812.95,390.45,201.5667
0,145721.9694,154210.45,397.5,188.7794
0,145923.0275,154616.31,405.86,201.0581
0,146131.2286,155031.98,415.67,208.2011
0,146320.0979,155459.08,427.1,188.8693
0,146534.7309,155899.42,440.34,214.633
0,146712.5897,156355.02,455.6,177.8588
0,146943.1943,156828.02,473,230.6046
0,147130.9968,157320.78,492.76,187.8025
0,147344.7535,157835.83,515.05,213.7567
0,147538.7064,158375.7,539.87,193.9529
0,147753.9223,158942.98,567.28,215.2159
0,147946.3075,159540.14,597.16,192.3852
0.02855365,148183.5339,160169.19,629.05,237.2264
1.261061947,148433.078,160831.6,662.41,249.5441
2.771985619,148809.4956,161527.47,695.87,376.4176
5.726769912,149416.1864,162255.12,727.65,606.6908
8.920353982,150387.5152,163010.38,755.26,971.3288
12.10965155,151502.1999,163789.3,778.92,1114.6847
15.73326881,152801.1626,164588.36,799.06,1298.9627
18.68881361,153974.7176,165405.12,816.76,1173.555
20.10066372,154732.0658,166238.14,833.02,757.3482
21.97345133,155752.0261,167084.66,846.52,1019.9603
24.29355642,156940.586,167941.42,856.76,1188.5599
26.62506914,158248.341,168805.16,863.74,1307.755
28.95132743,159599.1813,169674.2,869.04,1350.8403
30.62479259,160643.7335,170548.56,874.36,1044.5522
31.27931416,161409.5561,171426.25,877.69,765.8226
31.39677821,161978.5918,172305.84,879.59,569.0357
31.42270465,162542.9335,173186.27,880.43,564.3417
31.5,163142.5001,174066.56,880.29,599.5666
31.53982301,163741.7147,174945.81,879.25,599.2146
31.69150996,164439.6131,175823.05,877.24,697.8984
31.75,165025.6757,176697.27,874.22,586.0626
31.75,165701.8505,177567.47,870.2,676.1748
31.73561947,166262.5364,178432.67,865.2,560.6859
31.67381084,166861.6668,179291.81,859.14,599.1304
31.62707412,167426.4587,180143.75,851.94,564.7919
31.625,168029.0897,180987.23,843.48,602.631
31.625,168641.2394,181820.86,833.63,612.1497
31.625,169224.3529,182643.05,822.19,583.1135
31.625,169843.0696,183452.08,809.03,618.7167
31.55862832,170420.2476,184246.06,793.98,577.178
31.5,170994.4374,185023,776.94,574.1898
31.42920354,171537.0839,185780.75,757.75,542.6465
31.25884956,172087.7441,186517.08,736.33,550.6602
31.20996958,172635.4722,187229.69,712.61,547.7281
31.06927544,173195.052,187916.25,686.56,559.5798
30.96978706,173745.1009,188574.58,658.33,550.0489
30.84955752,174321.2876,189202.73,628.15,576.1867
29.46342644,174752.8939,189799.3,596.57,431.6063
26.05731471,174973.152,190364.19,564.89,220.2581
24.05842091,175005.9375,190898.92,534.73,32.7855
22.16710454,175012.349,191404.89,505.97,6.4115
20.35204646,175183.2796,191884.06,479.17,170.9306
18.43667035,175577.77,192339.6,455.54,394.4904
14.98306139,175792.3226,192773.8,434.2,214.5526
10.49854812,175985.0065,193190.33,416.53,192.6839
7.163647677,176152.9917,193592.64,402.31,167.9852
4.564643252,176356.1821,193983.95,391.31,203.1904
1.581512721,176571.0448,194367.08,383.13,214.8627
0.041344027,176824.0762,194744.69,377.61,253.0314
0,177054.3746,195118.83,374.14,230.2984
0,177288.1684,195490.83,372,233.7938
0,177499.7287,195861.83,371,211.5603
0,177716.9038,196232.89,371.06,217.1751
0,177925.483,196605.02,372.13,208.5792
0,178147.0904,196979.16,374.14,221.6074
0,178346.6409,197356.27,377.11,199.5505
0,178561.8518,197737.3,381.03,215.2109
0,178753.2667,198123.31,386.01,191.4149
0,178974.6315,198515.38,392.07,221.3648
0,179167.2786,198914.72,399.34,192.6471
0,179394.9783,199322.7,407.98,227.6997
0,179579.3832,199740.88,418.18,184.4049
0,179795.2803,200170.92,430.04,215.8971
0,179981.5325,200614.62,443.7,186.2522
0,180211.2483,201073.98,459.36,229.7158
0,180402.7092,201551.16,477.18,191.4609
0,180614.4462,202048.45,497.29,211.737
0,180803.4765,202568.31,519.86,189.0303
0,181003.4184,203113.12,544.81,199.9419
0,181215.1515,203685.17,572.05,211.7331
0.096238938,181397.9643,204286.55,601.38,182.8128
1.397746128,181693.7344,204918.81,632.26,295.7701
2.894358407,181995.0035,205582.11,663.3,301.2691
5.895810288,182638.745,206274.9,692.79,643.7415
8.623893805,183423.8132,206994.19,719.29,785.0682
10.96792035,184322.8025,207737.69,743.5,898.9893
13.14746958,185221.7165,208503.42,765.73,898.914
14.10266869,185796.9632,209293.02,789.6,575.2467
14.82591261,186367.0288,210106.78,813.76,570.0656
16.12244192,186962.8256,210944.78,838,595.7968
18.14221515,187889.7167,211806.72,861.94,926.8911
20.54134403,188904.7981,212690.67,883.95,1015.0814
23.2060979,190106.9523,213594.14,903.47,1202.1542
25.5096792,191278.8862,214514.58,920.44,1171.9339
27.66330199,192413.4255,215451.02,936.44,1134.5393
29.43521847,193469.5884,216404.36,953.34,1056.1629
31.25815819,194561.0759,217372.98,968.62,1091.4875
33.01292865,195661.6968,218355,982.02,1100.6209
34.78353153,196898.9945,219348.48,993.48,1237.2977
36.37486173,198031.6155,220351.58,1003.1,1132.621
37.58490044,199217.0245,221362.77,1011.19,1185.409
38.80060841,200289.8278,222382.78,1020.01,1072.8033
39.96121405,201325.6377,223410.8,1028.02,1035.8099
41.4579646,202650.3927,224445.06,1034.26,1324.755
43.43162334,204028.2858,225483.3,1038.24,1377.8931
45.46045354,205753.803,226522.73,1039.43,1725.5172
47.51963496,207223.0554,227560.44,1037.71,1469.2524
49.02544248,208748.5407,228593.61,1033.17,1525.4853
49.23693308,209578.5206,229620.1,1026.49,829.9799
49.10121681,210142.6778,230639.42,1019.32,564.1572
49.00165929,210822.9495,231651.9,1012.48,680.2717
49.03138827,211425.3555,232657.81,1005.91,602.406
49.18203816,212284.3382,233656.58,998.77,858.9827
49.40210177,213006.0221,234647.31,990.73,721.6839
49.64373617,213928.2004,235628.94,981.63,922.1783
49.85197732,214698.3216,236600.28,971.34,770.1212
50.03214878,215532.5881,237560.16,959.88,834.2665
50.17830476,216259.8621,238507.45,947.29,727.274
49.57252489,216760.9864,239441.28,933.83,501.1243
48.15784015,216834.7188,240361.27,919.99,73.7324
46.62029867,216834.7188,241267.62,906.35,0
45.15645741,216834.7188,242160.83,893.21,0
42.24626659,216834.7188,243041.52,880.69,0
38.68203816,216834.7188,243910.78,869.26,0
36.840224,216834.7188,244768.27,857.49,0
35.54051438,217017.3736,245614.8,846.53,182.6548
34.82591261,217566.0227,246450.98,836.18,548.6491
34.47725387,218085.1466,247277.02,826.04,519.1239
34.11442201,218542.9253,248092.72,815.7,457.7787
33.87002212,219026.4676,248897.72,805,483.5423
33.63827434,219464.5527,249691.36,793.64,438.0851
33.42146018,219939.9132,250472.75,781.39,475.3605
33.25553097,220388.5368,251240.75,768,448.6236
33.27143252,220954.553,251993.88,753.13,566.0162
33.47856748,221537.35,252730.34,736.46,582.797
33.77848451,222255.0946,253448,717.66,717.7446
34.08517699,222891.9304,254144.48,696.48,636.8358
34.47255254,223633.15,254817.34,672.86,741.2196
34.72324392,224220.3262,255464.2,646.86,587.1762
34.75269635,224859.051,256083.03,618.83,638.7248
32.94068031,225193.9349,256672.48,589.45,334.8839
28.51894358,225305.1995,257232.77,560.29,111.2646
25.17553927,225507.4782,257766.16,533.39,202.2787
23.69137168,225726.8662,258274.02,507.86,219.388
22.48769358,225937.8619,258758.17,484.15,210.9957
20.55461836,226150.7624,259219.61,461.44,212.9005
16.99377765,226366.8014,259660.06,440.45,216.039
12.97448838,226534.3655,260082.58,422.52,167.5641
10.14532633,226705.6379,260490.31,407.73,171.2724
7.418418142,226860.1359,260885.94,395.63,154.498
4.803373894,227064.236,261272.16,386.22,204.1001
1.082342367,227257.4602,261651.61,379.45,193.2242
0.005530973,227500.3927,262027.08,375.47,242.9325
0,227702.0239,262400.4,373.32,201.6312
0,227947.569,262773,372.6,245.5451
0,228153.8881,263146.06,373.06,206.3191
0,228388.4802,263520.78,374.72,234.5921
0,228598.4598,263898.25,377.47,209.9796
0,228803.7929,264279.53,381.28,205.3331
0,229015.2493,264665.66,386.13,211.4564
0,229221.7665,265057.62,391.96,206.5172
0,229421.7331,265456.44,398.82,199.9666
0,229626.2349,265863.22,406.78,204.5018
0,229818.0763,266279.16,415.94,191.8414
0,230022.7456,266705.47,426.31,204.6693
0,230203.8485,267143.34,437.87,181.1029
0,230412.9587,267593.9,450.56,209.1102
0,230590.7391,268058.28,464.38,177.7804
0,230789.6832,268537.38,479.1,198.9441
0,230963.8241,269031.66,494.28,174.1409
0,231162.4862,269541.1,509.44,198.6621
0.603636615,231377.4533,270064.8,523.7,214.9671
2.896155973,231763.057,270600.47,535.67,385.6037
7.145049779,232590.3173,271142.25,541.78,827.2603
10.86725664,233606.8758,271683.6,541.35,1016.5585
14.01472622,234709.0868,272218.5,534.9,1102.211
14.88184458,235297.1444,272744.94,526.44,588.0576
15,235683.2048,273261.16,516.22,386.0604
15.12831858,236065.1416,273765.47,504.31,381.9368
15.26313606,236447.1828,274255.78,490.31,382.0412
15.36262445,236815.448,274730.28,474.5,368.2652
15.3755531,237167.9481,275187.56,457.28,352.5001
15.27475111,237559.1358,275626.78,439.22,391.1877
13.72670077,237825.1576,276048.12,421.34,266.0218
9.775165929,238083.9443,276453.62,405.5,258.7867
5.965707965,238272.6269,276846.9,393.28,188.6826
2.609582412,238510.5361,277231.53,384.63,237.9092
0.427959071,238725.4353,277610.34,378.81,214.8992
0,238968.2895,277985.56,375.22,242.8542
0,239173.5317,278358.78,373.22,205.2422
0,239385.9985,278731.2,372.42,212.4668
0,239564.2618,279103.94,372.74,178.2633
0,239766.9968,279478.12,374.18,202.735
0,239945.8577,279854.78,376.66,178.8609
0,240157.6824,280234.94,380.16,211.8247
0,240317.9056,280619.66,384.72,160.2232
0,240521.501,281010.03,390.37,203.5954
0,240727.548,281407.25,397.22,206.047
0,240938.8386,281812.62,405.37,211.2906
0,241124.8099,282227.7,415.08,185.9713
0,241328.3197,282654.06,426.36,203.5098
0,241502.7862,283093.62,439.56,174.4665
0,241713.3225,283548.4,454.78,210.5363
0,241886.5682,284020.56,472.16,173.2457
0,242097.2706,284512.4,491.84,210.7024
0,242276.7424,285026.5,514.1,179.4718
0,242475.2974,285565.34,538.84,198.555
0,242664.7207,286131.53,566.19,189.4233
0,242846.1769,286727.5,595.97,181.4562
0,243053.4274,287355.25,627.75,207.2505
0.729327987,243295.1081,288016.1,660.85,241.6807
2.661642699,243646.4032,288710.25,694.15,351.2951
6.163716814,244312.9274,289435.25,725,666.5242
9.141454646,245121.3776,290187.28,752.03,808.4502
12.55302821,246280.883,290962.47,775.19,1159.5054
15.55890487,247358.2033,291757.72,795.25,1077.3203
18.12748894,248356.418,292571.22,813.5,998.2147
20.14933628,249262.7096,293401.38,830.16,906.2916
22.73451327,250406.4827,294244.9,843.52,1143.7731
25.17415653,251628.2555,295098.28,853.38,1221.7728
27.27108684,252753.7013,295958.72,860.44,1125.4458
28.96460177,253779.3469,296826.78,868.06,1025.6456
30.54528485,254707.5615,297700.38,873.6,928.2146
31.72179204,255705.2353,298577.25,876.87,997.6738
32.26700774,256401.6258,299455.38,878.13,696.3905
32.4838219,257083.6722,300333.22,877.84,682.0464
32.32148783,257520.6546,301209.56,876.34,436.9824
31.98472069,257989.4389,302083.62,874.06,468.7843
31.6460177,258378.3663,302954.84,871.22,388.9274
31.27710177,258877.4374,303822.78,867.94,499.0711
30.9170354,259285.5241,304687,864.22,408.0867
30.65044248,259772.8107,305547.03,860.03,487.2866
30.62451604,260282.7958,306402.25,855.22,509.9851
30.75331858,260921.0275,307251.75,849.5,638.2317
30.95685841,261534.9881,308094.3,842.55,613.9606
31.1670354,262158.4882,308928.44,834.14,623.5001
31.30247511,262777.7447,309752.53,824.09,619.2565
31.47407356,263395.0527,310564.75,812.22,617.308
31.56056416,263980.3265,311363.12,798.37,585.2738
31.52170907,264519.6177,312145.53,782.41,539.2912
31.4146156,265005.5375,312909.8,764.27,485.9198
31.34001659,265558.0848,313653.7,743.9,552.5473
31.23817754,266045.3043,314374.78,721.08,487.2195
31.11732577,266587.8942,315070.7,695.92,542.5899
31.03214878,267078.607,315739.1,668.4,490.7128
30.88986449,267598.7356,316377.84,638.74,520.1286
30.15286228,267995.3747,316985.22,607.38,396.6391
28.32300885,268267.8558,317560.4,575.18,272.4811
25.63723728,268383.625,318103.84,543.44,115.7692
23.30461836,268391.3594,318617.16,513.32,7.7344
19.97013274,268462.4804,319102.53,485.37,71.121
17.30662334,268802.9538,319563.72,461.19,340.4734
14.08185841,269025.3012,320003.8,440.08,222.3474
11.62410122,269217.7109,320425.78,421.98,192.4097
9.963702987,269356.6847,320832.66,406.88,138.9738
7.375138274,269529.6253,321226.97,394.31,172.9406
3.019081858,269709.0738,321611.5,384.53,179.4485
0.262859513,269949.5325,321989.34,377.84,240.4587
0,270156.8804,322363,373.66,207.3479
0,270395.7494,322734.03,371.03,238.869
0,270596.7212,323103.75,369.72,200.9718
0,270828.4524,323473.3,369.55,231.7312
0,271023.0411,323843.72,370.42,194.5887
0,271262.7366,324215.94,372.22,239.6955
0,271436.2554,324590.78,374.84,173.5188
0,271651.0723,324969.25,378.47,214.8169
0,271837.1539,325352.38,383.13,186.0816
0,272046.8887,325741.22,388.84,209.7348
0,272210.5837,326137,395.78,163.695
0,272401.3818,326541,404,190.7981
0,272585.107,326954.66,413.66,183.7252
0,272805.432,327379.47,424.81,220.325
0,273010.9638,327817.2,437.73,205.5318
0,273209.9104,328269.75,452.55,198.9466
0,273423.9748,328739.25,469.5,214.0644
0,273605.2352,329227.94,488.69,181.2604
0,273804.9152,329738.22,510.28,199.68
0,273984.9441,330272.53,534.31,180.0289
0,274171.4089,330833.22,560.69,186.4648
0.066371681,274363.3068,331422.4,589.18,191.8979
1.334070796,274582.7703,332041.8,619.4,219.4635
2.64795354,274874.574,332692.03,650.23,291.8037
5.337251106,275339.0566,333372.2,680.17,464.4826
7.346861173,275999.7641,334080.03,707.83,660.7075
9.331650996,276578.0065,334814.12,734.09,578.2424
11.21619192,277429.1036,335572.53,758.41,851.0971
13.19814712,278152.3574,336354.8,782.27,723.2538
14.64000277,278922.3803,337161.25,806.45,770.0229
16.44711007,279684.3421,337991.1,829.85,761.9618
18.52779314,280515.354,338844.25,853.15,831.0119
20.74910122,281446.9368,339719.4,875.15,931.5828
23.10833794,282553.2648,340614.78,895.38,1106.328
24.87824945,283489.1456,341529,914.22,935.8808
26.26403485,284308.2006,342463.94,934.94,819.055
27.59679204,285062.7275,343419.75,955.81,754.5269
29.13087666,286104.1231,344395.6,975.85,1041.3956
31.02433628,287137.8541,345390.1,994.5,1033.731
33.03761062,288387.2261,346401.4,1011.3,1249.372
35.20582135,289630.3001,347427.44,1026.04,1243.074
37.17408739,290900.4375,348465.94,1038.5,1270.1374
38.78014381,292254.2306,349514.97,1049.03,1353.7931
40.28691925,293391.8671,350574.3,1059.33,1137.6365
41.91420077,294818.7706,351643.47,1069.17,1426.9035
43.73589602,296089.6399,352720.38,1076.91,1270.8693
45.57411504,297663.5348,353802.53,1082.15,1573.8949
47.46031527,299161.5614,354887.22,1084.69,1498.0266
48.55613938,300362.6473,355971.62,1084.4,1201.0859
48.85965155,301192.9046,357053.28,1081.66,830.2573
48.77495852,301802.8301,358130.2,1076.92,609.9255
48.81872235,302598.8964,359200.56,1070.36,796.0663
49.00511615,303382.6144,360262.62,1062.06,783.718
49.19780144,304360.19,361314.56,1051.94,977.5756
49.40749447,305167.741,362354.66,1040.1,807.551
49.59381914,306123.2562,363381.34,1026.68,955.5152
49.80876659,306918.5153,364393.34,1012,795.2591
49.7613385,307774.9902,365389.88,996.54,856.4749
49.60501936,308396.3551,366371.53,981.65,621.3649
49.30689989,308967.9076,367339.56,968.03,571.5525
48.40749447,309253.4562,368295.75,956.19,285.5486
46.70948562,309576.8144,369241.4,945.65,323.3582
44.01887445,309806.2775,370177.5,936.1,229.4631
41.46529314,309841.8125,371105.88,928.38,35.535
39.22483407,309841.8125,372026.84,920.96,0
37.59464878,309841.8125,372941.6,914.76,0
36.23285398,309877.5317,373851.75,910.15,35.7192
35.28774889,310250.0469,374758.84,907.09,372.5152
34.58531527,310727.1688,375664.03,905.19,477.1219
34.2457135,311188.9809,376567.8,903.77,461.8121
34.21792035,311799.5892,377470.22,902.42,610.6083
34.41420077,312368.6858,378371.53,901.31,569.0966
34.55164546,312906.2489,379272,900.47,537.5631
34.70243363,313548.723,380170.75,898.75,642.4741
34.66668971,314043.2237,381066.22,895.47,494.5007
34.48271571,314500.0183,381956.06,889.84,456.7946
34.28277102,314908.4118,382836.72,880.66,408.3935
33.97808352,315319.1995,383702.94,866.22,410.7877
33.79991704,315710.3856,384547.1,844.16,391.1861
33.6610896,316138.9309,385358.38,811.28,428.5453
33.37423949,316530.9831,386121.5,763.12,392.0522
32.17526272,316837.9907,386815.34,693.84,307.0076
29.50463219,316945.742,387410.97,595.63,107.7513
26.73036504,317127.1789,387693.72,282.75,181.4369
23.73838496,317343.042,388014.72,321,215.8631
20.73700221,317524.734,388359.34,344.62,181.692
17.9501521,317663.0335,388717.62,358.28,138.2995
15.06768529,317830.5093,389082.66,365.04,167.4758
12.04348728,317979.0731,389450.03,367.37,148.5638
9.317477876,318114.8895,389817.25,367.22,135.8164
6.357923119,318270.003,390183.28,366.03,155.1135
3.312914823,318452.395,390548.16,364.88,182.392
0.820519912,318649.4703,390912.47,364.31,197.0753
0.008849558,318848.5852,391277.1,364.63,199.1149
0,319040.1157,391642.62,365.52,191.5305
0,319244.6914,392009.4,366.78,204.5757
0,319402.9746,392377.97,368.57,158.2832
0,319608.3449,392748.94,370.97,205.3703
0,319781.2987,393122.97,374.03,172.9538
0,319976.4668,393500.8,377.83,195.1681
0,320137.2046,393883.25,382.45,160.7378
0,320321.223,394271.2,387.95,184.0184
0,320490.3003,394665.5,394.3,169.0773
0,320684.022,395067.22,401.72,193.7217
0,320862.3462,395477.38,410.16,178.3242
0,321059.0528,395897.1,419.72,196.7066
0,321222.5713,396327.56,430.46,163.5185
0,321409.0351,396769.84,442.28,186.4638
0,321578.6182,397224.97,455.13,169.5831
0,321759.5434,397693.72,468.75,180.9252
0,321919.3382,398176.66,482.94,159.7948
0,322108.3291,398673.78,497.12,188.9909
0.453401549,322299.54,399184.3,510.52,191.2109
2.305378872,322613.4112,399706.16,521.86,313.8712
6.497580199,323345.2161,400234.5,528.34,731.8049
10.09451051,324305.1477,400762.53,528.03,959.9316
12.97739215,325246.8751,401284.72,522.19,941.7274
14.24260232,325915.385,401798.56,513.84,668.5099
13.89836836,326219.8724,402302.97,504.41,304.4874
13.60170077,326494.1305,402796.44,493.47,274.2581
13.71204369,326823.4184,403276.9,480.46,329.2879
13.94731748,327244.2456,403742.5,465.6,420.8272
14.02986726,327581.3385,404191.9,449.4,337.0929
13.70436947,327891.0588,404624.72,432.82,309.7203
12.23167865,328094.6055,405042.16,417.44,203.5467
9.677889934,328324.988,405445.66,403.5,230.3825
7.89332135,328504.0975,405837.9,392.24,179.1095
4.864836836,328730.0313,406221.2,383.3,225.9338
1.104327987,328923.7363,406598.12,376.92,193.705
0.015486726,329157.7934,406971.28,373.16,234.0571
0,329333.7934,407342.38,371.1,176
0,329528.4303,407712.6,370.22,194.6369
0,329705.3108,408083.03,370.43,176.8805
0,329887.7985,408454.72,371.69,182.4877
0,330075.2305,408828.72,374,187.432
0,330230.5928,409206.06,377.34,155.3623
0,330409.9748,409587.9,381.84,179.382
0,330567.354,409975.34,387.44,157.3792
0,330752.7606,410369.53,394.19,185.4066
0,330919.7023,410771.78,402.25,166.9417
0,331117.7564,411183.53,411.75,198.0541
0,331283.9127,411606.4,422.87,166.1563
0,331468.5283,412042.2,435.8,184.6156
0,331643.9206,412492.8,450.6,175.3923
0,331815.7929,412960.53,467.73,171.8723
0,332008.4903,413447.56,487.03,192.6974
0,332173.4266,413956.34,508.78,164.9363
0,332363.633,414489.47,533.13,190.2064
0,332529.7739,415049.38,559.91,166.1409
0,332716.6305,415638.47,589.09,186.8566
0,332888.7204,416258.78,620.31,172.0899
1.079300332,333150.2774,416911.6,652.82,261.557
2.993501106,333452.0794,417597.1,685.5,301.802
5.901341261,334026.6153,418313.4,716.3,574.5359
8.097483407,334643.3063,419057.62,744.22,616.691
10.48561947,335434.3097,419826.84,769.22,791.0034
13.76472622,336524.3803,420617.1,790.26,1090.0706
17.05565542,337650.9504,421426.38,809.28,1126.5701
19.94669524,338718.6737,422252.12,825.74,1067.7233
22.81747788,339811.9275,423091.6,839.48,1093.2538
25.29860343,340941.755,423941.03,849.43,1129.8275
27.45810288,342061.8919,424798.03,857,1120.1369
29.26707688,342978.7062,425662.8,864.77,916.8143
30.77039546,343976.7511,426533.06,870.26,998.0449
31.64926715,344715.8804,427406.56,873.5,739.1293
31.98824668,345345.7535,428281.6,875.04,629.8731
31.96792035,345836.0524,429156.84,875.24,490.2989
31.71370299,346279.719,430031.4,874.56,443.6666
31.40936117,346731.911,430904.62,873.22,452.192
31.04549226,347125.4047,431776.03,871.41,393.4937
30.84243639,347613.0572,432645.2,869.17,487.6525
30.83897954,348095.1374,433511.5,866.3,482.0802
30.91779591,348700.3339,434374.22,862.72,605.1965
30.98783186,349195.7022,435232.4,858.18,495.3683
31.08939436,349835.4693,436085,852.6,639.7671
31.18549502,350339.3411,436930.78,845.78,503.8718
31.25,350940.0961,437768.38,837.6,600.755
31.31132467,351448.3338,438596.22,827.84,508.2377
31.37527655,352047.6384,439412.6,816.38,599.3046
31.45084347,352559.8234,440215.56,802.96,512.185
31.5,353137.5874,441002.97,787.41,577.764
31.56775442,353688.3966,441772.5,769.53,550.8092
31.62541482,354229.7313,442521.66,749.16,541.3347
31.73451327,354790.1991,443247.8,726.14,560.4678
31.78595133,355323.1276,443948.34,700.54,532.9285
31.80199115,355899.3827,444620.62,672.28,576.2551
31.58960177,356352.0967,445262.38,641.76,452.714
30.57432246,356785.2095,445871.94,609.56,433.1128
27.84243639,357004.2175,446448.6,576.66,219.008
25.78373894,357038.6719,446993.25,544.65,34.4544
23.43743086,357038.6719,447507.12,513.87,0
21.00311117,357089.238,447992.28,485.16,50.5661
18.84817478,357358.9599,448451.94,459.66,269.7219
15.95506084,357653.4701,448889.5,437.56,294.5102
11.63917312,357829.7604,449307.84,418.34,176.2903
7.279245022,358016.9811,449710.75,402.91,187.2207
3.591122788,358199.3861,450102,391.25,182.405
0.953055863,358425.1828,450484.84,382.84,225.7967
0.014380531,358637.9534,450862,377.16,212.7706
0,358863.572,451235.4,373.4,225.6186
0,359057.203,451606.4,371,193.631
0,359268.2564,451976.12,369.72,211.0534
0,359431.4303,452345.66,369.54,163.1739
0,359645.6043,452716,370.34,214.174
0,359827.4638,453088.16,372.16,181.8595
0,360014.4125,453463.12,374.96,186.9487
0,360180.7933,453842,378.88,166.3808
0,360358.0318,454225.78,383.78,177.2385
0,360543.0411,454615.56,389.78,185.0093
0,360704.5572,455012.5,396.94,161.5161
0,360896.7637,455417.97,405.47,192.2065
0,361074.0624,455833.4,415.43,177.2987
0,361237.2125,456260.53,427.13,163.1501
0,361427.0326,456701.2,440.67,189.8201
0,361587.3438,457157.3,456.1,160.3112
0,361783.9468,457631.03,473.73,196.603
0,361937.2666,458124.62,493.59,153.3198
0,362134.9816,458640.44,515.82,197.715
0,362294.8269,459180.88,540.44,159.8453
0,362484.9455,459748.22,567.34,190.1186
0.524059735,362677.1034,460344.47,596.25,192.1579
2.101493363,362929.4165,460970.88,626.41,252.3131
3.717436394,363212.3897,461627.72,656.84,282.9732
5.909015487,363720.5163,462313.84,686.12,508.1266
7.469648783,364205.8883,463027.9,714.06,485.372
9.170353982,364783.2373,463768.6,740.7,577.349
10.95865597,365499.1997,464534.12,765.52,715.9624
13.10944414,366285.5358,465323.7,789.58,786.3361
15.13087666,367175.9115,466137.25,813.55,890.3757
17.36601217,367948.8742,466973.78,836.53,772.9627
19.2685979,368811.8551,467833.28,859.5,862.9809
21.24557522,369605.654,468714.44,881.16,793.7989
23.09796737,370609.3171,469615.94,901.5,1003.6631
24.76659292,371427.2548,470537.22,921.28,817.9377
26.17194414,372231.4385,471480.72,943.5,804.1837
27.51769912,372976.4029,472446.2,965.48,744.9644
29.01852876,373859.0509,473432.78,986.58,882.648
31.12002212,374922.2716,474439.1,1006.32,1063.2207
33.38723728,376188.1124,475463.06,1023.96,1265.8408
35.76355088,377425.818,476502.28,1039.22,1237.7056
37.9237417,378820.5101,477554.2,1051.92,1394.6921
39.77433628,380030.4577,478616.47,1062.27,1209.9476
41.41067478,381417.9798,479688.34,1071.87,1387.5221
43.08261892,382569.9764,480769.5,1081.16,1151.9966
44.71570796,384007.3715,481857.88,1088.38,1437.3951
46.52482024,385361.5632,482951.06,1093.18,1354.1917
48.21010785,386828.8584,484046.44,1095.38,1467.2952
48.94628042,387881.3314,485141.47,1095.03,1052.473
49.00829646,388538.3562,486234.06,1092.59,657.0248
48.94634956,389180.1554,487322.56,1088.5,641.7992
48.87790376,389859.7406,488405.4,1082.84,679.5852
48.8653208,390569.9704,489481.06,1075.66,710.2298
48.80496405,391251.8191,490548.03,1066.97,681.8487
48.73064159,391933.0095,491604.78,1056.75,681.1904
48.63163717,392635.5451,492649.78,1045,702.5356
48.62285675,393279.2088,493681.53,1031.75,643.6637
48.52329923,394016.6799,494698.53,1017,737.4711
48.47199945,394684.9298,495699.4,1000.87,668.2499
47.98555033,395290.0774,496682.94,983.54,605.1476
46.67249723,395542.8059,497648.4,965.46,252.7285
45.15555863,395572.4531,498595.75,947.35,29.6472
43.71909569,395572.4531,499525.25,929.5,0
42.16212666,395572.4531,500437.44,912.19,0
40.72946626,395572.4531,501333.06,895.62,0
39.34195243,395572.4531,502212.97,879.91,0
37.82376936,395572.4531,503078.1,865.13,0
36.40445243,395572.4531,503929.44,851.34,0
35.16136615,395626.9575,504767.88,838.44,54.5044
34.33420907,396070.6618,505594.1,826.22,443.7043
33.72130808,396479.3856,506408.25,814.15,408.7238
33.48783186,396909.7219,507210.16,801.91,430.3363
33.55420354,397354.1279,507999.06,788.9,444.406
33.70962389,397943.1975,508773.75,774.69,589.0696
33.88129148,398457.12,509532.6,758.85,513.9225
34.14733131,399074.2606,510273.66,741.06,617.1406
34.47082412,399625.1397,510994.72,721.06,550.8791
34.68120852,400219.941,511693.38,698.66,594.8013
34.84298949,400788.072,512367.2,673.82,568.131
34.97676991,401339.1499,513013.84,646.64,551.0779
34.49937777,401736.1893,513631.34,617.5,397.0394
32.55475664,401942.6513,514218.5,587.16,206.462
29.95305586,401972.2813,514775.34,556.84,29.63
28.0528208,402115.9357,515303,527.66,143.6544
25.4417865,402450.5615,515803.25,500.25,334.6258
22.47255254,402654.0326,516277.97,474.72,203.4711
19.41385509,402780.2631,516730.06,452.09,126.2305
16.22289823,402929.5487,517162.12,432.06,149.2856
12.60778485,403063.8874,517576.66,414.54,134.3387
9.17871958,403206.7854,517976.3,399.64,142.898
6.107508296,403355.0949,518363.78,387.48,148.3095
3.479327987,403552.9701,518741.66,377.88,197.8752
1.167035398,403744.8675,519112.25,370.59,191.8974
0.021017699,403974.117,519477.6,365.35,229.2495
0,404155.2139,519839.22,361.62,181.0969
0,404349.6249,520198.06,358.84,194.411
0,404510.154,520554.9,356.84,160.5291
0,404699.4336,520910.44,355.54,189.2796
0,404870.335,521265.22,354.78,170.9014
0,405054.0021,521619.8,354.58,183.6671
0,405228.536,521974.72,354.92,174.5339
0,405415.7829,522330.4,355.68,187.2469
0,405575.6464,522687.38,356.98,159.8635
0,405765.3386,523046.12,358.74,189.6922
0,405934.3554,523407.12,361,169.0168
0,406124.8056,523770.97,363.85,190.4502
0,406299.2226,524138.28,367.31,174.417
0,406474.1648,524509.8,371.52,174.9422
0,406648.2084,524886.3,376.5,174.0436
0,406815.7105,525268.7,382.4,167.5021
0,406996.2059,525657.94,389.24,180.4954
0,407159.4083,526055.2,397.26,163.2024
0,407340.8386,526461.8,406.6,181.4303
0,407507.8602,526879.2,417.4,167.0216
0,407680.8046,527308.94,429.74,172.9444
0,407862.6712,527752.9,443.96,181.8666
0,408016.7243,528212.94,460.04,154.0531
0,408200.2168,528691.25,478.31,183.4925
0,408364.4605,529189.94,498.69,164.2437
0,408550.661,529711.2,521.26,186.2005
0,408710.999,530257.3,546.1,160.338
0,408906.5409,530830.2,572.9,195.5419
0.863938053,409103.4953,531431.3,601.1,196.9544
2.551161504,409378.2998,532061.4,630.1,274.8045
5.118570243,409810.0676,532719.4,658,431.7678
7.082204093,410333.2272,533403.44,684.04,523.1596
8.799294801,410859.4288,534112.25,708.81,526.2016
10.46881914,411502.3725,534844.1,731.85,642.9437
12.34665376,412190.3879,535598.06,753.96,688.0154
14.02198562,412889.3107,536374.94,776.88,698.9228
15.21266593,413501.3659,537174.6,799.66,612.0552
16.62831858,414121.5357,537997.4,822.8,620.1698
18.2909292,414801.6099,538843.3,845.9,680.0742
19.84354259,415585.9234,539711.7,868.4,784.3135
21.38938053,416363.1723,540601.7,890,777.2489
22.85985896,417201.5402,541512.75,911.05,838.3679
24.29611449,417990.2028,542445,932.25,788.6626
25.63440265,418773.0382,543401.4,956.4,782.8354
26.98561947,419514.5538,544382.9,981.5,741.5156
28.46570796,420430.018,545389.5,1006.6,915.4642
30.43293695,421439.5584,546420.9,1031.4,1009.5404
32.58496958,422639.5297,547476.06,1055.16,1199.9713
34.90230918,423901.9784,548553.8,1077.74,1262.4487
37.03525996,425176.8725,549652.8,1099,1274.8941
38.92339602,426573.8285,550772,1119.2,1396.956
40.49115044,427765.5744,551911.3,1139.3,1191.7459
41.95519912,429135.9183,553072.6,1161.3,1370.3439
43.66440819,430337.8927,554255.7,1183.1,1201.9744
45.10094027,431690.6303,555459.9,1204.2,1352.7376
46.6196073,432995.9663,556684.44,1224.54,1305.336
48.12907909,434320.6457,557928.2,1243.76,1324.6794
49.53332412,435761.3498,559189.9,1261.7,1440.7041
51.0492948,437095.1373,560467.94,1278.04,1333.7875
52.53954646,438714.8308,561760.4,1292.46,1619.6935
54.38779038,440315.8833,563065,1304.6,1601.0525
56.79355642,442716.6012,564379.1,1314.1,2400.7179
59.44192478,445035.6659,565699.5,1320.4,2319.0647
62.01908186,447783.8913,567022.9,1323.4,2748.2254
64.65113385,450369.2797,568346.3,1323.4,2585.3884
66.01362002,452263.1882,569668.5,1322.2,1893.9085
66.63723728,453623.6597,570990.4,1321.9,1360.4715
67.27378319,454855.0426,572311,1320.6,1231.3829
67.81346792,456287.26,573629.25,1318.25,1432.2174
68.23900719,457485.8601,574944.25,1315,1198.6001
68.69952987,458770.2948,576255.3,1311.05,1284.4347
69.08248064,459931.7608,577562,1306.7,1161.466
69.19054204,461029.2879,578864.6,1302.6,1097.5271
69.32024336,462003.4093,580165.25,1300.65,974.1214
69.44365321,462985.7087,581464.25,1299,982.2994
69.5474281,463956.4141,582761.8,1297.55,970.7054
69.63965708,464921.9206,584058.1,1296.3,965.5065
69.54480088,465730.2412,585353.4,1295.3,808.3206
69.43017146,466503.2157,586647.7,1294.3,772.9745
69.21397954,467292.5235,587941.3,1293.6,789.3078
69.11946903,468082.0467,589234.4,1293.1,789.5232
69.0595271,468885.1681,590527.1,1292.7,803.1214
69.06457412,469809.3165,591819.6,1292.5,924.1484
69.07646571,470637.6384,593111.94,1292.34,828.3219
69.10073285,471616.0607,594404.2,1292.26,978.4223
69.14283739,472391.4811,595696.3,1292.1,775.4204
69.16931692,473357.5297,596988.3,1292,966.0486
69.12665929,474128.0358,598280.25,1291.95,770.5061
69.15403761,475076.0451,599572.06,1291.81,948.0093
69.17920354,475879.2829,600863.7,1291.64,803.2378
69.21605365,476813.354,602155.1,1291.4,934.0711
69.22296737,477638.4986,603446.3,1291.2,825.1446
69.24350111,478541.5672,604737.1,1290.8,903.0686
69.2753042,479391.315,606027.5,1290.4,849.7478
69.28871681,480277.1612,607317.3,1289.8,885.8462
69.32252489,481124.6634,608606.44,1289.14,847.5022
69.32909292,482000.3738,609894.7,1288.26,875.7104
69.33953263,482889.2955,611181.94,1287.24,888.9217
69.3803927,483717.1676,612467.94,1286,827.8721
69.37389381,484641.9074,613752.5,1284.56,924.7398
69.39394358,485408.9288,615035.3,1282.8,767.0214
69.33144358,486299.0389,616316.2,1280.9,890.1101
69.28387721,487079.1374,617594.8,1278.6,780.0985
69.21902655,487950.9548,618870.9,1276.1,871.8174
69.21349558,488735.9793,620144.06,1273.16,785.0245
69.16019082,489580.6532,621413.94,1269.88,844.6739
69.10813053,490396.9275,622680,1266.06,816.2743
69.08953263,491250.0726,623941.75,1261.75,853.1451
69.03443031,492040.212,625198.56,1256.81,790.1394
69.02053374,492945.7319,626449.8,1251.24,905.5199
68.98126383,493680.3155,627694.6,1244.8,734.5836
68.92989491,494575.6315,628932.2,1237.6,895.316
68.9092229,495357.8227,630161.56,1229.36,782.1912
68.87403208,496205.7915,631381.7,1220.14,847.9688
68.83531527,496996.3944,632591.44,1209.74,790.6029
68.79487002,497852.5712,633789.7,1198.26,856.1768
68.79784292,498653.7395,634975.2,1185.5,801.1683
68.76431139,499472.1962,636146.9,1171.7,818.4567
68.7168833,500292.1388,637303.7,1156.8,819.9426
68.21868086,501005.8993,638444.9,1141.2,713.7605
66.66599834,501179.182,639570.2,1125.3,173.2827
64.24937777,501182.9375,640680.2,1110,3.7555
61.38502489,501182.9375,641776.2,1096,0
58.14083241,501182.9375,642859.94,1083.74,0
54.78456858,501182.9375,643933.44,1073.5,0
52.84748341,501182.9375,644997.4,1063.96,0
51.54383296,501182.9375,646053.06,1055.66,0
50.29514657,501182.9375,647101.94,1048.88,0
49.47759956,501499.1607,648145.4,1043.46,316.2232
48.97580199,502041.7497,649184.56,1039.16,542.589
48.65313883,502500.0754,650220.5,1035.94,458.3257
48.30600111,502914.1856,651254,1033.5,414.1102
48.0234375,503387.172,652285.9,1031.9,472.9864
47.81512721,503842.6525,653316.9,1031,455.4805
47.83559181,504540.6191,654347.5,1030.6,697.9666
47.80648507,505089.2146,655378.2,1030.7,548.5955
47.76064712,505666.4712,656409.3,1031.1,577.2566
47.85889104,506267.1131,657441.1,1031.8,600.6419
48.00131361,506940.2071,658473.9,1032.8,673.094
48.10246128,507575.4491,659507.6,1033.7,635.242
48.23333794,508213.5708,660542.4,1034.8,638.1217
48.36919248,508885.6144,661578.2,1035.8,672.0436
48.53187223,509530.2259,662615.06,1036.86,644.6115
48.65334624,510187.7803,663652.9,1037.84,657.5544
48.78042035,510828.1589,664691.5,1038.6,640.3786
48.88827434,511471.7638,665730.9,1039.4,643.6049
49.00829646,512110.1191,666770.8,1039.9,638.3553
49.12493086,512738.3915,667811.1,1040.3,628.2724
49.2753042,513414.5144,668851.6,1040.5,676.1229
49.37437777,514053.4621,669892.1,1040.5,638.9477
49.46314989,514697.5877,670932.4,1040.3,644.1256
49.59782909,515343.5156,671972.2,1039.8,645.9279
49.6610896,515949.1134,673011.4,1039.2,605.5978
49.64311394,516537.1421,674049.75,1038.35,588.0287
49.57307799,517070.9029,675087.25,1037.5,533.7608
49.45526825,517618.6744,676123.8,1036.55,547.7715
49.33130531,518075.2069,677159.44,1035.64,456.5325
49.1899198,518640.7425,678194.2,1034.76,565.5356
49.08884126,519133.7544,679228.1,1033.9,493.0119
48.95084347,519638.336,680261.4,1033.3,504.5816
48.89477323,520166.0867,681294,1032.6,527.7507
48.80842091,520670.4712,682326.2,1032.2,504.3845
48.71916482,521202.3359,683358,1031.8,531.8647
48.61303927,521708.0983,684389.6,1031.6,505.7624
48.54652931,522239.6536,685421.25,1031.65,531.5553
48.44738662,522756.0973,686453,1031.75,516.4437
48.38862002,523269.6247,687485,1032,513.5274
48.37949392,523841.5003,688517.44,1032.44,571.8756
48.36780973,524390.5355,689550.5,1033.06,549.0352
48.33559181,524960.094,690584.25,1033.75,569.5585
48.31830752,525501.7745,691618.8,1034.55,541.6805
48.44081858,526119.8487,692654.25,1035.45,618.0742
48.61449115,526800.016,693690.56,1036.31,680.1673
48.77717091,527406.8761,694727.7,1037.14,606.8601
48.8731333,528045.2107,695765.6,1037.9,638.3346
48.933974,528630.9511,696804.3,1038.7,585.7404
49.0083656,529249.8498,697843.9,1039.6,618.8987
48.99827157,529792.4339,698884.3,1040.4,542.5841
48.9404729,530353.3606,699925.8,1041.5,560.9267
48.87638274,530841.7211,700968.56,1042.76,488.3605
48.87278761,531405.47,702012.8,1044.24,563.7489
48.87230365,531915.2037,703058.8,1046,509.7337
48.82791759,532500.5394,704106.94,1048.14,585.3357
48.84202157,532994.027,705157.6,1050.66,493.4876
48.79618363,533608.8964,706211.25,1053.65,614.8694
48.77143252,534099.9017,707268.4,1057.15,491.0053
48.78698838,534695.0744,708329.56,1061.16,595.1727
48.79680586,535205.8522,709395.5,1065.94,510.7778
48.76873617,535798.4732,710466.94,1071.44,592.621
48.77212389,536314.6681,711544.75,1077.81,516.1949
48.77191648,536917.2046,712629.8,1085.05,602.5365
48.77143252,537439.0118,713723.2,1093.4,521.8072
48.77309181,538013.8544,714826,1102.8,574.8426
48.78387721,538548.8785,715939.44,1113.44,535.0241
48.76845962,539109.8908,717064.7,1125.26,561.0123
48.76555586,539655.3917,718203.06,1138.36,545.5009
48.9200083,540266.2864,719355.7,1152.64,610.8947
49.61373064,541207.5725,720523.5,1167.8,941.2861
50.42173673,542150.0101,721707.1,1183.6,942.4376
51.35142423,543247.2037,722906.75,1199.65,1097.1936
52.53947732,544260.6261,724122.4,1215.65,1013.4224
54.0775719,545862.9611,725353.5,1231.1,1602.335
55.80365044,547449.1285,726599.1,1245.6,1586.1674
57.67215155,549274.6144,727857.8,1258.7,1825.4859
59.5342229,551039.9094,729127.9,1270.1,1765.295
61.49681969,553012.7889,730407.2,1279.3,1972.8795
63.38025442,554910.0087,731693.56,1286.36,1897.2198
65.43431969,557081.0377,732984.6,1291.04,2171.029
67.25421737,559065.6177,734278.1,1293.5,1984.58
68.61615044,560995.9917,735572.1,1294,1930.374
68.86255531,562084.8999,736865.44,1293.34,1088.9082
68.94227046,563012.487,738159.06,1293.62,927.5871
69.07750277,563903.3988,739453.56,1294.5,890.9118
69.23036504,564925.9617,740748.9,1295.34,1022.5629
69.2831167,565881.5827,742044.9,1296,955.621
69.46750553,566855.5412,743341.5,1296.6,973.9585
69.51728429,567809.0709,744638.6,1297.1,953.5297
69.51597069,568671.3249,745936.25,1297.65,862.254
69.52302268,569520.3183,747234.3,1298.05,848.9934
69.47967367,570285.1421,748532.8,1298.5,764.8238
69.43957412,571203.5857,749831.75,1298.95,918.4436
69.37050608,571974.3512,751131.25,1299.5,770.7655
69.33974004,572855.1387,752431.25,1300,880.7875
69.34693031,573662.7371,753731.8,1300.55,807.5984
69.49018252,574710.658,755032.9,1301.1,1047.9209
69.65611173,575557.7689,756334.3,1301.4,847.1109
69.81892976,576658.3673,757636,1301.7,1100.5984
70.03650442,577567.6673,758937.7,1301.7,909.3
70.24688883,578650.8182,760239.2,1301.5,1083.1509
70.27433628,579522.3744,761540.25,1301.05,871.5562
70.17249723,580355.3744,762840.8,1300.55,833
70.04618363,581081.6073,764140.9,1300.1,726.2329
69.93127765,581870.3545,765440.44,1299.54,788.7472
69.88357301,582683.0996,766739.56,1299.12,812.7451
69.81236173,583530.5407,768038.25,1298.69,847.4411
69.70340155,584321.8215,769336.6,1298.35,791.2808
69.5878042,585077.2275,770634.75,1298.15,755.406
69.48396018,585897.6981,771932.8,1298.05,820.4706
69.41516869,586680.9643,773230.9,1298.1,783.2662
69.3857854,587552.889,774529.06,1298.16,871.9247
69.43639381,588336.6166,775827.5,1298.44,783.7276
69.46487832,589284.1777,777126.25,1298.75,947.5611
69.44676438,590052.3432,778425.4,1299.15,768.1655
69.51839049,590988.8067,779724.94,1299.54,936.4635
69.51272124,591746.3507,781025.06,1300.12,757.544
69.52309181,592692.0426,782325.9,1300.84,945.6919
69.52150166,593458.7203,783627.5,1301.6,766.6777
69.51769912,594314.9852,784930.1,1302.6,856.2649
69.45962389,595082.3761,786234,1303.9,767.3909
69.42851217,595933.9743,787539.44,1305.44,851.5982
69.37237279,596706.911,788846.8,1307.36,772.9367
69.30461836,597562.8418,790156.56,1309.76,855.9308
69.23935288,598298.5335,791469.1,1312.54,735.6917
69.19434458,599170.8406,792785.06,1315.96,872.3071
69.10571073,599881.3707,794105.06,1320,710.5301
69.00636062,600723.7488,795429.8,1324.74,842.3781
68.95374723,601425.2976,796760.06,1330.26,701.5488
68.91482301,602313.9367,798096.7,1336.64,888.6391
68.97441925,603072.5481,799440.5,1343.8,758.6114
69.07549779,604041.1792,800792.4,1351.9,968.6311
69.27281527,604958.4448,802153.06,1360.66,917.2656
69.5878042,606008.6358,803523.4,1370.34,1050.191
70.12154314,607174.2348,804904,1380.6,1165.599
70.68667035,608406.992,806295.5,1391.5,1232.7572
71.18300608,609544.2829,807698.4,1402.9,1137.2909
71.73409845,610826.4887,809113.2,1414.8,1282.2058
72.31471239,612011.1462,810540.4,1427.2,1184.6575
73.08337942,613442.1965,811980.25,1439.85,1431.0503
74.01126936,614900.555,813433.06,1452.81,1458.3585
74.97020188,616829.4273,814898.9,1465.84,1928.8723
76.07452987,618656.7058,816377.6,1478.7,1827.2785
77.26541759,620608.0288,817869.1,1491.5,1951.323
78.42892699,622481.0336,819373.2,1504.1,1873.0048
79.12292588,624178.3132,820889.6,1516.4,1697.2796
79.76673119,625691.589,822418.44,1528.84,1513.2758
80.39933628,627260.2188,823959.6,1541.16,1568.6298
81.11725664,629026.5514,825513.3,1553.7,1766.3326
81.88066925,630588.2768,827079.5,1566.2,1561.7254
82.5967229,632428.8989,828658.2,1578.7,1840.6221
83.24972345,633992.5295,830249.44,1591.24,1563.6306
83.98707135,635884.8292,831853.25,1603.81,1892.2997
84.87679757,637842.4512,833469.5,1616.25,1957.622
85.97642423,639935.3982,835097.94,1628.44,2092.947
87.0204646,642176.2658,836738.2,1640.26,2240.8676
87.98727876,644215.2972,838389.8,1651.6,2039.0314
88.97324392,646526.2656,840052.4,1662.6,2310.9684
89.8515625,648619.9328,841725.4,1673,2093.6672
90.65763274,650694.1243,843408.3,1682.9,2074.1915
91.33012998,652629.0408,845100.7,1692.4,1934.9165
91.99239491,654727.771,846801.94,1701.24,2098.7302
92.80593197,656813.753,848511.56,1709.62,2085.982
93.65147954,659305.9723,850228.8,1717.24,2492.2193
94.67464049,661538.8682,851952.9,1724.1,2232.8959
95.60660951,664202.6114,853682.8,1729.9,2663.7432
96.5239906,666473.6087,855417.7,1734.9,2270.9973
97.39180033,669152.7246,857156.56,1738.86,2679.1159
97.87735066,671316.2875,858898.56,1742,2163.5629
98.20077434,673162.5704,860643,1744.44,1846.2829
98.17311947,674851.2626,862389.4,1746.4,1688.6922
98.13011615,676364.7211,864137.44,1748.04,1513.4585
98.0985896,678111.966,865887,1749.56,1747.2449
98.0450083,679614.9068,867638,1751,1502.9408
98.03256361,681280.5727,869390.44,1752.44,1665.6659
98.01548673,682888.3504,871144.3,1753.86,1607.7777
98.01845962,684434.9145,872899.6,1755.3,1546.5641
98.02170907,686120.439,874656.5,1756.9,1685.5245
98.00954093,687649.4957,876415.06,1758.56,1529.0567
98.02067201,689391.4079,878175.44,1760.38,1741.9122
98.11297013,690975.1738,879937.75,1762.31,1583.7659
98.18189989,692858.4876,881702.1,1764.35,1883.3138
98.27240044,694430.8949,883468.75,1766.65,1572.4073
98.387099,696368.0055,885237.8,1769.05,1937.1106
98.46252765,698032.0828,887009.44,1771.64,1664.0773
98.59395741,699916.746,888783.9,1774.46,1884.6632
98.77779314,701621.9461,890561.3,1777.4,1705.2001
98.86808628,703384.6168,892342.06,1780.76,1762.6707
98.92519358,705229.3968,894126.44,1784.38,1844.78
99.02751659,706882.9578,895914.94,1788.5,1653.561
99.078125,708782.4882,897707.94,1793,1899.5304
99.06153208,710338.8771,899506.1,1798.16,1556.3889
98.98610343,711973.8186,901310.1,1804,1634.9415
98.94399889,713602.6712,903120.8,1810.7,1628.8526
98.82051991,715154.5062,904939,1818.2,1551.835
98.83628319,716882.4942,906765.56,1826.56,1727.988
98.84105365,718384.5353,908601.44,1835.88,1502.0411
99.07522124,720343.3462,910447.44,1846,1958.8109
99.62818031,722397.1456,912304.2,1856.76,2053.7994
100.4241565,725163.7214,914172.1,1867.9,2766.5758
101.3485205,727661.0928,916051.4,1879.3,2497.3714
102.220271,730514.0917,917942.06,1890.66,2852.9989
103.185495,733026.846,919844.06,1902,2512.7543
104.1341952,736190.0861,921757.1,1913.04,3163.2401
104.9859652,738853.4629,923681,1923.9,2663.3768
105.9162749,741735.4914,925615.3,1934.3,2882.0285
106.6858407,744685.7653,927559.56,1944.26,2950.2739
107.7280144,747424.8527,929513.2,1953.64,2739.0874
108.5465985,750604.5921,931475.44,1962.24,3179.7394
109.3829508,753399.5311,933445.56,1970.12,2794.939
110.1172566,756488.4795,935422.6,1977.04,3088.9484
110.9781527,759424.1069,937405.6,1983,2935.6274
111.8672566,762390.215,939393.25,1987.65,2966.1081
112.6136615,765652.7322,941384.06,1990.81,3262.5172
113.3990597,768569.5931,943376.44,1992.38,2916.8609
114.6041897,772375.0762,945368.5,1992.06,3805.4831
115.8075221,776667.539,947357.9,1989.4,4292.4628
117.0542035,780774.6167,949342,1984.1,4107.0777
118.3033739,784887.154,951318.2,1976.2,4112.5373
118.043349,786834.7226,953283.75,1965.55,1947.5686
117.7437085,788884.5126,955236.44,1952.69,2049.79
117.4823009,790834.0874,957173.94,1937.5,1949.5748
117.2937638,793201.0366,959093.75,1919.81,2366.9492
117.3241842,795565.6589,960993.1,1899.35,2364.6223
117.5022124,797995.565,962869.1,1876,2429.9061
117.6308075,800708.0809,964718.56,1849.46,2712.5159
117.8163717,803215.1962,966538.3,1819.74,2507.1153
117.5652655,805203.5177,968325.2,1786.9,1988.3215
115.596792,805585.9697,970076.5,1751.3,382.452
112.903208,805586.8281,971790.5,1714,0.8584
109.6529314,805586.8281,973465.94,1675.44,0
107.3333794,805586.8281,975102,1636.06,0
104.9193861,805586.8281,976697.7,1595.7,0
102.6056416,805586.8281,978252.1,1554.4,0
100.1813468,805586.8281,979764.56,1512.46,0
97.71695243,805586.8281,981234.44,1469.88,0
95.06478153,805586.8281,982661.5,1427.06,0
91.06374447,805586.8281,984045.8,1384.3,0
86.17802821,805586.8281,985388.1,1342.3,0
82.79217367,805586.8281,986689.6,1301.5,0
81.20540653,805586.8281,987950.7,1261.1,0
79.73133296,805586.8281,989171,1220.3,0
78.25546184,805586.8281,990350,1179,0
76.11794801,805586.8281,991487.3,1137.3,0
73.44372235,805586.8281,992582.9,1095.6,0
69.56104812,805586.8281,993637.25,1054.35,0
65.83884126,805586.8281,994651.75,1014.5,0
62.83089049,805586.8281,995627.7,975.95,0
59.99204923,805586.8281,996566.44,938.74,0
55.88626936,805586.8281,997469.5,903.06,0
51.47870575,805586.8281,998338.56,869.06,0
47.02737832,805586.8281,999175.2,836.64,0
42.60266869,805587.322,999982.56,807.36,0.4939
37.46107577,805737.4318,1000764,781.44,150.1098
31.95782633,806128.322,1001521.7,757.7,390.8902
26.55862832,806375.2636,1002258.7,737,246.9416
20.97960454,806511.5492,1002978.5,719.8,136.2856
15.63599281,806679.5043,1003681.4,702.9,167.9551
10.33524613,806853.02,1004362.94,681.54,173.5157
5.150995575,807047.7566,1005013.75,650.81,194.7366
0.865459071,807232.2447,1005617.1,603.35,184.4881
0,807415.4248,1006146,528.9,183.1801
0,807597.6549,1006428.75,282.75,182.2301
0,807765.0906,1006749.75,321,167.4357
0,807952.3166,1007094.4,344.65,187.226
0,808110.8262,1007452.6,358.2,158.5096
0,808297.1894,1007817.7,365.1,186.3632
0,808487.8424,1008185.06,367.36,190.653
0,808661.056,1008552.3,367.24,173.2136
0,808861.4103,1008918.4,366.1,200.3543
0,809028.1688,1009283.25,364.85,166.7585
0,809227.2034,1009647.56,364.31,199.0346
0,809378.5436,1010012.2,364.64,151.3402
0,809561.7334,1010377.7,365.5,183.1898
0,809722.3818,1010744.44,366.74,160.6484
0,809908.5884,1011113,368.56,186.2066
0,810069.5314,1011484,371,160.943
0,810253.9578,1011858.06,374.06,184.4264
0,810410.4399,1012235.9,377.84,156.4821
0,810584.46,1012618.3,382.4,174.0201
0,810752.5024,1013006.25,387.95,168.0424
0,810925.0863,1013400.56,394.31,172.5839
0,811104.0665,1013802.25,401.69,178.9802
0,811264.0454,1014212.4,410.15,159.9789
0,811437.9441,1014632.1,419.7,173.8987
0,811601.1538,1015062.56,430.46,163.2097
0,811770.7786,1015504.9,442.34,169.6248
0,811946.6569,1015960,455.1,175.8783
0,812109.2326,1016428.75,468.75,162.5757
0,812286.5296,1016911.7,482.95,177.297
0,812435.0767,1017408.8,497.1,148.5471
0,812612.5496,1017919.4,510.6,177.4729
0,812767.2648,1018441.25,521.85,154.7152
0,812919.8797,1018969.56,528.31,152.6149
0,812961.5313,1019497.56,528,41.6516
0,812961.5313,1020019.75,522.19,0
0,812961.5313,1020533.56,513.81,0
0,812961.5313,1021037.94,504.38,0
0,812961.5313,1021531.44,493.5,0
0,812961.5313,1022011.94,480.5,0
