Time,Engine speed,Throttle position,Accelerator pedal position,Speed,Trip fuel consumption
0,0,8.653672162,0,0,0
0.8,0,8.658339557,0,0,0
1.6,0,8.649794635,0,0,0
2.4,0,8.646814683,0,0,0
3.2,0,8.650440889,0,0,0
4,0,8.652487362,0,0,0
4.8,0,8.652882295,0,0,0
5.6,0,8.649651023,0,0,0
6.4,0,8.652020623,0,0,0
7.2,0,8.642685834,0,0,0
8,0,8.644265568,0,0,0
8.8,0,8.639957204,0,0,0
9.6,0,8.645163143,0,0,0
10.4,0,8.647460938,0,0,0
11.2,0,8.64275764,0,0,0
12,0,8.648358513,0,0,0
12.8,0,8.645629883,0,0,0
13.6,0,8.645414465,0,0,0
14.4,0,8.642865349,0,0,0
15.2,0,8.642362707,0,0,0
16,0,8.64914838,0,0,0
16.8,0,8.64760455,0,0,0
17.7,0,8.642649931,0,0,0
18.4,0,8.651266659,0,0,0
19.2,212.6270161,3.303904814,0,0,43.26544118
20,1252.886765,9.692203297,0,0,488.2805147
20.8,1811.730882,14.34222053,0,0,1662.450184
21.6,1669.055882,14.24564137,0,0,3278.359007
22.4,1587.783824,13.19048713,0,0,4633.737132
23.3,1443.060294,12.00680003,0,0,5822.9625
24.1,1381.675,11.76068474,0,0,6841.637868
24.8,1378.507353,11.61111271,0,0,7884.108824
25.6,1359.597059,11.6583252,0,0,8781.567096
26.4,1326.548529,12.44535558,0,0,9683.277941
27.2,1160.154412,17.31509938,0,0,10582.53971
28,1258.108824,24.15326287,0,0,11604.92096
28.8,1270.945588,24.84055463,0,0,12922.2489
29.6,1293.769118,25.03827263,0,0,14026.03051
30.4,1270.717647,24.26366469,0,1.629136029,15182.61967
31.2,1219.308824,22.7307847,0,5.593014706,16302.07574
32,1202.858824,21.24106014,0,7.062683824,17236.17188
32.7,1294.447059,12.37250833,4.158002068,7.827481618,18200.74724
33.5,1314.164706,11.07658835,12.53719554,8.223529412,18688.62537
34.3,1617.879412,15.71181353,16.73239315,9.620220588,19415.40625
35.1,1795.076471,17.14337517,15.12088551,11.51654412,20493.29026
35.9,1885.25,19.02835622,14.73869773,12.83235294,21690.81563
36.7,1919.719118,16.76161822,12.54688936,13.54347426,23171.54449
37.6,1902.298529,15.99264706,12.29506549,13.64264706,24388.73254
38.3,1862.804412,14.80174345,12.23754883,13.53152574,25483.36893
39.2,1855.433824,14.38218061,13.05696375,13.27058824,26478.97794
40,1869.982353,15.5054429,14.93907255,13.27665441,27713.63658
40.8,1879.395588,15.72506175,14.99773811,13.34558824,28848.21581
41.6,1878.564706,15.68154728,15.16486673,13.375,29977.62537
42.4,1888.588235,15.42028091,14.46048512,13.49944853,31157.43658
43.2,1781.708824,11.95754107,3.733089671,13.41470588,32382.48989
44,1561.207353,7.679551068,0,12.26994485,33049.17243
44.8,1269.022059,7.370605469,0,10.17389706,33398.09559
45.6,1104.791176,7.303610409,0,7.503308824,33909.06563
46.4,1008.442647,8.17802878,0,5.598805147,34583.52243
47.2,956.5264706,8.29356474,0,3.999816176,35243.91857
48,937.5441176,8.955975701,0,1.167279412,35876.11379
48.7,945.7955882,8.499684053,0,0.030882353,36485.20515
49.5,908.2308824,7.253489775,0,0,37056.71691
50.3,924.1117647,7.096162684,0,0,37579.9807
51.1,987.8514706,6.298899931,0,0,38027.02518
51.9,981.9808824,6.418636546,0,0,38409.44761
52.7,988.3573529,6.413861443,0,0,38819.13787
53.4,982.5705882,6.388693417,0,0,39243.47114
54.2,986.3,6.395981733,0,0,39662.53125
55,985.85,6.415728401,0,0,40058.21691
55.8,982.3147059,6.437844669,0,0,40486.48732
56.6,1002.092647,6.467751896,0,0,40895.85386
57.3,999.4764706,6.468828987,0,0,41358.48989
58.1,1007.585294,6.467787799,0,0,41767.24945
58.9,1003.277941,6.473855411,0,0,42197.1193
59.7,1006.758824,6.488288431,0,0,42628.83952
60.5,1003.579412,6.499095244,0,0,43066.31893
61.3,1000.076471,6.503583123,0,0,43515.90368
62.1,1010.219118,6.494212431,0,0,43963.77243
62.9,995.7735294,6.51668773,0,0,44399.6204
63.6,1011.651471,6.501321232,0,0,44834.85754
64.4,1000.285294,6.494571461,0,0,45298.73235
65.2,1008.35,6.497084674,0,0,45725.09007
66,997.4970588,6.491411994,0,0,46147.64154
66.8,1003.230882,6.484949449,0,0,46580.79632
67.5,999.8029412,6.481574563,0,0,46999.03658
68.3,987.5617647,6.040469899,0,0,47462.46268
69.1,882.0882353,4.421458525,0,0,47865.2136
69.9,847.5485294,4.667466108,0,0.11875,48133.17316
70.7,842.6264706,4.863927505,0.233046588,1.879871324,48417.02279
71.4,861.2808824,5.122931985,8.147583008,3.301470588,48708.50625
72.2,1057.802941,7.861435834,17.46244543,4.619944853,49047.44945
73,1329.172059,11.98996151,23.37747013,6.617555147,49643.53107
73.8,1631.675,14.41043629,23.45379998,9.218933824,50487.65938
74.6,1981.273529,15.17344755,24.58047306,12.15634191,51463.34614
75.4,1898.532353,19.55103257,27.32206457,15.05634191,52595.73401
76.2,1866.994118,16.37199851,22.69922593,18.17049632,54020.78051
77,1795.435294,12.3461196,19.54471364,20.5078125,55113.72371
77.8,1742.761765,11.00761862,18.84801528,22.20441176,55910.33824
78.6,1835.125,12.4774529,22.30992934,23.31617647,56654.32316
79.5,1965.976471,14.84507841,24.71198587,24.87720588,57746.25
80.3,2032.716176,15.51653694,25.37705365,26.79007353,58923.23805
81.1,1528.873529,15.35206514,25.24597168,28.61498162,60072.12996
81.9,1562.167647,13.12399472,21.32945341,30.36056985,61134.22684
82.7,1621.132353,10.14691521,15.74678309,31.62352941,62114.43676
83.5,1644.841176,7.918952493,9.543851965,32.08529412,62709.87224
84.3,1644.079412,6.499921013,7.121833352,32.06617647,63154.52574
85.1,1632.926471,6.347620347,6.600988051,31.9,63533.20129
85.9,1620.258824,6.673943015,8.683435777,31.65,63975.80699
86.7,1608.526471,6.874425551,8.847045898,31.44705882,64391.46875
87.5,1599.989706,6.860495175,8.847045898,31.23759191,64835.63805
88.3,1592.311765,6.81960162,8.847045898,31.10735294,65312.18199
89.1,1584.833824,6.782980526,8.847045898,30.93069853,65829.46765
89.8,1578.025,6.75946404,8.847045898,30.85,66286.25184
90.6,1571.775,6.88659668,9.50733858,30.70707721,66761.78713
91.4,1568.475,7.094331629,9.897496841,30.62637868,67244.24816
92.2,1566.941176,7.144488166,10.36183077,30.625,67755.83364
93,1567.663235,7.397425034,10.8036894,30.625,68304.33088
93.8,1568.8,7.081262925,9.674646714,30.625,68811.84779
94.6,1567.292647,7.02604406,9.865543141,30.625,69305.71949
95.4,1567.707353,7.509981043,11.86372645,30.625,69770.5579
96.2,1573.117647,7.962251551,12.29563994,30.69264706,70343.90386
97,1578.714706,7.686875287,11.58224667,30.85588235,70898.70313
97.8,1584.601471,7.524773093,11.02603688,30.90882353,71415.84044
98.6,1586.385294,7.41584329,10.62316895,30.98970588,71920.725
99.4,1588.457353,7.474975586,10.62316895,31,72501.50331
100.2,1591.126471,7.44305779,10.62316895,31.05,72997.48346
101,1593.457353,7.446289063,10.62316895,31.11369485,73507.51801
101.8,1594.258824,7.44661219,10.62316895,31.13740809,74004.96342
102.6,1596.229412,7.452967027,10.62316895,31.16893382,74574.98217
103.4,1598.025,7.465138155,10.62316895,31.23492647,75055.73732
104.2,1599.107353,7.448766372,10.41751637,31.25,75565.6114
105,1590.173529,5.995483398,2.66856474,31.16700368,76062.0739
105.8,1559.385294,6.633121266,0,30.59237132,76451.15699
106.6,1463.141176,6.2476304,0,28.60422794,76661.3318
107.4,1351.305882,5.502068015,0,26.45845588,76719.64063
108.2,1244.013235,4.803107767,0,24.32141544,76719.64063
108.9,1106.933824,3.481193991,0,21.76415441,76719.64063
109.7,862.9058824,2.703175264,0,19.07454044,76871.20735
110.5,779.9764706,2.070922852,0,16.91295956,77132.85938
111.3,723.1455882,1.84634938,0,15.38805147,77333.81893
112.1,743.8779412,1.78089815,0,13.50202206,77492.69559
112.8,674.1235294,1.672219669,0,11.31819853,77639.49798
113.6,631.4485294,1.653837316,0,9.097794118,77789.6954
114.4,597.0323529,2.561071059,0,6.076746324,77951.6568
115.2,610.9455882,2.603005802,0,3.102297794,78147.82022
116,641.4426471,2.632410386,0,0.680514706,78349.4318
116.8,665.3970588,2.102086684,0,0.009283088,78551.13107
117.6,610.1661765,2.606991039,0,0,78722.37868
118.4,661.0323529,2.268353631,0,0,78881.78309
119.1,639.1955882,2.289500517,0,0,79049.03217
119.9,652.5676471,2.317720301,0,0,79208.47004
120.7,638.9,2.272482479,0,0,79390.11287
121.5,654.0044118,2.354413201,0,0,79552.65827
122.2,663.9735294,2.129372989,0,0,79727.16011
123,660.0808824,2.107795267,0,0,79883.3625
123.8,659.1558824,2.145349839,0,0,80044.1375
124.6,666.3102941,2.149155561,0,0,80212.55717
125.4,663.7632353,2.147863051,0,0,80373.63235
126.1,656.1397059,2.204518038,0,0,80522.36765
126.9,663.7823529,2.183837891,0,0,80670.40386
127.7,664.3132353,2.171307732,0,0,80831.22886
128.5,666.3455882,2.176082835,0,0,80984.71599
129.2,663.5779412,2.176513672,0,0,81169.2818
130,662.1397059,2.182904412,0,0,81322.58732
130.8,666.4294118,2.200460995,0,0,81477.03217
131.6,665.1352941,2.189761891,0,0,81639.57684
132.4,661.0573529,2.184879079,0,0,81817.72169
133.2,662.3441176,2.205164292,0,0,81973.06434
134,661.9661765,2.230619543,0,0,82133.84963
134.8,665.2279412,2.222433651,0,0,82304.28162
135.6,661.5544118,2.203189625,0,0,82483.49301
136.4,659.9397059,2.216007008,0,0,82646.24081
137.1,658.9147059,2.148293888,0,0,82803.44026
137.9,623.6911765,2.721485811,0,0,82968.12592
138.7,683.3514706,3.23023179,0.012063419,0.740257353,83188.87978
139.5,702.8073529,4.08522662,10.74865005,1.914981618,83484.36581
140.3,1093.680882,8.93217199,19.26301844,3.402205882,83853.30772
141.1,1308.127941,9.156637753,19.31033864,6.410569853,84529.175
141.9,1397.525,9.149636661,19.03779871,8.263235294,85181.45625
142.6,1575.135294,9.897460938,19.29626465,9.740257353,85837.85643
143.4,1778.957353,10.59810863,19.29626465,11.37205882,86671.73015
144.2,1679.689706,10.29271743,19.84698127,12.94568015,87437.98309
145,1472.372059,9.724731445,19.6993121,14.58823529,88164.32426
145.8,1460.264706,9.652099609,19.58007813,15.95735294,88879.18842
146.6,1381.332353,9.583237592,20.63056497,17.53823529,89588.95313
147.4,1495.511765,10.58726591,21.00557215,18.99099265,90393.34688
148.2,1615.116176,11.1529182,20.99609375,20.45330882,91146.58787
149,1733.623529,11.86832204,20.99609375,22.00229779,91965.23585
149.8,1838.663235,12.06751206,21.44269158,23.47876838,92798.91526
150.6,1419.377941,10.71881463,21.59118652,24.76498162,93748.33217
151.4,1339.854412,10.68635828,22.0323989,26.09659926,94509.54136
152.2,1403.985294,11.18041992,22.29682474,27.33161765,95287.04007
153,1469.935294,11.63739373,22.43164063,28.55588235,96099.86985
153.8,1535.720588,11.9401281,22.46517406,29.884375,96984.91728
154.5,1600.338235,12.29894301,22.65104406,31.11020221,97831.58107
155.3,1671.430882,14.39955767,24.71047794,32.47637868,98724.8125
156.1,1754.364706,15.29986213,24.87631405,34.09172794,99753.30919
156.9,1834.945588,15.07062127,24.96793859,35.72261029,100857.7357
157.7,1910.405882,14.9822639,25.14576631,37.13529412,101945.314
158.6,1882.426471,14.85473633,25.26424632,38.44172794,103038.2697
159.4,1517.580882,15.06469727,26.13798254,39.52775735,104061.5873
160.2,1556.183824,15.49707749,26.36173024,40.66176471,105137.7994
160.9,1600.529412,15.76444738,26.96928136,41.81369485,106304.8597
161.7,1654.033824,22.25083295,29.63906681,43.24494485,107469.4158
162.5,1715.267647,23.38253246,29.98046875,44.85165441,108781.946
163.3,1778.072059,23.20937213,30.02929688,46.43409926,110159.2371
164.1,1836.845588,20.31802907,27.97970043,48.12113971,111512.5706
164.9,1874.576471,11.96396772,18.23130888,49.2015625,112775.5754
165.8,1872.986765,9.115097943,13.93436207,49.34889706,113438.1722
166.5,1569.476471,7.179062787,10.84899902,49.17261029,113946.0621
167.3,1513.817647,6.949032054,10.84899902,48.95735294,114350.1577
168.1,1390.639706,6.95513557,12.4739703,48.71470588,114821.0377
168.9,1358.847059,7.377929688,13.48004509,48.52840074,115291.8487
169.7,1355.317647,7.522942038,14.18065688,48.40974265,115811.7149
170.5,1353.579412,7.711002125,14.56718894,48.309375,116375.9447
171.3,1352.483824,8.191707835,16.52329389,48.26056985,117007.8575
172.1,1353.214706,8.372695025,16.55273438,48.32564338,117598.0353
172.9,1355.113235,8.428201114,16.45812988,48.375,118230.5107
173.7,1356.491176,8.18761489,15.73690975,48.44411765,118857.5739
174.5,1357.054412,7.890553194,15.07155474,48.48428309,119462.0077
175.2,1356.245588,7.316966337,13.36759679,48.45395221,120005.5684
176,1349.767647,5.157291188,5.825195313,48.26875,120481.4625
176.8,1330.177941,4.791116153,0,47.70643382,120784.8559
177.6,1303.511765,4.895701689,0,46.51875,120879.9792
178.4,1266.677941,4.735717773,0,45.26176471,120881.2031
179.2,1211.580882,4.414995979,0,43.33170956,120881.2031
180,1389.179412,4.806482652,0,40.88759191,120881.2031
180.8,1471.244118,5.137724035,0,38.70119485,120881.2031
181.6,1410.583824,4.879222197,0,37.02582721,120881.2031
182.4,1359.735294,4.971564798,0.174416935,35.71801471,120881.2031
183.2,1322.404412,3.565530216,4.613791073,34.66525735,121000.7101
184,1302.116176,5.368006089,9.041389017,33.93272059,121372.5219
184.8,1291.123529,6.944615981,13.30056583,33.75,121849.8259
185.6,1291.975,7.270328297,13.54064941,33.77794118,122458.9504
186.4,1296.911765,7.186351103,13.54064941,33.90928309,122995.0452
187.2,1301.411765,7.206887638,13.54064941,34.02371324,123529.5224
188,1304.947059,7.227819106,13.52876551,34.11911765,124136.6004
188.8,1309.895588,7.257080078,13.46130371,34.36029412,124696.0276
189.6,1314.042647,7.246632295,13.46130371,34.46351103,125222.4568
190.4,1318.739706,7.306195427,13.46130371,34.59071691,125760.1322
191.2,1323.572059,7.276934455,13.26599121,34.73088235,126310.6715
191.9,1328.102941,7.13967716,12.98138787,34.82426471,126880.6452
192.7,1331.275,7.150519876,12.94555664,34.90119485,127367.9384
193.5,1333.386765,7.179852654,12.94555664,34.97904412,127851.3154
194.3,1335.436765,7.255464442,12.94555664,35.00965074,128365.296
195.1,1336.807353,6.952550551,12.17055377,35.04852941,128878.921
195.9,1334.838235,5.916137695,8.308177275,35.01158088,129345.1149
196.7,1304.877941,4.871251723,0,34.42077206,129702.9347
197.5,1206.036765,4.587079216,0,31.70137868,129886.4779
198.3,1126.254412,3.690867705,0,29.75744485,129951.23
199.1,999.725,2.980095358,0,28.06930147,130047.557
199.8,940.2161765,1.926772174,0,26.14549632,130260.7688
200.6,772.5705882,1.759679458,0,23.99696691,130427.5864
201.4,697.6441176,1.643066406,0,21.73290441,130566.807
202.1,655.5455882,1.520637063,0,19.30634191,130701.5625
202.9,630.6823529,1.671573415,0,16.70533088,130843.6631
203.7,639.5617647,1.677353803,0,13.6234375,130978.968
204.5,631.8617647,1.684929343,0,10.38170956,131118.1765
205.3,621.475,1.790663775,0,8.079044118,131243.5684
206,608.7352941,2.359583238,0,6.008639706,131383.6233
206.8,616.2544118,2.618228688,0,3.241911765,131550.8145
207.6,600.8205882,2.673950195,0,0.715716912,131731.8851
208.4,628.9367647,2.589649874,0,0.010294118,131914.3901
209.2,624.7147059,2.665943819,0,0,132095.7886
210,664.6367647,2.235897289,0,0,132291.5686
210.8,654.2455882,2.289859547,0,0,132462.4987
211.5,657.9147059,2.274169922,0,0,132629.1237
212.3,652.1014706,2.284545898,0,0,132786.436
213.1,654.5,2.273595473,0,0,132955.1458
213.9,657.1573529,2.277006261,0,0,133116.6176
214.6,660.9897059,2.266737994,0,0,133280.7165
215.4,662.9102941,2.200568704,0,0,133442.1268
216.2,660.1602941,2.198522231,0,0,133595.802
217,665.0411765,2.191413431,0,0,133766.4785
217.8,661.0102941,2.224300609,0,0,133930.321
218.5,657.9691176,2.199563419,0,0,134090.6037
219.3,659.775,2.233743107,0,0,134243.4421
220.1,664.9705882,2.211088293,0,0,134414.0803
220.9,657.3294118,2.216042911,0,0,134580.0943
221.7,655.3176471,2.232235179,0,0,134752.4835
222.4,660.575,2.236004998,0,0,134904.1781
223.2,664.1823529,2.21105239,0,0,135072.7688
224,656.7985294,2.222792682,0,0,135233.8688
224.8,659.4941176,2.236040901,0,0,135399.6829
225.5,663.3558824,2.214391372,0,0,135569.689
226.3,641.4647059,2.384787167,0,0,135729.9425
227.1,639.7985294,3.162087833,1.700942096,0.225367647,135909.3853
227.9,781.65,5.135964786,11.92311006,1.491911765,136150.3224
228.7,1130.933824,8.256297392,17.86538517,3.699264706,136605.1318
229.5,1313.251471,9.426736271,20.60984892,6.507352941,137202.3879
230.3,1573.773529,12.73412368,23.79197065,8.877941176,137941.552
231.1,1823.576471,14.7703283,24.18643727,11.90358456,138952.5119
231.9,1507.995588,8.654282514,8.321569106,14.59411765,140082.0257
232.7,1329.208824,5.00674977,4.847986558,15.50193015,140604.0118
233.4,1216.969118,3.812471278,3.467694451,15.41911765,140879.0877
234.2,1193.925,3.727560604,3.843706916,14.97058824,141104.7502
235,1188.989706,3.985308479,4.341215246,14.50634191,141343.7471
235.8,1177.627941,4.120447495,4.567547966,14.16571691,141613.7335
236.6,1103.722059,4.225643382,5.394466625,13.97123162,141871.9252
237.4,1086.516176,4.527013442,5.458733054,13.86764706,142132.3623
238.1,1059.130882,4.045733284,0,13.66470588,142389.7029
238.9,991.1794118,3.423713235,0,12.846875,142625.8392
239.7,836.6323529,2.891558479,0,9.805974265,142829.898
240.5,698.85,2.949541877,0,6.227757353,143017.6
241.2,650.6705882,2.860358743,0,3.019301471,143202.4292
242,630.1911765,2.955537684,0,1.615349265,143389.552
242.8,649.3867647,2.940853343,0,0.163602941,143587.8575
243.6,638.6882353,2.807617188,0,0,143791.3594
244.4,632.4823529,2.754839729,0,0,144006.6954
245.1,640.1073529,2.371790269,0,0,144174.3884
245.9,641.3735294,2.433794807,0,0,144318.8274
246.7,643.4073529,2.364681468,0,0,144466.2406
247.5,651.5691176,2.35926011,0,0,144624.4033
248.3,650.7,2.318510168,0,0,144784.2498
249.1,654.2514706,2.312837489,0,0,144937.3807
249.9,662.8544118,2.248391544,0,0,145090.0849
250.6,662.6426471,2.269035788,0,0,145264.7875
251.4,661.6588235,2.238123277,0,0,145417.2188
252.2,656.6367647,2.258516199,0,0,145572.6219
252.9,656.7735294,2.274816176,0,0,145726.3233
253.7,659.9617647,2.262716854,0,0,145882.8432
254.5,664.575,2.238661822,0,0,146048.8594
255.3,661.0470588,2.248391544,0,0,146218.2189
256,656.2485294,2.26006003,0,0,146378.8978
256.8,661.3794118,2.261639763,0,0,146533.046
257.6,658.8632353,2.26242963,0,0,146690.4311
258.4,661.8323529,2.266594382,0,0,146855.2794
259.2,657.8794118,2.249396829,0,0,147022.0744
259.9,660.6411765,2.254710478,0,0,147189.5605
260.7,661.1779412,2.259449678,0,0,147355.0483
261.5,662.1382353,2.258264878,0,0,147514.898
262.3,659.2735294,2.258157169,0,0,147679.4875
263.1,655.0838235,2.276898552,0,0,147834.8846
263.8,677.425,2.317038143,0,0,148021.2415
264.6,668.7308824,2.848690257,0,0.017371324,148193.4596
265.4,696.525,3.311623966,0.176571117,1.075,148410.6673
266.2,769.0397059,4.421422622,10.75119916,2.268933824,148657.3042
267,1098.305882,8.157348633,18.43904383,3.896783088,149035.9551
267.8,1361.233824,9.927619485,20.77941895,6.723805147,149698.1754
268.6,1577.591176,11.6323673,21.93143957,9.177941176,150450.3585
269.4,1755.891176,13.92380658,23.75168744,11.71020221,151319.2176
270.2,1667.192647,14.5300293,24.65762868,14.67104779,152478.2645
270.9,1578.691176,11.90645106,18.97636862,17.44641544,153440.8
271.7,1510.482353,8.918385225,16.80951287,19.21488971,154228.3309
272.5,1598.216176,10.63336541,21.2712905,20.21911765,154805.6949
273.3,1720.277941,12.65018239,22.53163057,21.76470588,155589.1662
274.1,1864.436765,13.69065229,23.60850615,23.63529412,156590.4779
275,2008.383824,14.37097886,25.22285013,25.47095588,157649.2107
275.7,1632.494118,14.79082893,25.65020393,27.41801471,158701.8154
276.5,1505.655882,13.38199391,22.61769014,29.22058824,159725.9667
277.3,1568.830882,9.520227769,14.88130457,30.57647059,160583.7119
278.1,1596.975,8.066944795,12.20620548,31.17996324,161251.6529
278.9,1607.979412,7.055484547,10.63225241,31.375,161735.2213
279.7,1609.533824,7.110595703,10.69321576,31.40395221,162165.1906
280.5,1609.995588,7.314165901,11.01523007,31.44099265,162612.1369
281.3,1612.017647,7.436774759,11.39637667,31.5,163096.2208
282.1,1615.689706,7.500861673,11.5814209,31.5,163612.1594
282.9,1621.166176,7.591445025,11.5814209,31.63713235,164127.5232
283.7,1626.305882,7.558665556,11.57926672,31.73759191,164638.3768
284.5,1628.826471,7.05243279,10.24870031,31.75,165150.8476
285.3,1628.817647,6.987232881,9.982874253,31.75,165664.7858
286.1,1627.105882,6.979334214,9.982299805,31.75,166142.1125
286.9,1624.535294,6.973051183,9.982299805,31.71176471,166593.6294
287.6,1622.241176,6.981129366,10.07166245,31.63915441,167058.2305
288.4,1621.023529,7.171666762,10.42943618,31.61259191,167553.3217
289.2,1620.445588,7.160608628,10.44006348,31.625,168022.7208
290,1620.717647,7.134507123,10.44006348,31.625,168494.4035
290.8,1620.286765,7.13565602,10.44006348,31.625,168970.3969
291.6,1621.157353,7.131563074,10.43898639,31.625,169487.8531
292.4,1620.222059,6.925982307,9.823608398,31.625,169957.8366
293.2,1617.408824,6.904512293,9.744262695,31.55735294,170426.3153
294,1614.623529,6.729305492,9.351806641,31.5,170871.2656
294.8,1611.614706,6.647195255,9.077220244,31.47352941,171305.3667
295.6,1605.132353,6.620303883,9.075927734,31.35588235,171791.4686
296.4,1600.491176,6.618149701,9.075927734,31.25,172216.6581
297.2,1596.082353,6.615816004,9.075927734,31.21443015,172643.4439
298,1591.548529,6.608491785,9.075927734,31.10091912,173080.0279
298.8,1587.308824,6.610897289,9.075927734,31,173545.1954
299.6,1583.402941,6.616857192,9.067813649,30.90983456,174007.0787
300.4,1568.980882,5.618645163,1.865162569,30.80588235,174430.8961
301.2,1500.554412,5.81995347,0,29.44494485,174778.8134
302,1349.430882,4.9206902,0,26.4296875,174954.5057
302.8,1268.901471,4.844144933,0,24.72766544,175005.9375
303.6,1188.870588,4.813699161,0,23.21976103,175005.9375
304.4,1063.420588,3.83096134,0,21.69117647,175017.3022
305.2,851.6044118,3.076495002,0,20.25919118,175191.0614
305.9,859.3044118,2.625050264,0,18.72996324,175540.4906
306.7,735.1558824,2.165527344,0,16.55909926,175733.1061
307.5,681.3470588,2.058931239,0,12.72398897,175880.9761
308.3,664.5882353,2.056094899,0,9.490533088,176025.7756
309,637.9676471,2.176549575,0,6.951746324,176167.4018
309.8,632.2720588,2.688849954,0,4.891544118,176321.4531
310.6,632.3102941,2.602359547,0,2.615992647,176504.6401
311.4,630.8691176,2.612484203,0,0.375551471,176695.536
312.1,634.4029412,2.623326919,0,0,176885.9274
312.9,649.3308824,2.615428251,0,0,177076.4627
313.7,655.4676471,2.310647403,0,0,177261.9426
314.5,658.4647059,2.375919118,0,0,177435.0482
315.2,659.3338235,2.35926011,0,0,177611.7335
316,655.9823529,2.317074046,0,0,177782.6581
316.8,654.7102941,2.328132181,0,0,177947.9881
317.6,655.3176471,2.341488109,0,0,178122.6283
318.4,660.4191176,2.278801413,0,0,178296.2748
319.2,657.3647059,2.281027401,0,0,178462.5849
319.9,653.9235294,2.304543888,0,0,178616.6842
320.7,662.6205882,2.256469727,0,0,178781.4112
321.5,663.7338235,2.263399012,0,0,178957.7483
322.3,660.5897059,2.247027229,0,0,179124.9395
323.1,658.3426471,2.2703642,0,0,179287.8515
323.9,651.4808824,2.27995031,0,0,179452.7123
324.6,649.175,2.303969439,0,0,179614.5557
325.4,654.5441176,2.287274529,0,0,179778.7042
326.2,661.8102941,2.25923426,0,0,179941.2778
327,657.4029412,2.249935375,0,0,180110.6324
327.8,657.4558824,2.250150793,0,0,180268.1132
328.6,656.3823529,2.25485409,0,0,180439.6553
329.3,648.8544118,2.264978745,0,0,180603.4432
330.1,653.7617647,2.283791935,0,0,180764.5938
330.9,657.1573529,2.277078068,0,0,180915.6423
331.6,660.0897059,2.24088781,0,0,181087.7978
332.4,649.3985294,2.188110352,0,0,181240.9871
333.2,634.7808824,2.863733628,0,0.035294118,181404.1901
334,696.2411765,2.973022461,2.940745634,1.104411765,181610.5722
334.7,757.0529412,4.988654642,11.39659208,2.135110294,181856.7406
335.5,1090.797059,8.155338063,17.67326804,3.909007353,182215.4186
336.3,1309.195588,8.94495347,18.88427734,6.531341912,182756.2434
337.1,1471.372059,9.4566794,18.88427734,8.632352941,183405.9042
337.9,1683.607353,10.23584702,18.8837388,10.52564338,184168.8956
338.7,1531.261765,8.756606158,13.55598001,12.38602941,184894.1318
339.5,1306.527941,6.677928251,11.69433594,13.66957721,185482.6827
340.3,1321.611765,6.806676528,12.88035673,14.24733456,185900.7381
341.1,1321.411765,7.463199391,14.92040298,14.83134191,186381.9489
341.9,1251.542647,8.290333467,19.71069336,15.83823529,186867.5237
342.7,1364.458824,10.26744169,21.75077551,17.28023897,187478.8548
343.5,1510.163235,11.81069767,22.65237247,19.125,188277.2195
344.3,1673.057353,13.44177246,23.39172363,21.16231618,189221.9757
345.1,1839.383824,13.70005888,23.41071634,23.30634191,190139.3631
345.9,1924.980882,13.37370031,23.46191406,25.15735294,191056.3814
346.7,1429.988235,12.31423771,23.6150405,26.95625,191992.709
347.5,1465.516176,12.04230813,23.00720215,28.45652574,192930.4798
348.3,1540.239706,12.3461196,23.00720215,29.88235294,193754.9601
349.1,1612.841176,12.71818273,23.00720215,31.36672794,194604.2664
349.9,1685.686765,13.23349897,23.00720215,32.76424632,195512.2075
350.7,1757.170588,13.60294118,23.00720215,34.17058824,196424.6875
351.5,1826.905882,13.34566004,23.00720215,35.58897059,197481.3943
352.3,1870.807353,13.27615177,23.00720215,36.70845588,198366.5248
353.1,1478.666176,11.94472369,23.00720215,37.68933824,199286.7406
353.9,1476.082353,12.07016889,23.00720215,38.65404412,200110.2542
354.7,1512.05,12.668098,23.83634679,39.56976103,201058.8199
355.4,1552.997059,15.87172564,27.27564195,40.60367647,201912.6893
356.2,1607.119118,19.84281652,28.77057244,41.96764706,203021.3572
357,1667.875,20.88059369,29.23831715,43.63520221,204183.0219
357.8,1730.863235,22.12269503,29.51660156,45.23400735,205577.1221
358.6,1794.072059,21.74851361,29.58000632,46.92977941,206808.4844
359.4,1848.592647,16.14968693,23.96703384,48.41654412,208032.6438
360.2,1874.186765,10.02778895,15.85154814,49.22849265,209038.1452
361,1721.689706,8.695104262,14.42558737,49.22573529,209659.9347
361.9,1565.758824,8.254897174,14.41650391,49.12408088,210112.5438
362.6,1456.632353,7.90660185,14.41650391,49.00496324,210598.0699
363.4,1372.607353,8.201688879,16.70126522,49.00055147,211128.9301
364.2,1375.104412,8.862986845,17.64831543,49.07113971,211722.1351
365,1378.820588,8.843958238,17.86233341,49.20523897,212343.5018
365.8,1383.780882,9.118939568,18.51479923,49.38143382,212976.7702
366.6,1388.804412,9.203742532,18.51501465,49.56700368,213649.1149
367.4,1394.461765,9.114487592,18.15067067,49.765625,214342.0717
368.2,1399.105882,8.86435116,17.45910645,49.93400735,215007.145
368.9,1403.160294,8.855088178,17.45910645,50.04908088,215629.9081
369.7,1405.144118,7.509298886,11.26321232,50.19485294,216236.1572
370.5,1390.182353,4.604097254,0.003123564,49.83759191,216688.6939
371.3,1368.119118,5.078340418,0,48.88915441,216828.2732
372.1,1330.514706,4.839298024,0,47.54375,216834.7188
372.9,1300.304412,4.836030848,0,46.40909926,216834.7188
373.7,1267.520588,4.759126551,0,45.27849265,216834.7188
374.5,1204.158824,4.53089097,0,43.07582721,216834.7188
375.3,1370.444118,4.840949563,0,40.05441176,216834.7188
376.1,1443.023529,5.059706744,0,37.82582721,216834.7188
376.9,1393.205882,5.030050839,0.410910214,36.55523897,216834.7188
377.7,1357.092647,3.989329619,5.003518497,35.53915441,216976.204
378.5,1333.919118,4.741641774,6.564582376,34.92591912,217469.7923
379.3,1319.075,5.316126206,8.609116498,34.60652574,217876.6303
380.1,1309.622059,5.530503217,8.840942383,34.34329044,218252.8401
380.8,1302.654412,5.515926585,8.929443359,34.05735294,218663.6625
381.7,1294.698529,5.504509421,8.929443359,33.86838235,219016.5618
382.5,1287.582353,5.490004596,8.929443359,33.68823529,219378.3713
383.2,1280.719118,5.486019359,8.933320887,33.51029412,219740.2643
384,1274.345588,5.708079619,10.34136604,33.31911765,220122.5165
384.8,1271.495588,6.625150793,12.31445313,33.25,220519.9267
385.6,1272.263235,7.09303912,14.11114861,33.26911765,220945.7697
386.4,1278.3,7.539995979,14.85595703,33.42821691,221448.802
387.2,1287.354412,7.578771255,14.85595703,33.66920956,221965.2013
388,1296.911765,7.551449046,14.85595703,33.90045956,222495.1272
388.8,1306.661765,7.51798742,14.71137552,34.175,223115.9991
389.6,1314.860294,7.49443503,14.46324966,34.47527574,223633.9686
390.3,1322.476471,7.340051988,14.08479578,34.70854779,224136.6925
391.1,1326.592647,6.084738339,8.977589327,34.80882353,224633.7033
391.9,1307.792647,4.712703929,0,34.48023897,225055.9634
392.7,1210.944118,4.552648208,0,31.88170956,225249.3943
393.5,994.8132353,3.212280273,0,28.30073529,225306.8204
394.3,1024.998529,2.360803941,0,25.484375,225459.9094
395.1,831.225,1.973446117,0,24.07775735,225669.925
395.9,803.9397059,2.027875115,0,23.14981618,225828.2813
396.6,839.0426471,2.190659467,0,22.13547794,225990.9474
397.4,822.0455882,2.123664407,0,20.36387868,226168.3665
398.2,726.5455882,1.850047392,0,17.55422794,226335.8074
399,639.4544118,1.78811466,0,14.0875,226489.3557
399.8,644.55,1.625007181,0,11.58363971,226619.0873
400.6,628.9764706,1.816119026,0,9.276378676,226741.7028
401.3,622.4911765,2.074943991,0,7.219301471,226880.0535
402.1,617.1323529,2.569041533,0,5.201194853,227037.4443
402.9,619.4647059,2.611694336,0,2.077573529,227209.9529
403.7,620.45,2.635857077,0,0.117647059,227376.4335
404.4,623.6661765,2.641422047,0,0,227553.3252
405.2,629.6235294,2.589003619,0,0,227728.8171
406,632.1705882,2.587531595,0,0,227922.9572
406.8,633.4058824,2.593383789,0,0,228091.0925
407.5,629.9,2.630579331,0,0,228284.298
408.3,625.7911765,2.681382123,0,0,228456.634
409.1,624.1132353,2.753942153,0,0,228621.5619
409.9,630.1779412,2.674524644,0,0,228781.8051
410.6,631.4279412,2.606021657,0,0,228966.1454
411.4,648.325,2.211626838,0,0,229124.9443
412.2,649.2323529,2.257869945,0,0,229295.7239
413,648.0823529,2.315673828,0,0,229446.1007
413.8,651.4470588,2.241964901,0,0,229611.8925
414.5,647.9573529,2.293306239,0,0,229781.7298
415.3,647.8264706,2.334199793,0,0,229931.8599
416.1,653.9882353,2.214211857,0,0,230081.2279
416.9,656.8941176,2.171379538,0,0,230235.2493
417.7,657.0029412,2.152781767,0,0,230407.8517
418.5,650.95,2.242036707,0,0,230556.6568
419.2,648.7588235,2.226777918,0,0,230704.7116
420,654.5617647,2.202974207,0,0,230847.3656
420.8,657.6573529,2.194177964,0,0,231000.5846
421.5,650.7073529,2.381089154,0,0,231157.8232
422.3,665.2647059,2.860466452,6.515000287,0.283363971,231330.7309
423.1,835.0691176,6.451631434,17.24681181,1.600275735,231566.3239
423.9,1277.614706,9.655115464,20.4178754,4.558823529,232039.6324
424.7,1498.395588,11.91093894,22.7461871,7.927573529,232741.3822
425.5,1798.491176,13.40116613,22.99890855,10.84595588,233581.5217
426.2,1505.204412,9.326674517,11.43037684,13.61902574,234542.7684
427,1320.086765,5.268375172,6.697926241,14.77380515,235143.6121
427.8,1216.370588,4.598388672,7.347986558,14.95882353,235461.9268
428.6,1179.129412,4.943201402,7.955178653,15,235748.002
429.4,1189.788235,4.92223403,7.714879653,15.13207721,236075.7949
430.2,1198.269118,4.927870807,7.697610294,15.25,236390.8684
431,1204.111765,4.918643727,7.696533203,15.33446691,236678.098
431.8,1207.194118,4.954654469,7.692332548,15.37398897,236955.8592
432.6,1210.710294,4.952967027,7.650433709,15.37849265,237264.6743
433.3,1176.705882,3.906214097,0.675910501,15.27610294,237570.346
434.1,1063.676471,3.568833295,0,14.30367647,237794.9669
434.9,894.3264706,3.058866613,0,11.22362132,237989.5983
435.7,733.2014706,2.607996324,0,7.996783088,238165.5704
436.5,654.8455882,2.758214614,0,5.043382353,238336.798
437.3,651.3779412,2.864236271,0,2.460386029,238515.5818
438.1,646.8014706,2.778535731,0,0.595588235,238696.475
438.8,645.9838235,2.645263672,0,0,238878.5022
439.6,637.3294118,2.671006147,0,0,239071.7496
440.4,661.5044118,2.085966222,0,0,239238.7176
441.2,654.1455882,2.246991326,0,0,239394.9226
441.9,648.7176471,2.299984203,0,0,239543.5063
442.7,651.6926471,2.307811064,0,0,239692.0728
443.5,652.3838235,2.290254481,0,0,239856.9127
444.3,650.8485294,2.294526942,0,0,240017.6961
445,651.8029412,2.333733054,0,0,240166.366
445.8,647.2485294,2.215073529,0,0,240304.2586
446.6,665.4058824,2.20146628,0,0,240455.5588
447.4,664.1691176,2.227424173,0,0,240617.2564
448.1,659.3367647,2.222972197,0,0,240799.595
448.9,658.4029412,2.224121094,0,0,240959.2493
449.7,660.15,2.227136949,0,0,241113.6744
450.5,658.2117647,2.228321749,0,0,241263.3191
451.3,645.1588235,2.242575253,0,0,241419.432
452,651.9985294,2.260849897,0,0,241576.3695
452.8,658.8132353,2.223403033,0,0,241730.5649
453.6,658.9470588,2.180103975,0,0,241877.1811
454.4,648.7220588,2.234676585,0,0,242034.2105
455.2,656.3088235,2.257798139,0,0,242193.6149
456,660.2205882,2.212991153,0,0,242348.4031
456.8,653.1764706,2.223654354,0,0,242496.7623
457.6,647.2441176,2.25212546,0,0,242650.411
458.3,653.3897059,2.240241556,0,0,242805.37
459.1,670.9661765,2.321633732,0,0,242961.4329
459.9,677.6794118,2.839283663,0,0,243127.7294
460.7,703.1705882,3.382317038,7.702205882,1.0375,243336.3026
461.4,954.4632353,7.216725069,16.23273064,2.496323529,243587.7375
462.2,1251.822059,8.768669577,19.22639735,5.382720588,244156.205
463,1413.117647,10.02922507,21.21129653,7.881617647,244750.7381
463.8,1748.952941,13.38414809,23.11401367,10.353125,245516.5217
464.6,1618.691176,12.61449477,22.83583697,13.17463235,246475.3327
465.4,1597.735294,11.54400994,20.83751005,15.53161765,247319.9713
466.2,1423.748529,9.79793773,20.52479463,17.65919118,248190.2017
467,1523.716176,10.97275678,21.40721938,19.26617647,248879.6728
467.8,1671.869118,12.98343434,23.09078441,21.09705882,249675.8939
468.6,1836.295588,13.76683852,23.51167567,23.25882353,250620.6072
469.4,1958.739706,13.35783117,23.24588551,25.19034926,251633.7853
470.2,1469.295588,11.61003562,22.69822065,26.89338235,252595.7625
470.9,1458.017647,11.53025908,21.89664953,28.35238971,253392.0039
471.7,1523.327941,11.21068618,21.60949707,29.59558824,254123.7855
472.5,1584.9,10.82350787,19.52392578,30.87049632,254915.2132
473.3,1627.538235,9.100557215,15.03978056,31.74926471,255739.0721
474.1,1651.236765,8.449024874,14.43452723,32.18952206,256317.2059
474.9,1664.457353,7.104563994,8.751615636,32.46590074,256832.4564
475.7,1662.426471,6.015337776,7.128367705,32.43768382,257259.9537
476.5,1652.2,5.853091969,6.81960162,32.26764706,257670.0938
477.3,1637.675,5.818840476,6.717708812,31.96847426,257992.3563
478.1,1622.389706,5.788681928,6.698608398,31.70873162,258326.7757
478.9,1607.485294,5.694149242,6.658756032,31.39191176,258689.1094
479.7,1591.975,5.637278837,6.652832031,31.14558824,259038.68
480.5,1577.667647,5.794713637,7.957548254,30.82352941,259424.3849
481.3,1567.170588,6.409912109,9.645385742,30.62941176,259790.7307
482.1,1566.170588,6.912734088,11.05576459,30.62435662,260218.1344
482.9,1571.054412,7.416920381,11.93237305,30.67205882,260688.3719
483.6,1580.788235,7.490952436,11.93237305,30.85294118,261197.8393
484.4,1589.401471,7.340770048,11.63024902,31.03088235,261692.9415
485.2,1596.582353,7.294060202,11.4654541,31.17205882,262226.4504
486,1603.341176,7.29711196,11.4654541,31.27858456,262712.1232
486.8,1610.041176,7.37523696,11.4654541,31.43318015,263188.873
487.6,1615.941176,7.130414177,10.87136661,31.52564338,263676.8662
488.4,1616.417647,6.470624138,9.185072955,31.57435662,264144.4531
489.2,1613.442647,6.516256893,9.149169922,31.49981618,264567.866
490,1608.997059,6.505270565,9.149169922,31.42490809,264970.9458
490.8,1605.367647,6.504803826,9.112979665,31.36580882,265371.7099
491.6,1601.564706,6.458632525,9.077076631,31.27591912,265801.6423
492.4,1597.583824,6.404670267,9.033203125,31.20487132,266227.4142
493.2,1592.698529,6.417164522,9.033203125,31.11470588,266627.8579
494,1589.048529,6.399284812,9.023401597,31.03685662,267025.6903
494.8,1584.094118,5.999432732,8.063174977,30.95882353,267460.0096
495.6,1560.980882,4.251349954,2.978838752,30.66452206,267838.8129
496.4,1521.701471,5.014181698,0,29.73299632,268093.3322
497.2,1426.301471,5.261733111,0,27.98446691,268293.9811
497.9,1316.773529,4.751191981,0,25.77012868,268385.1901
498.7,1232.467647,4.659675149,0,24.0890625,268391.3594
499.5,1068.101471,3.527149874,0,21.43547794,268402.4103
500.3,818.5970588,2.84754136,0,19.0890625,268559.8949
501.1,792.025,2.320161707,0,16.89650735,268842.1165
501.8,746.6514706,2.086504768,0,14.24512868,269024.9688
502.6,676.6485294,1.974020565,0,12.06608456,269167.1594
503.4,639.7323529,1.945836684,0,10.68382353,269298.2313
504.2,639.7073529,1.96745031,0,9.399080882,269417.1224
505,628.3617647,2.264332491,0,6.704595588,269553.6461
505.7,630.6044118,2.66985725,0,3.136672794,269707.4625
506.5,629.9441176,2.55941952,0,0.529871324,269878.2772
507.3,631.85,2.614638385,0,0,270076.3465
508.1,635.825,2.547715131,0,0,270255.7287
508.8,634.2647059,2.609181124,0,0,270425.3658
509.6,636.0441176,2.547930549,0,0,270594.0426
510.4,636.5558824,2.613309972,0,0,270772.6393
511.2,636.3470588,2.603903378,0,0,270951.5575
511.9,648.5705882,2.442124311,0,0,271122.8879
512.7,657.0161765,2.189187443,0,0,271290.5864
513.5,653.9,2.245842429,0,0,271442.5031
514.3,652.4573529,2.295496324,0,0,271599.777
515.1,651.3441176,2.27557014,0,0,271775.9881
515.8,651.0794118,2.285299862,0,0,271928.1388
516.6,648.8,2.31983858,0,0,272078.1125
517.4,652.2294118,2.188828412,0,0,272217.9561
518.2,640.8264706,2.323428883,0,0,272360.9439
518.9,661.2529412,2.15364344,0,0,272511.729
519.7,659.2132353,2.219489602,0,0,272685.3971
520.5,657.5926471,2.223115809,0,0,272853.4746
521.3,661.925,2.199204389,0,0,273016.9555
522,655.3088235,2.188253964,0,0,273179.7971
522.8,656.2867647,2.222290039,0,0,273342.4125
523.6,655.5117647,2.2289321,0,0,273507.0204
524.4,648.0794118,2.219740924,0,0,273663.7233
525.2,650,2.225126379,0,0,273810.5763
525.9,647.2117647,2.237117992,0,0,273953.543
526.7,652.2294118,2.223151712,0,0,274108.811
527.5,635.2661765,2.412827436,0,0,274266.6454
528.3,658.1632353,2.966918945,0.03823673,0.211764706,274414.2568
529.1,682.3764706,3.049567727,3.511998794,1.460294118,274601.3594
529.8,799.9838235,5.147346048,9.986285041,2.407169118,274812.6844
530.6,1112.229412,6.919483858,13.19206687,4.404136029,275188.252
531.4,1184.433824,6.925336052,15.27376063,6.457352941,275658.682
532.2,1341.805882,8.133939855,16.55883789,7.851746324,276129.8447
533,1531.182353,8.817138672,16.55883789,9.519485294,276657.2857
533.8,1537.205882,9.186042337,16.97538488,10.97619485,277330.6903
534.6,1342.508824,8.234073415,15.79690372,12.67242647,277952.6899
535.4,1379.372059,8.341602999,17.17985265,13.95919118,278525.5813
536.2,1465.788235,9.149672564,18.27220244,15.07794118,279113.1085
537,1324.288235,8.984590418,19.91440717,16.67426471,279806.8805
537.7,1444.038235,10.6416231,21.42710966,18.34044118,280441.4706
538.5,1587.123529,11.65283203,21.7590332,20.071875,281167.1053
539.3,1734.286765,12.46488683,21.7590332,22.01488971,281991.3138
540.1,1819.770588,11.71867819,19.61432962,23.75266544,282851.3388
540.9,1322.960294,8.850169462,19.10339355,25.07637868,283646.064
541.7,1343.388235,9.517858169,20.2154182,26.17159926,284252.2009
542.5,1398.955882,10.32477884,21.03591021,27.23235294,284887.3274
543.3,1460.297059,11.39386345,22.37739114,28.36985294,285565.5119
544.1,1532.473529,12.64131434,23.37750603,29.72876838,286391.7518
544.9,1610.2,13.55396944,24.3560432,31.30441176,287363.0307
545.7,1694.854412,14.82138241,25.01367906,32.92205882,288317.4476
546.5,1783.048529,15.21085851,25.08372587,34.65882353,289286.7864
547.3,1868.175,14.89573759,25.11901855,36.34862132,290318.9599
548.1,1941.816176,14.53178855,25.1195212,37.79908088,291442.8798
548.9,1606.122059,14.25476074,25.45898438,39.01948529,292403.3112
549.7,1539.767647,15.53362678,26.84986788,40.21764706,293367.5985
550.5,1590.388235,16.53022317,27.63539034,41.53786765,294425.0972
551.3,1642.854412,16.98601218,27.84273035,42.96314338,295565.0406
552,1697.507353,19.2980239,28.57421875,44.39586397,296698.3585
552.9,1756.848529,20.18856273,28.70680865,45.91939338,297869.0044
553.6,1811.5,16.36068905,25.20859662,47.45772059,299130.0949
554.5,1846.152941,11.55050839,18.8458611,48.45073529,300201.7528
555.3,1859.069118,9.214441636,15.1787971,48.78685662,300889.7864
556.1,1860.636765,8.765007468,14.73079906,48.85634191,301409.2809
556.9,1859.292647,8.863848518,15.75705136,48.753125,301968.4881
557.7,1861.358824,9.965174058,17.50391343,48.82058824,302580.6722
558.5,1866.733824,10.01805923,17.62989717,48.95294118,303256.3303
559.3,1873.335294,10.04832548,17.70629883,49.12426471,303948.6186
560.1,1879.888235,10.04663804,17.70629883,49.31075368,304651.2746
560.9,1886.269118,10.04437615,17.70629883,49.42077206,305429.4881
561.7,1892.305882,10.02595789,17.70629883,49.60459559,306119.2156
562.5,1897.654412,9.923777861,17.58975758,49.78060662,306785.948
563.3,1882.626471,8.88233858,14.86256319,49.80533088,307443.4053
564.1,1588.142647,7.966775333,13.40141745,49.71663603,308059.0695
564.9,1557.219118,7.201071347,11.88910989,49.56176471,308570.5831
565.7,1326.136765,4.160766602,1.033037971,49.30505515,308979.7724
566.5,1224.419118,3.697581572,0,48.58327206,309206.4498
567.3,1331.883824,3.25888241,0,47.51194853,309451.2518
568.1,1271.916176,3.554759306,0,45.47316176,309716.3695
568.9,1216.173529,4.109066234,0,43.46608456,309829.7077
569.7,1481.717647,4.986644072,0,41.29751838,309841.8125
570.5,1500.386765,5.061358284,0,39.46948529,309841.8125
571.2,1453.017647,5.04462747,0,38.10707721,309841.8125
572,1407.782353,5.031415154,0,36.928125,309841.8125
572.8,1373.401471,3.947718003,3.552066579,35.93547794,309925.4774
573.6,1339.302941,3.426405963,2.788732192,35.21636029,310293.4171
574.4,1366.651471,5.120131549,8.740521599,34.63988971,310650.6156
575.2,1444.079412,5.938182158,9.446267521,34.34099265,311058.4787
576,1475.625,7.407370175,13.21131089,34.12775735,311470.9708
576.8,1357.329412,7.058500402,13.48266602,34.30147059,311952.3603
577.6,1312.95,6.945405848,13.48266602,34.41433824,312425.7294
578.4,1316.527941,6.973194795,13.48266602,34.53042279,312882.6397
579.1,1321.501471,6.953160903,13.34896312,34.65735294,313320.6125
579.9,1322.927941,5.552188649,9.968620749,34.73299632,313809.2634
580.7,1319.258824,5.476397346,9.259033203,34.59770221,314198.1621
581.5,1313.598529,5.466631721,9.259033203,34.47784926,314556.261
582.2,1308.507353,5.427461512,9.259033203,34.29944853,314874.7033
583,1301.691176,5.40021111,9.259033203,34.04623162,315200.6601
583.8,1295.332353,5.396908031,9.452119715,33.88318015,315512.659
584.6,1290.098529,5.648049747,10.16960593,33.74935662,315845.5888
585.4,1285.894118,5.348797966,9.285924575,33.63869485,316200.0221
586.2,1272.188235,4.375610352,4.727819106,33.42058824,316510.6434
587,1249.820588,4.526654412,0,32.73474265,316772.9057
587.8,1174,4.35948989,0,30.82224265,316916.3711
588.6,997.1911765,3.123922909,0,28.53998162,316985.1594
589.4,1075.944118,2.399686926,0,26.32830882,317155.6735
590.2,844.5911765,1.875107709,0,23.90569853,317338.8471
590.9,709.2014706,1.696813247,0,21.49237132,317473.4213
591.7,653.5147059,1.564438764,0,19.14944853,317605.8548
592.5,633.0455882,1.735624426,0,16.96176471,317725.2978
593.3,639.6102941,1.613051471,0,14.58648897,317849.7307
594.1,639.4573529,1.662777171,0,12.14411765,317971.8704
594.8,626.8838235,1.810266831,0,9.937224265,318086.7517
595.6,617.4632353,1.990033318,0,7.702481618,318201.7239
596.4,617.7191176,2.499820485,0,5.177941176,318334.0485
597.2,621.2838235,2.593132468,0,2.796047794,318481.9789
598,623.85,2.597153608,0,0.808455882,318644.4145
598.7,624.9514706,2.605842142,0,0.026470588,318805.7739
599.5,634.3441176,2.548756319,0,0,318968.3877
600.3,655.1838235,2.078965131,0,0,319125.2114
601.1,647.075,2.253489775,0,0,319270.0676
601.8,649.3926471,2.204051298,0,0,319409.9559
602.6,653.7205882,2.219453699,0,0,319557.6563
603.4,651.5,2.241031422,0,0,319721.8846
604.2,650.0176471,2.242395738,0,0,319867.1467
605,653.1147059,2.126859777,0,0,320008.2638
605.7,642.0426471,2.210944681,0,0,320143.2868
606.5,651.0426471,2.138205136,0,0,320278.675
607.3,652.7,2.147539924,0,0,320434.5846
608.1,653.9264706,2.153212603,0,0,320577.173
608.9,654.0455882,2.146678251,0,0,320722.6066
609.7,652.4882353,2.156407973,0,0,320871.4415
610.5,648.2441176,2.180139878,0,0,321021.9151
611.2,643.9029412,2.204159007,0,0,321171.3355
612,650.6014706,2.160859949,0,0,321307.6085
612.8,651.2838235,2.163839901,0,0,321442.796
613.6,653.0426471,2.148940142,0,0,321589.1485
614.3,651.9676471,2.145637063,0,0,321728.882
615.1,649.325,2.156300264,0,0,321868.3188
615.9,643.8117647,2.122551413,0,0,322010.8599
616.7,659.825,2.35606474,0,0,322149.8158
617.4,682.2588235,2.797923369,6.431489832,0.515992647,322318.83
618.2,872.9382353,6.579051298,18.16215964,1.919669118,322518.4478
619,1329.172059,9.92352654,20.5657959,5.029503676,323069.6335
619.8,1514.157353,10.48117245,20.5800135,8.440992647,323833.0129
620.6,1726.341176,11.59122243,20.6533993,10.89494485,324569.0717
621.4,1445.445588,8.382676068,10.12627097,13.27205882,325327.3796
622.2,1219.225,4.155129825,0.02746582,14.25634191,325864.204
623,1118.2,3.06084128,2.456126494,14.04485294,326159.4561
623.7,1145.891176,3.788452148,6.203541475,13.68915441,326352.5581
624.5,1187.969118,4.635799632,8.986170152,13.59108456,326583.5974
625.4,1228.279412,5.182746438,9.013276942,13.73924632,326862.1952
626.1,1233.5,4.90151798,8.0800135,13.92849265,327203.5515
626.9,1221.2,4.449893727,6.63186466,14.04669118,327505.3548
627.7,1152.305882,3.293959674,2.599918141,13.95919118,327755.7803
628.5,919.8470588,3.309936523,0,13.4421875,327949.6167
629.3,927.7338235,2.986773323,0,11.92417279,328126.5983
630,770.3308824,2.582541073,0,9.796507353,328312.8318
630.8,707.2382353,2.29556813,0,8.369669118,328460.6336
631.6,661.9588235,2.428983801,0,6.668566176,328623.5594
632.4,646.6088235,2.666374655,0,3.425459559,328787.0886
633.2,640.5676471,2.704611386,0,0.681066176,328963.8605
633.9,630.0338235,2.574032054,0,0.008823529,329140.7063
634.7,651.6117647,2.086935604,0,0,329298.9364
635.5,645.9794118,2.175651999,0,0,329441.0318
636.3,653.8544118,2.041769589,0,0,329584.9563
637,657.1970588,2.069235409,0,0,329734.8603
637.8,644.6794118,2.167214786,0,0,329881.67
638.6,652.1882353,2.107041303,0,0,330029.6904
639.4,634.5588235,2.206313189,0,0,330172.9917
640.1,637.5926471,2.20466165,0,0,330301.5131
640.9,637.5588235,2.232235179,0,0,330431.3621
641.7,646.3029412,2.12725471,0,0,330569.2735
642.4,647.6044118,2.188182158,0,0,330704.8847
643.3,649.6426471,2.16832778,0,0,330856.498
644,650.7044118,2.131814396,0,0,331000.7046
644.8,643.7205882,2.192131491,0,0,331143.1188
645.6,648.6838235,2.187643612,0,0,331280.1037
646.4,655.0823529,2.143303366,0,0,331437.5671
647.2,641.1705882,2.175831514,0,0,331575.6268
648,645.1264706,2.221679688,0,0,331712.2724
648.8,648.8941176,2.135368796,0,0,331852.818
649.6,647.1308824,2.206133674,0,0,332013.7055
650.3,643.6852941,2.186171588,0,0,332150.2392
651.1,650.5514706,2.160644531,0,0,332286.3667
651.9,646.1485294,2.157161937,0,0,332427.8721
652.7,647.4588235,2.20703125,0,0,332582.775
653.5,649.825,2.20110725,0,0,332715.8169
654.2,683.3514706,2.412504308,0,0,332863.4974
655,715.2161765,2.83167222,2.493070715,0.434834559,333047.7599
655.8,772.6838235,4.250093348,8.500150793,1.858823529,333254.9717
656.6,1044.777941,6.58924776,13.80065918,3.638511029,333548.8908
657.4,1209.979412,7.11813534,15.2035702,6.083547794,334077.3526
658.1,1330.169118,8.032118853,18.00472484,7.809007353,334558.5377
659,1592.686765,10.99875057,21.44078872,9.516176471,335122.039
659.7,1675.579412,12.50578039,22.60835535,11.98226103,335908.8607
660.5,1627.645588,12.9770077,23.39782715,14.65101103,336788.2357
661.3,1550.779412,12.25826488,23.39782715,17.29705882,337776.2432
662.1,1554.205882,12.55712173,23.39782715,19.64384191,338609.6029
662.9,1730.947059,13.48683077,23.39782715,21.88400735,339445.8254
663.7,1897.623529,13.19142061,23.39782715,24.08474265,340327.755
664.5,1692.930882,12.58160759,23.39782715,25.94715074,341297.2301
665.3,1422.429412,11.83274213,23.39782715,27.62270221,342153.8768
666.1,1498.348529,11.35009766,21.22418572,29.09476103,342918.0325
666.9,1559.285294,10.10971967,19.42106359,30.38152574,343645.0064
667.7,1604.661765,9.026237937,14.9952608,31.30882353,344363.4204
668.5,1630.880882,7.607062845,11.38517492,31.80569853,344960.4818
669.3,1638.125,6.453426585,9.23224954,31.99972426,345390.648
670.1,1637.386765,6.213019876,8.849702723,31.98088235,345773.9697
670.9,1629.323529,5.529821059,6.870727539,31.79044118,346187.3882
671.7,1616.392647,5.497149299,6.771850586,31.56608456,346511.3257
672.5,1601.216176,5.437873392,6.536721622,31.290625,346850.9994
673.3,1586.801471,5.422614602,7.867108513,31.00689338,347185.4138
674.1,1579.144118,6.666941923,10.48583984,30.83170956,347561.4515
674.9,1579.623529,6.63506003,10.48583984,30.83676471,347987.3665
675.6,1581.816176,6.753145106,10.5729047,30.87362132,348419.4004
676.4,1585.344118,6.74420525,10.62316895,30.95735294,348846.7667
677.2,1589.088235,6.751529469,10.66086713,30.99558824,349281.6728
678,1592.363235,6.827859318,10.69946289,31.08943015,349798.5719
678.8,1596.179412,6.770270852,10.69946289,31.14522059,350241.0469
679.6,1599.201471,6.80883071,10.69946289,31.24889706,350665.9483
680.4,1601.833824,6.774435604,10.69946289,31.25,351093.8232
681.2,1604.552941,6.817842371,10.69946289,31.33704044,351566.6151
682,1607.333824,6.854786592,10.69946289,31.37490809,352014.8112
682.8,1609.866176,6.798382927,10.69946289,31.41727941,352443.1112
683.6,1612.325,6.818129596,10.69946289,31.5,352885.0211
684.4,1615.448529,6.865449793,10.69946289,31.50137868,353331.7825
685.2,1618.848529,6.863726448,10.69946289,31.590625,353800.6493
686,1621.854412,6.871230182,10.69946289,31.62555147,354228.0884
686.8,1624.525,6.877082376,10.69946289,31.71470588,354648.6925
687.6,1627.266176,6.87417423,10.69946289,31.75,355116.5936
688.4,1629.898529,6.747903263,10.35687615,31.82867647,355561.764
689.2,1627.904412,6.054077148,8.535479377,31.78676471,355990.3647
690,1608.455882,5.059491326,4.048569623,31.58088235,356364.448
690.8,1582.407353,5.418665269,0,30.98088235,356689.1645
691.6,1469.172059,5.281802907,0,28.86746324,356966.4564
692.4,1381.930882,4.89440918,0,27.03079044,357032.9895
693.2,1295.398529,4.428567325,0,25.29126838,357038.6719
694,1195.332353,4.149062213,0,23.4046875,357038.6719
694.8,1029.286765,3.109094956,0,21.38805147,357051.4763
695.5,760.9323529,2.570944393,0,19.66939338,357239.1746
696.3,810.825,2.270112879,0,17.78318015,357513.8373
697.1,725.2029412,2.050099092,0,15.12821691,357688.8695
697.9,687.3691176,1.908210306,0,11.46966912,357840.2355
698.7,645.4191176,2.0265108,0,7.915073529,357976.166
699.4,627.4573529,2.548504998,0,4.771966912,358130.4074
700.2,631.0323529,2.511524874,0,2.310845588,358304.6279
701,626.7779412,2.527429917,0,0.447702206,358479.7353
701.8,627.6323529,2.560568417,0,0,358651.352
702.6,634.85,2.572129193,0,0,358822.0127
703.4,660.7058824,1.962423886,0,0,359001.4522
704.1,656.1485294,2.049883674,0,0,359160.3217
704.9,657.6117647,2.057064281,0,0,359304.4952
705.7,658.1014706,2.056561638,0,0,359448.1232
706.5,656.2661765,2.07953958,0,0,359619.7077
707.3,655.5338235,2.051822438,0,0,359774.075
708.1,639.8485294,2.169548483,0,0,359919.2638
708.9,635.5882353,2.197050207,0,0,360051.4719
709.6,642.4323529,2.111995921,0,0,360202.2081
710.4,644.3455882,2.155869428,0,0,360344.9838
711.2,653.0308824,2.109339097,0,0,360480.5171
712,652.1029412,2.071712718,0,0,360620.6097
712.8,653.2838235,2.11339614,0,0,360767.4952
713.6,654.1617647,2.062593348,0,0,360917.3531
714.3,643.9220588,2.119176528,0,0,361060.7969
715.1,642.4073529,2.13364545,0,0,361192.0882
715.9,648.7588235,2.123987534,0,0,361330.4118
716.7,646.2779412,2.068014706,0,0,361477.4063
717.4,645.275,2.126177619,0,0,361615.1121
718.2,649.2735294,2.123592601,0,0,361765.9256
719,649.0294118,2.068840476,0,0,361901.1559
719.8,645.7044118,2.123161765,0,0,362043.4522
720.6,645.8,2.093110926,0,0,362181.9557
721.3,644.6573529,2.063993566,0,0,362326.629
722.1,639.9044118,2.174215878,0,0,362471.4026
722.9,660.8588235,2.532707663,0,0.154044118,362625.0522
723.7,711.3220588,2.839642693,1.949426988,1.477573529,362813.0846
724.5,769.1764706,4.093089384,6.946877872,2.569117647,362998.8566
725.2,1005.338235,5.68158318,10.14939252,4.0640625,363295.1517
726,1114.138235,5.979434743,12.66278435,5.858455882,363697.4768
726.8,1216.120588,6.492991728,13.61554314,7.136121324,364088.1893
727.6,1371.592647,7.520428826,15.07686839,8.4,364493.6478
728.4,1549.173529,8.378654929,15.70104262,9.848805147,365060.9353
729.2,1472.741176,9.095351275,18.3889232,11.27564338,365641.2546
730,1407.682353,9.390007468,19.51599121,13.07159926,366284.6175
730.8,1490.520588,9.75722369,19.51599121,14.74411765,366955.5614
731.5,1422.05,9.394818474,19.57006118,16.41341912,367663.9835
732.3,1426.622059,9.560798196,19.65942383,18.15091912,368304.698
733.1,1550.822059,10.04545324,19.76246553,19.62647059,368944.3347
733.9,1673.122059,10.76947381,19.96944652,21.25091912,369630.1301
734.7,1789.070588,11.02434944,19.95515711,22.77738971,370359.3217
735.5,1468.389706,9.702507468,19.63921042,24.1609375,371158.0178
736.3,1303.639706,8.962976792,19.69065947,25.35560662,371795.2719
737.1,1357.629412,9.507123162,20.20550896,26.43768382,372373.4713
737.9,1415.452941,10.22098317,20.94022863,27.54852941,372999.1342
738.6,1479.258824,11.63168514,23.23403751,28.73345588,373671.4511
739.4,1559.225,13.93317727,25.27426327,30.24852941,374466.1338
740.2,1651.802941,15.24963379,26.03594612,32.06488971,375503.0754
741,1749.025,15.64654182,26.0925293,33.95661765,376483.6452
741.8,1843.419118,15.47104779,26.15787282,35.84154412,377480.6254
742.7,1934.570588,15.48479866,26.53503418,37.57362132,378550.4847
743.5,1991.575,15.21943934,26.53503418,39.20882353,379649.3636
744.3,1586.776471,15.32237333,26.53503418,40.49558824,380669.0625
745.1,1598.469118,15.31429515,26.53503418,41.80854779,381649.9357
745.8,1648.845588,15.59444652,26.71365177,43.17564338,382647.3945
746.6,1700.061765,17.01218549,27.87421731,44.48088235,383809.2086
747.4,1755.554412,18.36537081,28.1936107,45.90523897,384912.4564
748.2,1809.441176,16.62619198,27.4147303,47.35808824,386060.3974
749,1850.955882,12.79584099,18.97988712,48.56066176,387123.475
749.8,1866.613235,8.730755974,14.68024759,48.96130515,387981.4627
750.6,1867.797059,8.43951057,14.2791748,49.01102941,388472.4676
751.4,1866.467647,8.414522059,14.2791748,48.96893382,388964.1195
752.2,1865.069118,8.467981675,14.2791748,48.91084559,389486.4441
753.1,1863.466176,8.438577091,14.2791748,48.87628676,390053.7096
753.8,1861.564706,8.342751896,14.2815085,48.86213235,390644.8772
754.7,1859.379412,8.456133674,14.37399472,48.81295956,391189.1967
755.5,1857.239706,8.377900965,14.41650391,48.75744485,391719.2983
756.3,1855.505882,8.395708869,14.41650391,48.67628676,392274.9285
757.1,1853.164706,8.384794347,14.41650391,48.625,392819.5232
757.8,1851.294118,8.386589499,14.41650391,48.62233456,393386.6088
758.6,1849.238235,8.375531365,14.41650391,48.52545956,393949.4869
759.5,1847.614706,8.380701402,14.41650391,48.50101103,394495.4893
760.3,1834.419118,6.218010398,4.504717659,48.35128676,395034.2338
761.1,1809.960294,6.491376091,0,47.65009191,395408.3088
761.9,1768.107353,6.51313333,0,46.47490809,395564.959
762.7,1723.189706,6.375876034,0,45.25974265,395572.4531
763.5,1677.658824,6.238582835,0,44.11305147,395572.4531
764.3,1632.436765,6.137120864,0,42.88520221,395572.4531
765.1,1587.514706,5.932473575,0,41.65257353,395572.4531
765.9,1543.244118,5.683127011,0,40.53226103,395572.4531
766.7,1499.317647,5.524363798,0,39.41488971,395572.4531
767.5,1455.307353,5.302985696,0,38.20450368,395572.4531
768.3,1412.033824,5.120346967,0,37.04944853,395572.4531
769.1,1368.630882,4.983700023,0.159983915,35.89779412,395572.4531
769.9,1335.161765,3.251378676,3.065544577,35.00395221,395649.4406
770.7,1312.713235,3.752979952,4.567547966,34.36525735,396064.4206
771.5,1293.970588,4.140804515,6.316420611,33.82950368,396417.1634
772.3,1282.463235,5.36315918,10.50321691,33.52647059,396710.0267
773.1,1280.729412,6.428007238,13.28746122,33.48382353,397047.0796
773.8,1284.232353,6.706973805,13.73596191,33.58088235,397468.6349
774.6,1288.845588,6.70087029,13.73596191,33.71397059,397920.0941
775.4,1294.451471,6.713472254,13.79839729,33.81323529,398365.1868
776.2,1301.492647,6.789514878,13.84887695,34.02481618,398823.7369
777,1309.517647,6.850478228,13.84887695,34.29604779,399266.1825
777.8,1316.097059,6.842974494,13.84887695,34.51663603,399739.0305
778.6,1321.835294,6.881857479,13.83379768,34.68943015,400227.8351
779.4,1328.389706,6.68891458,13.23518641,34.82040441,400703.2737
780.2,1332.270588,6.459171071,12.56541533,34.93851103,401121.086
781,1323.310294,4.576308307,4.373671588,34.93823529,401523.6452
781.7,1305.777941,4.72491096,0,34.25275735,401807.9347
782.5,1239.852941,4.483606675,0,32.53345588,401946.8956
783.3,1154.208824,4.241045784,0,30.28694853,401972.2813
784.1,959.8985294,3.003145106,0,28.84770221,402002.602
784.9,950.5735294,2.190444049,0,26.99145221,402274.9987
785.6,836.2147059,1.714190315,0,24.80137868,402522.111
786.4,689.8705882,1.552877987,0,22.37325368,402657.3897
787.2,639.9661765,1.540419635,0,19.87840074,402764.0358
788,628.4382353,1.664644129,0,17.41672794,402870.5774
788.8,629.3485294,1.645148782,0,14.66580882,402988.2456
789.6,628.3102941,1.769157858,0,11.69099265,403104.8463
790.4,620.6205882,1.848395852,0,9.009466912,403211.514
791.1,619.0838235,2.209508559,0,6.502481618,403331.921
791.9,624.6191176,2.490521599,0,4.319761029,403472.2996
792.7,627.1294118,2.499246036,0,2.428216912,403650.4283
793.5,626.925,2.462158203,0,0.558823529,403813.7518
794.3,629.1485294,2.458388385,0,0,403979.7551
795,639.9014706,2.221320657,0,0,404139.3336
795.8,649.575,1.978400735,0,0,404287.1792
796.6,648.0470588,2.003927792,0,0,404417.2987
797.4,648.7838235,2.000876034,0,0,404570.5634
798.1,647.9485294,2.025074678,0,0,404715.9566
798.9,648.8161765,2.05232508,0,0,404855.6619
799.7,647.7632353,2.041302849,0,0,404997.4767
800.5,646.2764706,2.080760283,0,0,405135.2178
801.2,643.7132353,2.04758588,0,0,405287.5452
802,642.8455882,2.08144244,0,0,405436.8798
802.8,637.5308824,2.130952723,0,0,405567.6623
803.6,647.1852941,2.026474897,0,0,405700.5851
804.4,642.6382353,2.109626321,0,0,405855.5509
805.2,642.3397059,2.098819508,0,0,406001.9342
806,649.0352941,2.03799977,0,0,406142.3033
806.8,638.7426471,2.133394129,0,0,406279.3162
807.6,636.4367647,2.143267463,0,0,406438.4684
808.4,641.5073529,2.10097369,0,0,406568.1028
809.2,642.6044118,2.108369715,0,0,406701.0188
809.9,646.6573529,2.069989373,0,0,406840.9092
810.7,639.0308824,2.163552677,0,0,406985.9833
811.5,643.0705882,2.117848116,0,0,407123.2046
812.3,648.5161765,2.09942986,0,0,407261.3469
813.1,639.3205882,2.128511317,0,0,407399.5625
813.8,640.4911765,2.106215533,0,0,407531.5296
814.6,646.9058824,2.083632525,0,0,407676.9579
815.4,641.95,2.123915728,0,0,407814.4072
816.1,640.8691176,2.091818417,0,0,407952.6121
816.9,640.5735294,2.138600069,0,0,408090.0971
817.7,639.3779412,2.147073185,0,0,408226.9618
818.4,650.8264706,2.026474897,0,0,408364.6121
819.2,640.0808824,2.157126034,0,0,408501.3188
820,642.9573529,2.083847943,0,0,408652.1193
820.8,639.4441176,2.044641831,0,0,408793.6493
821.5,674.2426471,2.475119198,0,0,408934.8287
822.3,690.025,2.692081227,4.277415556,0.880882353,409110.6915
823.1,785.8323529,4.695003734,9.34469784,2.147702206,409289.0239
823.9,1050.813235,6.000904756,12.32877844,4.070220588,409626.4053
824.7,1140.817647,6.169397691,13.478968,6.069761029,410042.8318
825.5,1252.733824,6.781903435,14.89290125,7.421047794,410413.3189
826.3,1420.445588,7.582433364,15.14282227,8.834650735,410860.5127
827.1,1576.135294,8.180075253,15.46289781,10.18207721,411397.1526
827.8,1361.104412,8.456025965,17.9367604,11.60110294,411939.9958
828.6,1358.752941,8.029856962,16.79626465,13.17931985,412486.7594
829.4,1364.976471,7.335169175,14.92970186,14.30928309,413014.6719
830.2,1360.814706,7.45892693,15.8463063,15.24935662,413539.246
831,1293.392647,7.87109375,18.01535214,16.35588235,414034.9268
831.8,1390.589706,8.697761087,18.30214557,17.73244485,414548.6825
832.6,1493.975,9.181913488,18.27557732,18.99053309,415137.8563
833.4,1594.707353,9.359920726,18.01506491,20.22205882,415754.243
834.1,1689.351471,9.777078068,18.01452637,21.48823529,416421.079
834.9,1780.513235,10.00107709,18.08385512,22.67693015,417088.9296
835.7,1549.207353,9.622623219,18.93838321,23.80487132,417748.9024
836.5,1284.1,8.733161477,19.59217745,24.90073529,418343.4176
837.3,1335.911765,9.263341567,20.10192871,26.00533088,418942.2684
838.1,1391.447059,9.636733111,20.40760713,27.08088235,419581.0781
838.9,1454.004412,11.65556066,23.32332835,28.25441176,420303.9313
839.7,1530.236765,12.74532543,24.00483973,29.76047794,421106.4338
840.5,1617.85,14.69399845,25.69063074,31.42886029,421989.1364
841.3,1710.923529,15.35005457,25.78430176,33.23740809,422933.4638
842,1804.55,15.48095703,25.81542969,35.12481618,424064.936
842.9,1892.807353,15.1455868,25.85844152,36.80863971,425056.8125
843.7,1971.701471,14.88094554,25.8972168,38.40827206,426107.6
844.5,1666.142647,14.74476534,25.8972168,39.71856618,427163.239
845.3,1566.611765,14.7384105,25.8972168,40.94237132,428247.5789
846.1,1614.638235,14.93077895,25.8972168,42.12279412,429224.9976
846.9,1661.714706,15.15233657,25.8972168,43.52886029,430213.2147
847.7,1708.436765,15.35177792,25.8972168,44.69154412,431293.5882
848.5,1755.020588,15.58399874,25.8972168,45.87830882,432387.7588
849.3,1800.552941,15.45008042,25.9339815,47.12591912,433431.693
850.1,1844.894118,15.65490723,26.68255974,48.29733456,434467.7813
850.9,1890.017647,16.67979521,27.89037368,49.425,435644.6941
851.7,1935.997059,16.67340447,28.0492446,50.63033088,436801.4362
852.5,1980.717647,16.39860265,28.09448242,51.86884191,437958.068
853.3,2030.010294,21.37293199,31.35519589,53.06360294,439119.921
854.1,2095.305882,28.94936954,33.84395824,54.71240809,440676.4493
855,2171.880882,36.96824018,35.08656221,56.63143382,442552.65
855.8,2254.283824,41.96870692,35.2142334,58.82711397,444423.2796
856.6,2339.563235,42.0229205,35.2142334,60.85772059,446534.2031
857.4,2423.270588,41.15697524,34.48217055,62.92904412,448612.7469
858.2,2203.326471,19.49847053,28.40332031,65.03400735,450879.58
859,1848.014706,14.51814539,25.35888672,65.98814338,452228.4164
859.9,1863.039706,14.55243279,25.21972656,66.5140625,453244.6939
860.6,1876.942647,14.54155417,25.21972656,67.01075368,454374.5193
861.5,1889.973529,14.48525821,25.21972656,67.47169118,455438.9381
862.3,1901.591176,13.77075195,24.46529613,67.89825368,456447.7033
863.1,1911.879412,13.65306181,24.30240407,68.21920956,457457.0772
863.9,1921.066176,13.40759277,24.10425523,68.60818015,458525.4846
864.7,1929.382353,13.13720703,23.66756664,68.96691176,459500.7313
865.5,1754.163235,12.13088092,22.48316148,69.10238971,460358.6625
866.3,1528.929412,11.39249914,22.33850816,69.24889706,461201.5533
867.1,1530.886765,11.39745376,22.29003906,69.32224265,462002.7026
867.9,1533.066176,11.42362707,22.29003906,69.43125,462811.4017
868.6,1534.897059,11.42362707,22.29003906,69.48354779,463576.2993
869.4,1536.952941,11.20986041,21.62547392,69.62922794,464361.9906
870.2,1536.808824,9.523279527,18.77728631,69.61801471,465094.2206
871,1534.916176,9.418837603,18.66149902,69.55330882,465748.0801
871.8,1532.352941,9.427813362,18.66149902,69.44448529,466374.579
872.6,1530.102941,9.444472369,18.79419663,69.31507353,466996.7813
873.4,1527.967647,9.53846651,18.92215504,69.13419118,467635.8881
874.2,1525.782353,9.567691579,19.05668371,69.11332721,468242.8857
874.9,1524.802941,10.29645134,20.66625259,69.05569853,468909.5555
875.7,1524.761765,10.64295152,21.1151123,69.07261029,469667.5406
876.5,1525.469118,10.69519043,21.10452091,69.07077206,470365.1794
877.3,1525.802941,10.50389907,20.98083496,69.06488971,471078.5689
878.1,1526.304412,10.49768784,20.91491699,69.12573529,471781.8006
878.9,1526.870588,10.45560949,20.81604004,69.14577206,472467.2506
879.6,1526.964706,10.43338551,20.81604004,69.1640625,473215.4167
880.4,1527.147059,10.44878791,20.81604004,69.14540441,473883.4259
881.2,1527.342647,10.46271829,20.81604004,69.14604779,474574.9654
882,1527.744118,10.47176585,20.81604004,69.15413603,475252.657
882.8,1528.005882,10.48325483,20.81604004,69.17205882,475945.5474
883.6,1528.269118,10.46968348,20.81604004,69.20147059,476703.5809
884.4,1528.791176,10.44929056,20.81604004,69.24126838,477393.489
885.2,1529.010294,10.43729894,20.81604004,69.22417279,478055.002
886,1529.413235,10.44074563,20.81604004,69.24053309,478745.0346
886.7,1529.764706,10.45884076,20.81604004,69.28363971,479498.5862
887.5,1529.977941,10.47201718,20.81604004,69.30137868,480193.1026
888.3,1530.205882,10.47481761,20.81604004,69.2734375,480876.8489
889.1,1530.607353,10.47040154,20.81604004,69.33051471,481529.7123
889.9,1530.930882,10.46106675,20.81604004,69.37867647,482272.3686
890.7,1531.225,10.46803194,20.81604004,69.3234375,482992.796
891.5,1531.544118,10.45061897,20.81604004,69.37334559,483664.2007
892.3,1531.829412,10.47417136,20.81604004,69.38584559,484345.4254
893,1531.569118,10.01256606,20.16885196,69.38051471,485027.1664
893.8,1531.326471,9.955085306,19.96154785,69.36415441,485721.673
894.6,1530.555882,9.985423369,19.96154785,69.33897059,486391.9798
895.4,1529.620588,9.897101907,19.96154785,69.29558824,487038.3868
896.2,1529.155882,9.969087489,19.96154785,69.23180147,487698.2434
897,1528.198529,9.904210708,19.96154785,69.21148897,488349.8202
897.8,1527.692647,9.957598518,19.96154785,69.1984375,489045.0456
898.6,1526.782353,9.897676356,19.96154785,69.15284926,489717.5487
899.3,1526.280882,9.953577378,19.96154785,69.11084559,490363.4713
900.1,1525.397059,9.863317153,19.96154785,69.08887868,491012.7357
900.9,1524.717647,9.926219267,19.96154785,69.06158088,491678.8322
901.7,1524.152941,9.90589815,19.96154785,69.04200368,492408.1232
902.5,1523.497059,9.899076574,19.96154785,69.02012868,493039.7969
903.3,1522.886765,9.900045956,19.96154785,68.98621324,493668.7037
904.1,1522.205882,9.950597426,19.96154785,68.95569853,494338.0004
904.9,1521.630882,9.911750345,19.96154785,68.8984375,495036.0625
905.7,1521.104412,9.885541131,19.96154785,68.89705882,495691.1969
906.5,1520.405882,9.833194508,19.96154785,68.87371324,496325.8695
907.3,1519.836765,9.92945054,19.96154785,68.82352941,496963.1875
908.1,1519.327941,9.872185202,19.96154785,68.79209559,497709.6789
908.8,1518.705882,9.869277057,19.96154785,68.82766544,498322.1801
909.6,1518.195588,9.877211627,19.96154785,68.77886029,498971.8313
910.4,1517.539706,9.873370002,19.96154785,68.74678309,499613.7932
911.2,1517.042647,9.871323529,19.96047076,68.72527574,500294.2768
912,1505.476471,5.802935432,1.076408835,68.38915441,500923.3029
912.7,1488.914706,5.329410329,0,67.45128676,501170.4559
913.5,1450.685294,5.025060317,0,65.77251838,501182.9375
914.3,1404.267647,4.703369141,0,63.64834559,501182.9375
915.1,1352.744118,4.413631664,0,61.33630515,501182.9375
915.9,1296.185294,4.19921875,0,58.72058824,501182.9375
916.7,1363.292647,4.453519933,0,56.003125,501182.9375
917.5,1502.286765,5.085808249,0,53.72435662,501182.9375
918.3,1468.808824,5.029871324,0,52.52794118,501182.9375
919.1,1440.301471,5.292214786,0.600334616,51.50827206,501182.9375
919.9,1412.551471,5.510289809,1.300264246,50.44880515,501182.9375
920.7,1393.439706,3.584379308,4.373599782,49.73189338,501321.6963
921.5,1381.527941,4.854233686,8.285809685,49.20413603,501739.6901
922.3,1369.142647,5.48745548,9.464937098,48.89494485,502147.3261
923.1,1361.472059,5.475535673,9.487915039,48.63520221,502537.5386
923.9,1353.830882,5.454819623,9.501594095,48.34090074,502864.6548
924.7,1347.095588,5.689266429,10.35465016,48.12012868,503213.1254
925.4,1341.366176,5.813347312,10.87068446,47.91534926,503572.0739
926.2,1339.314706,7.34209846,15.32050638,47.78391544,504043.7822
927,1339.094118,7.027587891,14.16855756,47.84466912,504565.1189
927.8,1338.627941,6.854463465,13.56811523,47.80891544,505021.8656
928.6,1337.485294,6.956787109,14.42163804,47.77794118,505459.1213
929.4,1338.470588,7.703462489,16.0179587,47.78272059,505951.946
930.2,1340.794118,7.718326344,16.02478027,47.89797794,506479.2314
931,1343.477941,7.724824793,16.02478027,48.01102941,506986.1063
931.8,1346.782353,7.744284237,16.02478027,48.09154412,507480.6978
932.6,1349.429412,7.754085765,16.02478027,48.20395221,508047.0118
933.4,1352.861765,7.849875057,16.02478027,48.27941176,508559.8881
934.2,1356.017647,7.78977338,16.02478027,48.42895221,509074.3882
934.9,1359.207353,7.800113454,16.02478027,48.54329044,509599.9706
935.7,1361.952941,7.795051126,16.02478027,48.63308824,510102.9153
936.5,1364.905882,7.796738568,16.02478027,48.75882353,510667.8932
937.3,1367.748529,7.821547564,16.02478027,48.82003676,511167.057
938.1,1370.605882,7.843735639,16.02478027,48.94494485,511684.4063
938.9,1373.573529,7.897805607,16.02478027,49.01204044,512175.5414
939.7,1376.433824,7.820111443,16.02478027,49.11976103,512689.7476
940.5,1379.470588,7.881074793,16.02478027,49.22527574,513228.1024
941.2,1382.172059,7.874684053,15.95150218,49.35707721,513774.3827
942.1,1384.769118,7.834795784,15.73550954,49.3765625,514273.9855
942.8,1387.036765,7.792717429,15.72570801,49.48961397,514779.6838
943.6,1389.647059,7.747120577,15.59265137,49.59871324,515293.7318
944.4,1390.939706,7.293808881,14.4058048,49.63777574,515833.329
945.2,1390.794118,7.181324678,13.90075684,49.66314338,516278.0349
946,1390.276471,7.10061466,13.71025534,49.65670956,516720.3094
946.8,1388.339706,6.489796358,12.20703125,49.53952206,517153.9688
947.6,1385.547059,6.57291188,12.20703125,49.4578125,517608.0143
948.4,1382.732353,6.576286765,12.20703125,49.37095588,517988.8037
949.2,1379.851471,6.568818934,12.29309082,49.25119485,518391.6544
950,1376.922059,6.625330308,12.51831055,49.13924632,518796.72
950.8,1374.295588,6.665003159,12.62235754,49.06810662,519244.0452
951.5,1372.185294,6.69483858,12.65869141,48.95762868,519627.5952
952.3,1369.819118,6.676025391,12.65869141,48.90009191,520037.3754
953.1,1367.780882,6.668162626,12.67190372,48.85689338,520459.725
953.9,1365.691176,6.67056813,12.68920898,48.77619485,520897.9976
954.7,1363.716176,6.665828929,12.7118279,48.68924632,521297.1583
955.5,1361.507353,6.654339959,12.73498535,48.62398897,521712.6704
956.3,1359.622059,6.748477711,12.92986702,48.5578125,522125.6461
957.1,1358.172059,6.697854435,12.99133301,48.47270221,522536.1153
957.9,1356.314706,6.755227482,13.23127298,48.42610294,522974.6783
958.7,1355.305882,6.990859088,13.79394531,48.3828125,523409.429
959.5,1354.755882,6.989566579,13.86205337,48.38097426,523843.182
960.2,1354.036765,7.007194968,13.87939453,48.36636029,524286.2914
961,1353.814706,7.021161248,13.87939453,48.36470588,524728.8642
961.8,1353.204412,7.028449563,13.97977941,48.30707721,525196.991
962.6,1353.986765,7.560424805,15.74918859,48.32720588,525648.2035
963.4,1356.914706,8.040986903,16.58325195,48.45680147,526140.6335
964.2,1360.932353,8.102057962,16.58325195,48.58391544,526661.9864
965,1364.739706,7.685151942,15.65497903,48.73455882,527213.2996
965.8,1367.469118,7.591050092,15.39285099,48.82904412,527710.9199
966.6,1369.297059,7.615715476,15.37475586,48.88299632,528189.246
967.4,1371.241176,7.512925092,15.16106101,48.94099265,528667.3496
968.2,1372.411765,7.183730182,14.26818848,49.00597426,529139.2566
969,1372.282353,6.896326402,13.47002815,49.00202206,529650.1651
969.8,1371.573529,6.884693819,13.21411133,48.99136029,530064.3805
970.5,1370.067647,6.84031767,13.22843664,48.91764706,530460.8176
971.3,1369.022059,7.002024931,13.74737908,48.86856618,530881.1932
972.1,1368.263235,7.077600816,13.81135828,48.87463235,531333.777
972.9,1367.944118,7.062988281,13.82141113,48.87233456,531763.6406
973.7,1367.697059,7.053797105,13.82141113,48.85027574,532198.3063
974.5,1367.391176,7.060762293,13.82141113,48.84108456,532622.5807
975.3,1367.051471,7.063634536,13.85207232,48.84494485,533060.191
976.1,1366.65,7.066434972,13.90075684,48.79724265,533536.1704
976.8,1366.695588,7.092033835,13.92229866,48.76645221,533972.8833
977.6,1366.254412,7.099178539,13.97399902,48.80248162,534395.9836
978.4,1365.920588,7.086181641,13.97399902,48.77674632,534833.9969
979.2,1366.144118,7.078318876,13.97399902,48.80045956,535270.0994
980,1365.816176,7.119104722,13.97399902,48.76663603,535734.1393
980.8,1365.991176,7.07752901,13.97399902,48.77242647,536194.414
981.6,1365.792647,7.08510455,13.97399902,48.76553309,536627.7404
982.4,1365.816176,7.086827895,13.97629682,48.77674632,537055.5184
983.2,1366.008824,7.095157399,14.00602453,48.76764706,537532.4553
983.9,1365.916176,7.102948357,14.01062012,48.77224265,537972.1936
984.7,1365.798529,7.103845933,14.01062012,48.78382353,538401.9917
985.5,1365.911765,7.104599897,14.01062012,48.77536765,538838.7632
986.3,1366.15,7.115873449,14.01062012,48.76856618,539291.1342
987.1,1366.161765,7.202686983,14.67364143,48.76424632,539750.216
987.9,1371.229412,10.04545324,22.03990263,48.87858456,540238.5094
988.7,1385.291176,12.27822696,24.0814209,49.39577206,540911.3033
989.5,1403.947059,12.40981158,24.21724207,50.07674632,541727.3235
990.3,1423.477941,12.7485567,24.48658663,50.71847426,542582.5463
991.1,1444.073529,13.57608571,25.82648782,51.51397059,543375.4193
991.9,1472.351471,26.62712546,32.54444795,52.49264706,544261.4835
992.6,1506.660294,33.75718061,33.13598633,53.70202206,545395.3925
993.4,1545.427941,35.41335162,33.13598633,54.98943015,546741.2175
994.2,1585.616176,35.75942096,33.62706801,56.55974265,548172.1781
995,1626.954412,36.08983657,33.87451172,57.97941176,549581.2491
995.8,1670.007353,35.83865895,34.04440487,59.50303309,551048.3906
996.6,1712.482353,37.91299259,34.84540154,61.10202206,552511.9485
997.4,1756.151471,38.11623966,34.99134737,62.58566176,554104.1149
998.2,1800.269118,39.03029498,35.14975155,64.19200368,555814.1086
999,1844.525,39.30642521,35.20812988,65.80827206,557465.4443
999.8,1885.910294,30.18418256,32.46233772,67.25303309,559104.7046
1000.6,1915.220588,16.6240019,25.67393583,68.45376838,560616.0561
1001.4,1838.694118,11.29986931,21.25757554,68.85661765,561784.6213
1002.2,1525.15,10.49452838,21.47144991,68.87527574,562476.1691
1003,1523.119118,11.12645766,22.04406738,68.99080882,563168.6011
1003.8,1525.226471,11.22619629,22.10398955,69.08262868,563907.9132
1004.6,1527.4,11.24964097,22.1259622,69.20735294,564762.7737
1005.4,1529.727941,11.27563477,22.1424776,69.25367647,565539.3938
1006.2,1531.886765,11.30144905,22.16872271,69.34154412,566291.966
1006.9,1534.102941,11.37741986,22.21069336,69.51139706,567042.9813
1007.7,1535.920588,10.8298268,20.94834272,69.51930147,567878.2068
1008.5,1535.775,9.946683996,19.91882324,69.50514706,568581.9246
1009.3,1535.079412,9.927188649,19.91882324,69.53667279,569192.1688
1010.1,1534.298529,9.958208869,19.91882324,69.50965074,569819.2261
1010.9,1533.476471,9.962086397,19.91882324,69.46470588,570568.1511
1011.7,1532.608824,9.97088264,19.91882324,69.44402574,571220.0074
1012.5,1532.016176,9.950776942,19.91882324,69.38556985,571869.4607
1013.3,1531.129412,9.949628045,19.92104923,69.36672794,572530.4651
1014,1530.841176,10.69088207,21.47985122,69.2984375,573209.5862
1014.8,1532.408824,11.13309972,21.82469985,69.36801471,573989.3028
1015.6,1534.647059,11.65337058,22.68978343,69.50413603,574742.6094
1016.4,1537.611765,11.78563735,22.82104492,69.63033088,575473.8388
1017.2,1541.145588,12.01394474,23.11401367,69.76773897,576279.1268
1018,1544.680882,12.09605497,23.20725385,69.92766544,577062.6382
1018.8,1548.413235,12.11181641,23.2635498,70.09669118,577918.8318
1019.6,1551.951471,11.87460507,22.39024443,70.259375,578709.5487
1020.4,1552.295588,9.419447955,18.51720473,70.27867647,579459.5467
1021.2,1550.904412,9.371230182,18.48754883,70.21847426,580070.7316
1021.9,1548.488235,9.395823759,18.49243164,70.11939338,580747.4278
1022.7,1546.167647,9.405625287,18.80180808,70.00294118,581323.1121
1023.5,1544.401471,9.855023552,19.5098877,69.91544118,581942.5974
1024.3,1543.233824,9.777832031,19.59120807,69.88786765,582595.0846
1025.1,1541.975,9.858793371,19.71101649,69.85533088,583313.5037
1025.9,1540.3,9.321504481,18.47229004,69.75441176,583962.8042
1026.7,1538.105882,9.359202665,18.47229004,69.65698529,584560.3142
1027.5,1535.963235,9.384693819,18.79279642,69.57555147,585162.7178
1028.3,1534.369118,9.728752585,19.37291762,69.48106618,585817.8836
1029,1533.423529,9.910314223,19.9053237,69.44512868,586503.7452
1029.8,1532.736765,9.996122472,19.97680664,69.37628676,587146.8217
1030.6,1532.351471,10.17452464,20.50282198,69.40165441,587801.4954
1031.4,1532.486765,10.36667768,20.703125,69.43887868,588473.2645
1032.2,1533.141176,10.34258674,20.703125,69.47886029,589224.9292
1033,1533.679412,10.33770393,20.703125,69.41102941,589883.6107
1033.8,1534.058824,10.29953901,20.703125,69.52536765,590556.0349
1034.6,1534.566176,10.34962374,20.703125,69.50404412,591240.8456
1035.3,1534.719118,10.38315717,20.703125,69.51599265,591919.9368
1036.1,1535.280882,10.38983513,20.703125,69.51498162,592635.1281
1036.9,1535.279412,10.13564166,20.32815372,69.53474265,593303.4524
1037.7,1534.985294,9.845006606,19.69715792,69.51387868,593946.8884
1038.5,1534.151471,9.840123794,19.61364746,69.52242647,594583.716
1039.3,1533.332353,9.812909295,19.61364746,69.42555147,595223.2706
1040,1532.545588,9.805836397,19.61364746,69.43897059,595932.0099
1040.9,1531.864706,9.798045439,19.61364746,69.37840074,596581.0665
1041.6,1530.908824,9.81509938,19.61364746,69.29476103,597201.4265
1042.4,1529.857353,9.790936638,19.61364746,69.31792279,597821.5108
1043.2,1529.075,9.836784812,19.58837173,69.23198529,598493.307
1044,1527.794118,9.564316693,19.12364287,69.18244485,599162.6577
1044.8,1526.182353,9.511790556,18.80356733,69.15220588,599779.7789
1045.6,1524.754412,9.415498621,18.77746582,69.01994485,600372.8241
1046.4,1523.002941,9.507410386,19.09362793,68.98318015,600978.3079
1047.2,1521.966176,9.904641544,19.98786477,68.92573529,601663.2489
1047.9,1521.967647,10.47851563,20.80907485,68.91865809,602300.3776
1048.7,1522.439706,10.51154642,20.88565602,68.96957721,602953.6051
1049.5,1523.966176,11.35817584,22.52315746,69.03023897,603642.7316
1050.3,1526.833824,11.74154843,22.82894359,69.13079044,604408.2232
1051.1,1530.648529,12.10359461,23.71388155,69.33180147,605226.1524
1051.9,1537.947059,16.1884263,27.84319709,69.59669118,606019.4265
1052.7,1548.138235,17.3934398,27.86430808,70.02702206,606984.9585
1053.5,1557.802941,15.37773581,26.87632841,70.46755515,607939.5616
1054.2,1567.425,15.79826804,27.21783806,70.94935662,608957.107
1055,1576.838235,15.96360151,27.37670898,71.28511029,609879.214
1055.8,1586.835294,16.68338551,28.09056899,71.77647059,610864.9099
1056.6,1597.411765,17.12685978,28.2989502,72.24025735,611842.2051
1057.4,1608.789706,19.43546071,29.5040714,72.77371324,612890.5767
1058.2,1622.842647,29.06634162,32.84492044,73.50606618,614111.8504
1059,1640.361765,35.01805923,33.83893181,74.26084559,615442.2908
1059.8,1659.526471,35.96554027,33.9263916,75.02803309,616902.7724
1060.6,1679.579412,35.79614976,33.9263916,75.92334559,618405.6871
1061.4,1700.469118,35.86102654,33.9263916,76.85183824,619906.1656
1062.2,1720.555882,36.10592113,33.92937155,77.88639706,621580.5969
1063,1736.216176,20.19050149,29.5088106,78.68272059,623043.8998
1063.8,1749.683824,20.11323817,29.30886661,79.18115809,624278.659
1064.6,1761.576471,20.43485754,29.26330566,79.68924632,625471.8235
1065.4,1773.175,21.09787885,29.76142435,80.21075368,626861.1895
1066.2,1785.576471,23.70759852,30.68944594,80.7703125,628140.4768
1067,1798.5,23.63525391,30.73479148,81.33033088,629482.7237
1067.8,1811.035294,23.44597312,30.74035645,81.95330882,630792.5048
1068.6,1823.098529,23.32526712,30.74035645,82.54329044,632256.6542
1069.4,1835.25,23.10938218,30.74207979,83.07628676,633574.8631
1070.2,1847.911765,25.29085047,32.31129366,83.60193015,634937.5763
1071,1862.835294,34.26657284,34.29231531,84.22922794,636396.5873
1071.8,1879.886765,37.56326114,34.32617188,85.01020221,638154.2792
1072.6,1898.101471,38.4375,34.36035156,85.90744485,639822.3217
1073.4,1916.372059,39.31809369,34.52198702,86.73455882,641498.104
1074.2,1934.302941,39.4862994,34.53369141,87.53327206,643259.1325
1075,1952.432353,39.95368509,34.53196806,88.32123162,645022.3792
1075.8,1969.436765,33.6304788,32.56896973,89.12922794,646823.8346
1076.6,1984.595588,28.89231962,32.5592041,89.79568015,648561.9658
1077.4,1998.041176,27.07228717,32.5592041,90.49816176,650120.9053
1078.2,2010.497059,26.58511891,32.56002987,91.01516544,651690.709
1079,2022.419118,26.4453484,32.7557373,91.54733456,653438.3491
1079.9,2035.401471,33.45825195,35.05877327,92.12481618,655064.5993
1080.7,2050.667647,39.95630601,35.08300781,92.78060662,656784.5423
1081.5,2067.242647,40.77349494,35.08300781,93.42555147,658621.7776
1082.3,2083.722059,41.08283548,35.08300781,94.24246324,660586.2684
1083.1,2100.422059,41.18566176,35.08300781,95.034375,662652.7178
1083.9,2116.686765,41.41328699,35.08300781,95.76167279,664535.6618
1084.7,2132.783824,41.44513298,35.08300781,96.49770221,666462.6849
1085.5,2148.461765,39.46181353,33.78942153,97.22941176,668536.0434
1086.4,2159.225,22.32766544,31.16315056,97.74577206,670542.2241
1087.2,2166.213235,20.65415326,30.00933479,98.00284926,672071.8336
1088,2168.283824,16.66299259,28.15235811,98.23060662,673466.3972
1088.8,2168.301471,16.72524845,28.11279297,98.15965074,674854.8226
1089.6,2167.735294,16.73856847,28.11279297,98.13538603,676136.8842
1090.4,2167.032353,16.74434886,28.11279297,98.11185662,677383.1204
1091.2,2166.414706,16.77465102,28.11279297,98.06838235,678646.1438
1092.1,2165.897059,16.82710535,28.11279297,98.0484375,680049.2232
1092.9,2165.607353,16.85823328,28.11279297,98.03216912,681302.3452
1093.7,2165.401471,16.84850356,28.11279297,98.02113971,682527.4162
1094.5,2165.233824,16.89453125,28.11279297,98.02261029,683947.6239
1095.3,2165.2,16.93100873,28.11279297,98.003125,685161.7868
1096.2,2164.976471,16.94120519,28.11279297,98.00928309,686452.7575
1097,2165.022059,17.01757094,28.11279297,98.02380515,687734.8105
1097.8,2165.575,17.4952967,28.46726361,98.02509191,689005.5631
1098.6,2166.620588,17.81242819,28.5736084,98.06314338,690485.5285
1099.4,2167.995588,17.99442067,28.69855095,98.14512868,691843.2222
1100.2,2169.723529,18.1013758,28.72924805,98.21020221,693214.889
1101,2171.295588,18.10173483,28.72924805,98.26948529,694563.5618
1101.9,2172.869118,18.12180463,28.72924805,98.34954044,696048.9816
1102.7,2174.320588,18.13573501,28.72924805,98.45229779,697508.83
1103.5,2176.098529,18.14234116,28.72924805,98.50211397,698914.9189
1104.3,2177.748529,18.16424202,28.72924805,98.64806985,700292.7748
1105.2,2179.385294,18.17662856,28.72924805,98.78584559,701817.8338
1106,2181.083824,18.17530015,28.72978659,98.83952206,703225.5906
1106.8,2182.564706,18.1795008,28.73556698,98.89963235,704587.2426
1107.6,2184.126471,18.32810346,28.79157571,98.99466912,705987.2169
1108.4,2185.894118,18.40716194,28.85131836,99.06443015,707504.5719
1109.2,2186.227941,16.75580193,27.44093951,99.06571691,708883.8366
1110.1,2185.655882,16.54501522,27.31933594,99.06047794,710144.8329
1110.9,2184.670588,16.49913115,27.31933594,99.01985294,711495.9033
1111.7,2183.511765,16.4915197,27.31933594,98.96534926,712803.8496
1112.5,2182.277941,16.51859059,27.31933594,98.91011029,714076.7222
1113.3,2181.119118,16.60504509,27.53173828,98.80551471,715324.6638
1114.1,2180.357353,16.93445542,27.71581313,98.82748162,716709.1063
1115,2180.794118,17.95201919,28.64652746,98.84917279,717982.2688
1115.8,2183.504412,20.13187184,30.28639849,98.92095588,719345.8614
1116.6,2191.133824,29.19587977,34.61375517,99.18345588,720864.7607
1117.4,2203.286765,39.07097312,36.44671272,99.725,722790.6296
1118.2,2217.942647,43.69959214,37.43914436,100.3727022,724923.4715
1119.1,2233.942647,45.43855555,38.09376436,101.0824449,727040.8976
1119.9,2250.633824,46.3363827,38.76798742,101.8233456,729171.9178
1120.7,2267.036765,46.70754825,39.06038172,102.5159926,731274.3557
1121.5,2283.825,46.95032456,39.2482982,103.3493566,733546.1978
1122.3,2300.095588,47.09824506,39.55914666,104.0938419,736024.3932
1123.2,2316.472059,47.58850098,39.79187012,104.7519301,738152.9167
1124,2332.679412,47.11163689,39.79187012,105.5339154,740360.3502
1124.8,2348.547059,46.37224983,39.79187012,106.1567096,742862.3667
1125.6,2364.277941,47.08765366,39.79187012,106.8779412,745175.9631
1126.5,2380.098529,47.07659553,39.79187012,107.7102941,747416.2458
1127.3,2395.064706,47.08510455,39.79187012,108.3129596,749663.7105
1128.1,2410.486765,47.35926011,39.79187012,109.0517463,752292.6938
1128.9,2424.997059,47.42578843,39.79187012,109.7022059,754618.7699
1129.8,2439.661765,47.7509622,39.79187012,110.2338235,756906.0412
1130.6,2454.05,47.90556066,39.79187012,110.9827206,759333.9097
1131.4,2468.032353,48.08040843,39.79309082,111.6492647,761911.5858
1132.3,2482.019118,49.46123909,40.08300781,112.3334559,764247.8369
1133.1,2495.935294,51.98942297,42.00227625,112.9033088,766611.1219
1133.9,2514.060294,59.19042251,46.18182014,113.5882353,769418.4642
1134.8,2535.870588,59.86593807,46.25157973,114.6105699,772356.2656
1135.6,2561.188235,60.31810087,46.44613827,115.6205882,775621.8107
1136.4,2586.969118,60.39723116,46.49331486,116.6139706,779270.4978
1137.3,2606.692647,35.15686035,36.69871611,117.6268382,782781.621
1138.1,2608.319118,17.18800264,28.60732135,118.3058824,785353.2086
1139,2602.501471,18.60283347,28.57055664,118.0293199,786865.8434
1139.8,2596.101471,19.05093922,28.57055664,117.8499081,788526.3732
1140.6,2591.505882,21.75443761,30.92558019,117.5,790113.8176
1141.5,2589.604412,23.57543945,31.72460219,117.4264706,791832.5805
1142.3,2588.642647,23.46719181,31.84864717,117.2519301,793627.6215
1143.1,2590.263235,27.75760426,34.0542423,117.3253676,795703.6336
1144,2593.144118,28.462309,34.16748047,117.4921875,797683.4577
1144.8,2596.552941,28.40655159,34.16748047,117.5643382,799636.3776
1145.6,2600.179412,28.36924833,34.16748047,117.7176471,801919.8811
1146.5,2601.095588,24.55218147,28.91612333,117.8588235,803820.3971
1147.3,2576.425,7.723388672,1.132273955,117.5573529,805297.3897
1148.2,2545.023529,7.954388787,0,115.9707721,805585.1164
1149,2499.042647,7.907822553,0,113.8004596,805586.8281
1149.8,2443.720588,7.642176011,0,111.3033088,805586.8281
1150.7,2397.492647,7.423741958,0,109.0785846,805586.8281
1151.5,2354.873529,7.387479894,0,107.1581801,805586.8281
1152.3,2313.026471,7.277006261,0,105.2222426,805586.8281
1153.2,2272.4,7.239164465,0,103.4198529,805586.8281
1154,2232.823529,7.083632525,0,101.3433824,805586.8281
1154.8,2190.594118,6.951042624,0,99.53786765,805586.8281
1155.6,2147.704412,6.89489028,0,97.49770221,805586.8281
1156.4,2100.482353,6.789766199,0,95.4140625,805586.8281
1157.3,2032.660294,6.655919692,0,92.54420956,805586.8281
1158.1,1948.839706,6.550077551,0,88.58731618,805586.8281
1158.9,1864.519118,6.370059743,0,84.71148897,805586.8281
1159.7,1820.744118,6.344353171,0,82.62233456,805586.8281
1160.5,1794.211765,6.477266199,0,81.34963235,805586.8281
1161.3,1768.436765,6.615600586,0,80.1,805586.8281
1162.1,1743.192647,6.656709559,0,79.04319853,805586.8281
1162.9,1712.360294,6.463443532,0,77.65321691,805586.8281
1163.7,1673.739706,6.146347943,0,75.83841912,805586.8281
1164.5,1622.777941,5.767176011,0,73.73235294,805586.8281
1165.3,1553.827941,5.412884881,0,70.64200368,805586.8281
1166.1,1486.210294,4.992316751,0,67.41773897,805586.8281
1166.9,1428.111765,4.762716854,0,64.721875,805586.8281
1167.7,1379.008824,4.550709444,0,62.47417279,805586.8281
1168.5,1329.036765,4.35144761,0,60.23180147,805586.8281
1169.3,1264.120588,4.138578527,0,57.01222426,805586.8281
1170.1,1479.319118,5.012853286,0,53.43198529,805586.8281
1170.9,1393.438235,4.636015051,0,49.89227941,805586.8281
1171.7,1294.272059,4.257632985,0,46.29696691,805586.8281
1172.5,1194.297059,4.07043457,0,42.76470588,805586.8281
1173.3,1237.260294,3.095200483,0,38.76939338,805625.9517
1174.1,1302.717647,2.957943187,0,34.25257353,805992.6469
1174.9,1127.263235,2.226347082,0,29.96130515,806248.3344
1175.6,728.475,1.661125632,0,25.59301471,806397.6772
1176.4,649.7176471,1.69638241,0,21.05625,806515.2596
1177.2,664.7117647,2.115263097,0,16.76295956,806629.407
1178,661.8294118,2.018001781,0,12.47803309,806787.5009
1178.7,654.0852941,2.067619773,0,8.337132353,806931.6467
1179.5,659.6264706,2.131132238,0,4.143474265,807084.1581
1180.3,645.5911765,2.140538833,0,0.756066176,807233.1103
1181.1,659.9544118,2.072107652,0,0.010294118,807379.4235
1181.9,645.4073529,2.075231216,0,0,807521.05
1182.6,648.2455882,2.093577665,0,0,807661.9706
1183.4,648.9617647,2.050529929,0,0,807817.1563
1184.2,649.875,2.069343118,0,0,807952.493
1185,658.3735294,2.062054802,0,0,808082.1838
1185.8,657.2176471,2.052540499,0,0,808216.6732
1186.6,661.3941176,2.055915384,0,0,808384.0423
1187.3,663.1,2.065788718,0,0,808528.77
1188.1,663.7176471,2.038538316,0,0,808671.4715
1188.9,664.7691176,2.020407284,0,0,808822.4594
1189.7,663.6485294,1.999547622,0,0,808976.1037
1190.5,652.0617647,2.01408835,0,0,809119.6178
1191.3,649.3764706,2.032147576,0,0,809258.405
1192.1,647.6205882,2.033799115,0,0,809389.6974
1192.9,652.6558824,2.033152861,0,0,809535.493
1193.6,658.7132353,2.007841222,0,0,809672.6847
1194.4,657.3926471,2.022525563,0,0,809809.2244
1195.2,665.9485294,1.917114258,0,0,809946.4329
1195.9,659.8455882,1.987340591,0,0,810086.7722
1196.7,650.7676471,1.98378619,0,0,810223.4682
1197.5,643.5411765,2.051571117,0,0,810369.9164
1198.3,654.0470588,1.989997415,0,0,810492.88
1199,649.8058824,1.993695427,0,0,810629.3645
1199.8,656.6279412,2.001270967,0,0,810768.3458
1200.6,653.3632353,2.013513902,0,0,810901.3706
1201.4,654.2617647,2.013837029,0,0,811054.3649
1202.1,643.6441176,2.0288804,0,0,811186.5844
1202.9,645.1794118,2.043421128,0,0,811319.2257
1203.7,642.4955882,2.082016889,0,0,811451.8853
1204.5,646.9823529,2.018073587,0,0,811579.7735
1205.3,648.3735294,2.018971163,0,0,811733.3509
1206.1,655.7882353,2.038035673,0,0,811863.3656
1206.8,652.3588235,2.033978631,0,0,811995.0375
1207.6,646.3205882,2.034194049,0,0,812130.8033
1208.4,642.4544118,2.044570025,0,0,812272.0818
1209.2,640.3735294,2.068266027,0,0,812398.927
1210,649.5926471,2.068230124,0,0,812526.9344
1210.8,648.8529412,2.060905905,0,0,812656.48
1211.5,643.5720588,2.187823127,0,0,812802.5406
1212.2,368.4926471,1.137515797,0,0,812911.9121
1212.9,322.125,1.04036219,0,0,812961.5313
1213.5,322.125,1.023056928,0,0,812961.5313
1214.2,322.125,1.015158261,0,0,812961.5313
1214.8,322.125,10.86300121,0,0,812961.5313
1215.5,322.125,8.732694738,0,0,812961.5313
1216.2,322.125,8.736320944,0,0,812961.5313
1216.8,322.125,8.872931985,0,0,812961.5313
1217.5,322.125,9.343369428,0,0,812961.5313
