Time,Engine speed,Throttle position,Accelerator pedal position,Speed,Actual,Predicted,Predicted_Diff,Actual_Diff
2000,1934.75,6.768,18.176,43,1444.75,2452.944,885.0054,459.0
3000,1929.0,11.107,24.338,42,2086.5,3425.7236,972.7795999999998,641.75
4000,1962.25,16.895,40.509,43,3092.25,4597.3633,1171.6397000000002,1005.75
5000,2055.0,14.494,27.28,45,4747.0,6049.5225,1452.1592,1654.75
6000,2145.5,15.723,32.825,47,6178.5,7787.945,1738.4224999999997,1431.5
7000,2242.5,18.605,35.065,49,8081.25,9752.377,1964.4320000000007,1902.75
8000,2342.0,16.635,30.487,51,10043.5,11830.014,2077.636999999999,1962.25
9000,2420.25,11.266,21.878,53,11790.0,13890.0625,2060.048500000001,1746.5
10000,2441.5,13.664,21.735,54,13082.75,15854.296,1964.2335000000003,1292.75
11000,2463.5,13.775,21.677,54,14250.5,17767.94,1913.6439999999984,1167.75
12000,2489.25,13.586,21.613,55,15610.75,19785.053,2017.1130000000012,1360.25
13000,2515.25,14.893,28.757,56,17162.25,22125.176,2340.1229999999996,1551.5
14000,2555.0,17.514,31.79,56,18567.75,25024.117,2898.940999999999,1405.5
15000,2657.25,37.1,86.707,58,21153.5,28595.086,3570.969000000001,2585.75
16000,2865.75,100.166,51.843,64,27208.5,32592.83,3997.7440000000024,6055.0
17000,3068.25,22.576,38.882,67,32279.5,36380.39,3787.5599999999977,5071.0
18000,3281.25,11.043,0.0,69,34370.0,39268.836,2888.4460000000036,2090.5
19000,2460.25,8.963,0.0,68,35262.0,41040.55,1771.714,892.0
20000,2139.75,7.973,8.655,67,35791.0,42333.156,1292.6059999999998,529.0
21000,2128.5,8.203,6.43,67,36457.5,43700.043,1366.8869999999952,666.5
22000,2114.0,8.107,13.879,66,37036.75,45373.08,1673.037000000004,579.25
23000,2044.5,23.449,56.866,66,37804.75,47420.69,2047.6100000000006,768.0
24000,2127.0,55.51,100.0,67,40110.0,49886.062,2465.3719999999958,2305.25
25000,2217.0,99.908,100.0,71,45018.0,52807.395,2921.3329999999987,4908.0
26000,2345.0,99.908,93.161,74,51916.5,56296.02,3488.625,6898.5
27000,2467.25,99.861,87.411,78,60014.25,60510.02,4214.0,8097.75
28000,2607.0,99.854,72.662,82,68994.25,65483.12,4973.100000000006,8980.0
29000,2832.0,16.0,34.94,85,76767.25,70913.734,5430.613999999994,7773.0
30000,2747.75,25.648,47.336,87,78785.0,76225.84,5312.106,2017.75
31000,2815.75,48.809,49.93,89,83037.0,80989.89,4764.050000000003,4252.0
32000,2898.75,100.109,50.134,92,88258.5,84848.836,3858.9459999999963,5221.5
33000,2953.25,9.008,0.0,93,92989.0,87638.14,2789.3040000000037,4730.5
34000,2924.75,10.918,10.211,91,93656.25,89452.23,1814.0899999999965,667.25
35000,2870.5,11.139,18.604,90,94386.0,90591.14,1138.9100000000035,729.75
36000,2827.25,10.01,0.0,89,95132.25,91411.91,820.7700000000041,746.25
37000,2742.5,9.66,0.0,87,95472.0,92267.12,855.2099999999919,339.75
38000,2695.0,9.631,0.0,86,96035.0,93481.7,1214.5800000000017,563.0
39000,2675.0,26.113,46.439,85,96866.0,95251.766,1770.0660000000062,831.0
40000,2719.25,42.4,37.335,86,100650.5,97534.28,2282.5139999999956,3784.5
41000,2765.0,25.068,38.684,87,104172.75,99970.78,2436.5,3522.25
42000,2770.25,10.012,0.0,88,106854.0,102026.44,2055.6600000000035,2681.25
43000,2722.5,9.584,0.0,86,107406.0,103248.125,1221.6849999999977,552.0
44000,2198.75,7.83,0.0,83,107406.0,103528.11,279.9850000000006,0.0
46000,1407.25,6.465,0.0,69,108278.0,103588.44,60.330000000001746,872.0
47000,1376.5,5.785,0.0,64,108708.25,104134.09,545.6499999999942,430.25
48000,1251.0,4.666,0.0,62,109148.75,104809.29,675.1999999999971,440.5
49000,849.75,2.119,0.0,56,109510.75,105430.65,621.3600000000006,362.0
50000,744.25,2.393,0.0,52,109707.5,105986.516,555.8660000000091,196.75
51000,796.0,2.496,0.0,44,109938.0,106479.69,493.17399999999907,230.5
52000,800.0,2.539,0.0,35,110198.0,106916.086,436.39599999999336,260.0
53000,818.75,2.529,0.0,28,110410.25,107320.28,404.19400000000314,212.25
54000,852.0,2.688,0.0,20,110658.0,107711.96,391.68000000000757,247.75
55000,876.25,2.725,0.0,12,110938.5,108104.59,392.6299999999901,280.5
56000,871.5,2.637,0.0,6,111145.5,108499.31,394.72000000000116,207.0
57000,717.75,1.994,0.0,0,111364.75,108896.82,397.5100000000093,219.25
58000,744.0,2.205,0.0,0,111562.5,109318.734,421.91399999998976,197.75
59000,741.0,3.188,0.0,0,111772.0,109746.445,427.71100000001024,209.5
60000,744.25,6.264,0.0,0,112035.25,110174.77,428.3249999999971,263.25
61000,825.5,3.918,0.0,0,112492.5,110630.79,456.0199999999895,457.25
62000,729.75,7.148,0.0,0,112752.75,111178.8,548.0100000000093,260.25
63000,1160.0,6.088,0.0,0,113238.5,111933.0,754.1999999999971,485.75
64000,2043.5,12.402,19.189,0,114175.5,112847.98,914.9799999999959,937.0
65000,1526.5,9.994,22.385,3,115014.75,113694.875,846.8950000000041,839.25
66000,1495.25,12.492,25.604,6,115876.25,114515.55,820.6750000000029,861.5
67000,1707.75,14.232,18.033,10,117216.5,115343.375,827.8249999999971,1340.25
68000,1721.0,8.816,8.939,13,118201.25,116144.375,801.0,984.75
69000,1703.75,7.656,8.932,13,118818.25,116931.89,787.5149999999994,617.0
70000,1639.0,9.1,18.387,13,119441.5,117780.15,848.2599999999948,623.25
71000,1690.25,10.918,20.911,13,120008.25,118792.336,1012.1860000000015,566.75
72000,1891.25,12.012,20.941,15,120906.25,119998.42,1206.0840000000026,898.0
73000,2072.0,10.955,15.955,16,121996.5,121281.07,1282.6500000000087,1090.25
74000,2160.5,11.199,15.906,17,122763.0,122420.55,1139.479999999996,766.5
75000,2000.75,7.986,0.0,17,123536.0,123197.73,777.179999999993,773.0
76000,1116.25,4.625,0.0,16,123888.5,123585.87,388.1399999999994,352.5
77000,891.5,3.621,0.0,15,124241.25,123830.22,244.35000000000582,352.75
78000,878.5,6.963,0.0,14,124587.5,124081.89,251.66999999999825,346.25
79000,1040.75,4.98,0.0,12,125099.0,124407.086,325.1959999999963,511.5
80000,969.0,4.32,0.0,11,125426.0,124847.305,440.2189999999973,327.0
81000,912.0,4.385,20.245,11,125764.5,125537.125,689.820000000007,338.5
82000,1572.75,15.791,29.489,10,126408.25,126644.47,1107.3450000000012,643.75
83000,2241.0,16.604,28.271,11,127638.25,128115.05,1470.5800000000017,1230.0
84000,2718.5,13.561,15.784,14,129378.5,129667.77,1552.7200000000012,1740.25
85000,2222.25,10.607,14.371,17,130664.75,131024.8,1357.0299999999988,1286.25
86000,2287.25,11.844,22.696,18,131512.0,132286.86,1262.0599999999831,847.25
87000,2417.75,12.158,17.136,19,132570.25,133563.55,1276.6900000000023,1058.25
88000,2592.0,12.875,17.621,20,133813.5,134917.95,1354.4000000000233,1243.25
89000,2709.0,12.908,17.163,21,134894.25,136355.77,1437.8199999999779,1080.75
90000,2830.75,12.875,17.163,22,136141.75,137872.83,1517.0599999999977,1247.5
91000,2945.0,13.518,19.464,23,137548.0,139474.06,1601.2300000000105,1406.25
92000,3046.5,13.945,19.479,24,138750.5,141195.64,1721.5800000000163,1202.5
93000,3198.25,13.158,17.249,25,140167.75,143105.3,1909.6599999999744,1417.25
94000,3279.0,13.387,17.816,26,141539.25,145268.25,2162.9500000000116,1371.5
95000,3362.5,13.273,29.669,26,142674.0,147736.56,2468.3099999999977,1134.75
96000,3562.75,15.828,27.051,28,144038.5,150422.55,2685.9899999999907,1364.5
97000,3883.25,15.551,25.937,30,146070.75,152935.89,2513.3400000000256,2032.25
98000,4094.5,13.197,0.0,32,147638.75,154653.84,1717.9499999999825,1568.0
98999,3164.75,8.172,0.0,32,148380.0,155208.62,554.7799999999988,741.25
101999,977.25,2.883,0.0,27,148806.0,155573.48,364.86000000001513,426.0
102999,1178.0,22.957,58.53,26,149102.0,157071.55,1498.0699999999779,296.0
103999,3580.25,27.66,31.909,27,151416.0,159447.38,2375.8300000000163,2314.0
104999,3461.5,16.58,26.37,30,155135.25,161438.69,1991.3099999999977,3719.25
105999,2828.5,9.66,0.0,31,156828.5,162297.47,858.7799999999988,1693.25
108999,1190.25,4.561,10.645,25,157874.75,162445.27,147.79999999998836,1046.25
109999,1558.5,10.971,25.888,24,158233.0,163095.83,650.5599999999977,358.25
110999,1816.5,15.053,28.729,25,159204.75,163958.16,862.3300000000163,971.75
111999,2069.25,10.127,0.0,27,160653.0,164714.52,756.359999999986,1448.25
112999,1497.5,5.291,0.0,25,161093.75,165114.1,399.5800000000163,440.75
113999,740.5,9.365,0.0,24,161323.5,165329.58,215.47999999998137,229.75
114999,1203.5,5.672,0.0,23,162034.0,165704.5,374.9200000000128,710.5
115999,1247.0,7.889,24.167,22,162394.0,166324.8,620.2999999999884,360.0
116999,1684.5,12.584,24.594,22,163176.5,167181.77,856.9700000000012,782.5
117999,2094.5,12.207,0.0,23,164390.75,168031.98,850.210000000021,1214.25
118999,1604.5,6.533,0.0,23,165003.25,168583.0,551.0199999999895,612.5
119999,894.0,9.307,0.0,21,165223.5,168898.72,315.72000000000116,220.25
120999,1174.0,5.773,0.0,17,165950.25,169214.08,315.35999999998603,726.75
121999,1069.5,5.139,0.0,16,166307.5,169552.02,337.9400000000023,357.25
122999,999.5,4.98,0.0,13,166695.5,169907.31,355.29000000000815,388.0
123999,964.75,4.639,0.0,12,167083.75,170257.3,349.9899999999907,388.25
124999,947.0,4.721,0.0,7,167377.75,170575.06,317.7600000000093,294.0
125999,820.75,3.691,0.0,0,167693.25,170870.1,295.04000000000815,315.5
126999,578.75,4.824,0.0,0,167965.75,171197.16,327.0599999999977,272.5
127999,929.0,3.893,0.0,0,168298.0,171604.64,407.4800000000105,332.25
128999,755.25,3.957,0.0,0,168576.0,172030.88,426.2399999999907,278.0
129999,835.5,4.574,0.0,0,168917.0,172470.33,439.44999999998254,341.0
130999,890.0,4.5,0.0,0,169197.25,172894.97,424.64000000001397,280.25
131999,920.5,4.799,0.0,0,169525.5,173277.56,382.5899999999965,328.25
132999,916.75,4.492,0.0,0,169898.0,173610.23,332.6700000000128,372.5
133999,895.75,4.477,0.0,0,170181.5,173923.64,313.4100000000035,283.5
134999,875.5,4.297,0.0,0,170503.5,174298.34,374.69999999998254,322.0
135999,880.0,4.352,0.0,0,170837.75,174866.45,568.1100000000151,334.25
136999,1667.25,35.902,36.777,0,171385.5,175746.48,880.0299999999988,547.75
137999,2359.25,12.799,22.247,3,173446.0,176805.44,1058.9599999999919,2060.5
138999,1163.0,11.916,27.216,9,174599.0,177872.19,1066.75,1153.0
139999,1652.25,18.541,32.971,12,175551.25,179232.58,1360.3899999999849,952.25
140999,2324.25,18.617,29.901,18,177472.0,180845.86,1613.2799999999988,1920.75
141999,2901.0,12.812,0.0,23,179780.25,182321.48,1475.6200000000244,2308.25
142999,2042.0,7.586,13.641,23,180297.5,183296.06,974.5799999999872,517.25
143999,1638.5,10.705,29.816,22,180869.75,184041.64,745.5800000000163,572.25
144999,1716.25,16.713,30.167,23,182079.75,184902.08,860.4399999999732,1210.0
145999,1900.75,37.502,51.212,26,183515.5,186015.95,1113.8700000000244,1435.75
146999,2229.0,12.674,11.52,31,186332.5,187304.08,1288.1299999999756,2817.0
147999,2237.5,9.229,0.0,31,187335.0,188545.1,1241.0200000000186,1002.5
148999,2128.25,8.301,0.0,30,187760.25,189637.02,1091.9199999999837,425.25
149999,2058.5,4.863,16.013,29,188345.75,190605.02,968.0,585.5
150999,2036.5,7.604,12.933,28,188902.0,191503.8,898.7799999999988,556.25
151999,1959.25,5.176,0.0,28,189374.75,192348.22,844.4200000000128,472.75
152999,1911.75,5.064,0.0,27,189618.25,193110.42,762.2000000000116,243.5
153999,1771.0,5.02,0.0,24,189632.25,193730.66,620.2399999999907,14.0
154999,1646.25,4.527,0.0,23,189632.25,194158.73,428.070000000007,0.0
155999,1300.75,3.418,0.0,21,189632.25,194364.56,205.8299999999872,0.0
156999,913.25,3.844,0.0,18,189794.25,194435.03,70.47000000000116,162.0
157999,1109.0,3.486,0.0,17,190108.0,194511.34,76.30999999999767,313.75
158999,1059.5,5.312,0.0,16,190417.75,194668.84,157.5,309.75
159999,762.25,4.125,0.0,15,190817.0,195103.9,435.0599999999977,399.25
160999,939.75,15.639,38.251,14,191109.5,196180.12,1076.2200000000012,292.5
161999,2827.75,39.662,38.44,14,192887.25,198060.97,1880.8500000000058,1777.75
162999,3727.0,12.207,0.0,16,196831.75,200010.45,1949.4800000000105,3944.5
163999,2705.5,10.039,19.781,16,197547.5,201208.22,1197.7699999999895,715.75
164999,2131.0,8.312,0.0,16,198388.5,201750.72,542.5,841.0
165999,1502.0,7.549,23.404,15,198885.75,202023.83,273.10999999998603,497.25
166999,1236.75,16.662,33.807,16,199437.0,202415.1,391.2700000000186,551.25
167999,1354.25,33.643,27.258,18,200792.0,203083.61,668.5099999999802,1355.0
168999,1595.75,10.375,12.851,22,202373.25,203954.25,870.640000000014,1581.25
169999,1639.0,6.664,0.0,23,202977.5,204828.38,874.1300000000047,604.25
170999,1609.5,6.963,0.0,22,203406.0,205562.1,733.7200000000012,428.5
171999,1505.5,5.67,8.078,21,203799.25,206119.73,557.6300000000047,393.25
172999,1487.0,6.926,11.954,20,204174.25,206570.0,450.2699999999895,375.0
173999,1430.5,7.311,11.954,20,204723.25,207025.0,455.0,549.0
174999,1446.75,9.256,22.147,20,205323.5,207625.4,600.3999999999942,600.25
175999,1545.0,28.34,35.657,21,206207.5,208487.97,862.570000000007,884.0
176999,1815.75,18.508,22.726,25,208060.0,209631.5,1143.5299999999988,1852.5
177999,1994.25,12.207,19.751,28,209563.5,210912.47,1280.9700000000012,1503.5
178999,2084.75,11.572,17.935,29,210447.75,212120.5,1208.0299999999988,884.25
179999,2034.75,8.125,0.0,29,211296.25,213070.55,950.0499999999884,848.5
180999,1957.0,7.863,0.0,27,211460.75,213673.38,602.8300000000163,164.5
181999,1373.25,6.176,0.0,25,211460.75,213963.69,290.3099999999977,0.0
182999,1090.75,7.488,0.0,21,211791.75,214152.92,189.23000000001048,331.0
183999,1144.25,5.957,0.0,14,212388.5,214389.86,236.93999999997322,596.75
184999,1055.25,5.195,0.0,9,212746.25,214698.88,309.0200000000186,357.75
185999,989.0,5.135,0.0,8,213112.0,215065.39,366.5100000000093,365.75
186999,950.25,4.824,0.0,7,213480.75,215454.12,388.7299999999814,368.75
187999,941.25,4.812,0.0,6,213792.0,215836.25,382.13000000000466,311.25
188999,910.25,4.824,0.0,5,214119.0,216199.78,363.52999999999884,327.0
189999,896.75,4.482,0.0,5,214474.25,216560.14,360.36000000001513,355.25
190999,896.75,4.479,0.0,4,214766.75,216954.83,394.6899999999732,292.5
191999,873.0,4.756,18.192,4,215092.75,217441.39,486.5600000000268,326.0
192999,792.0,17.578,37.515,4,215514.0,218089.4,648.0099999999802,421.25
193999,2123.0,10.254,0.0,5,216506.75,218870.31,780.9100000000035,992.75
194999,1274.25,5.42,0.0,3,216904.0,219420.44,550.1300000000047,397.25
195999,931.0,4.199,0.0,0,217320.25,219811.97,391.52999999999884,416.25
196999,636.5,3.555,0.0,0,217601.0,220192.39,380.4200000000128,280.75
197999,1039.5,5.99,0.0,0,218002.0,220672.84,480.44999999998254,401.0
198999,1123.25,5.584,0.0,0,218489.25,221188.38,515.5400000000081,487.25
199999,1073.25,5.363,0.0,0,218868.5,221668.88,480.5,379.25
200999,1005.25,5.0,0.0,0,219248.25,222096.67,427.79000000000815,379.75
201999,921.0,4.799,0.0,0,219599.5,222516.56,419.88999999998487,351.25
202999,865.5,4.25,0.0,0,219899.25,223037.38,520.820000000007,299.75
203999,1272.5,17.883,25.046,0,220281.5,223786.05,748.6699999999837,382.25
204999,2185.25,10.988,15.72,0,221389.0,224733.66,947.6100000000151,1107.5
205999,2256.75,11.475,15.884,0,222314.25,225625.77,892.109999999986,925.25
206999,1963.5,7.896,0.0,0,223241.5,226358.75,732.9800000000105,927.25
207999,1079.5,15.096,37.354,3,223918.0,227097.86,739.109999999986,676.5
208999,1760.75,35.9,29.675,6,225008.5,228204.83,1106.9700000000012,1090.5
209999,3131.75,14.486,19.812,11,227546.25,229594.03,1389.2000000000116,2537.75
210998,1994.25,11.352,16.171,16,229169.25,230826.36,1232.3299999999872,1623.0
211998,2214.75,11.6,17.331,17,230065.5,232088.75,1262.390000000014,896.25
212998,2373.5,12.109,16.254,18,231100.25,233469.17,1380.4200000000128,1034.75
213998,2535.25,13.342,23.318,20,232278.5,234987.25,1518.0799999999872,1178.25
214998,2731.0,15.1,25.592,21,233507.25,236554.66,1567.4100000000035,1228.75
215998,3007.5,14.73,25.726,24,234991.25,237946.48,1391.820000000007,1484.0
216998,2737.75,8.105,0.0,25,236125.5,238890.66,944.179999999993,1134.25
217998,1667.75,5.227,20.978,24,236289.0,239474.72,584.0599999999977,163.5
218998,1758.75,9.59,23.224,24,236841.5,240111.73,637.0100000000093,552.5
219998,1822.5,9.154,15.652,25,237671.75,240901.44,789.7099999999919,830.25
220998,1846.25,7.652,12.106,26,238243.25,241771.17,869.7300000000105,571.5
221998,1859.75,5.648,7.08,26,238753.25,242573.64,802.4700000000012,510.0
222998,1809.5,7.668,0.0,25,239119.25,243156.6,582.9599999999919,366.0
223998,1621.25,6.947,0.0,23,239222.0,243439.19,282.5899999999965,102.75
224998,712.25,6.877,0.0,20,239327.25,243524.7,85.51000000000931,105.25
225998,1185.75,6.25,0.0,19,239965.0,243699.83,175.12999999997555,637.75
226998,1068.5,6.018,0.0,18,240362.25,243987.39,287.5600000000268,397.25
227998,1307.75,7.576,19.037,17,240797.0,244418.17,430.77999999999884,434.75
228998,1268.75,9.57,19.11,17,241450.5,244955.3,537.1299999999756,653.5
229998,1322.25,10.42,22.119,18,242109.25,245591.19,635.890000000014,658.75
230998,1545.75,9.131,0.0,19,242945.75,246275.11,683.9199999999837,836.5
231998,1567.75,6.533,0.0,18,243578.5,246908.17,633.0600000000268,632.75
232998,1398.5,4.973,0.0,18,244014.0,247444.73,536.5599999999977,435.5
233998,1200.75,7.189,19.769,17,244408.5,247920.58,475.8499999999767,394.5
234998,1573.25,8.684,13.055,16,244987.25,248363.72,443.14000000001397,578.75
235998,1147.0,6.109,0.0,16,245563.5,248675.2,311.4800000000105,576.25
236998,1076.75,4.791,3.574,15,245970.25,248901.53,226.3299999999872,406.75
237998,889.0,4.229,0.0,15,246307.75,249093.1,191.57000000000698,337.5
238998,695.75,4.168,0.0,14,246572.25,249358.06,264.95999999999185,264.5
239998,1101.5,5.92,10.608,13,246963.5,249822.9,464.8399999999965,391.25
240998,1234.5,7.9,22.775,12,247395.0,250485.22,662.320000000007,431.5
241998,1606.0,11.785,22.928,12,248051.75,251295.31,810.0899999999965,656.75
242998,1820.0,21.707,39.316,13,249110.0,252072.62,777.3099999999977,1058.25
243998,1208.75,7.91,2.264,16,250665.0,252655.17,582.5500000000175,1555.0
244998,1157.75,5.629,0.0,17,251084.75,253111.98,456.8099999999977,419.75
245998,1110.25,4.836,0.0,16,251451.5,253476.97,364.9899999999907,366.75
246998,1055.0,4.834,0.0,15,251840.75,253763.94,286.97000000000116,389.25
247998,828.75,3.725,0.0,12,252144.0,253993.05,229.10999999998603,303.25
248998,762.5,6.941,0.0,9,252422.25,254236.02,242.97000000000116,278.25
249998,1003.5,5.449,0.0,7,252914.0,254533.36,297.3399999999965,491.75
250998,935.75,5.764,29.239,6,253243.5,254853.83,320.47000000000116,329.5
251998,758.5,30.334,54.922,7,253850.0,255217.98,364.1500000000233,606.5
252998,923.75,57.207,58.899,10,255046.5,255687.28,469.29999999998836,1196.5
253998,984.0,99.914,31.122,13,255984.5,256270.11,582.8299999999872,938.0
254998,1229.25,31.436,16.138,17,257211.25,256958.84,688.7300000000105,1226.75
255998,1366.0,5.447,0.18,19,258210.75,257691.16,732.320000000007,999.5
256998,1319.0,6.717,18.655,18,258485.25,258441.7,750.5400000000081,274.5
257998,1307.5,15.16,29.724,18,259070.25,259265.19,823.4899999999907,585.0
258998,1524.25,41.336,45.984,21,260518.5,260181.97,916.7799999999988,1448.25
259998,1729.25,11.678,0.0,24,262326.25,261063.7,881.7300000000105,1807.75
260998,1677.25,7.156,0.0,25,263095.0,261720.58,656.8799999999756,768.75
261998,1136.25,5.127,0.0,21,263253.75,262110.58,390.0,158.75
262998,1049.25,6.012,0.0,20,263528.25,262398.97,288.38999999998487,274.5
263998,1280.5,6.047,0.0,18,264001.5,262660.7,261.7300000000396,473.25
264998,1166.5,5.232,0.0,16,264453.5,262873.97,213.26999999996042,452.0
265998,982.0,4.846,0.0,14,264796.5,263097.7,223.73000000003958,343.0
266998,913.0,4.387,0.0,13,265143.0,263482.8,385.0999999999767,346.5
267998,972.75,19.738,42.755,12,265495.25,264219.6,736.7999999999884,352.25
268998,1857.25,51.385,54.056,13,266824.25,265410.0,1190.4000000000233,1329.0
269998,2029.5,59.924,33.942,17,269145.5,266794.5,1384.5,2321.25
270997,2867.25,11.361,0.0,19,272197.25,267977.38,1182.8800000000047,3051.75
271997,1685.0,7.213,0.0,18,272532.75,268500.44,523.0599999999977,335.5
272997,1163.25,6.109,0.0,11,272865.0,268649.38,148.94000000000233,332.25
273997,1084.75,5.33,0.0,9,273356.75,268761.1,111.71999999997206,491.75
274997,1078.25,5.324,0.0,9,273723.25,268982.7,221.60000000003492,366.5
275997,1014.75,3.969,17.368,8,274079.75,269359.94,377.2399999999907,356.5
276997,737.25,33.162,60.614,9,274537.75,269957.25,597.3099999999977,458.0
277997,1284.0,57.428,46.338,11,275835.5,270874.06,916.8099999999977,1297.75
278997,2517.75,12.014,0.0,12,277824.0,271928.1,1054.039999999979,1988.5
279997,1745.75,7.338,26.749,11,278430.75,272670.56,742.460000000021,606.75
280997,1039.75,19.658,19.37,12,279046.75,273203.3,532.7399999999907,616.0
281997,1647.0,9.695,10.226,12,280100.5,273804.34,601.0400000000373,1053.75
282997,1532.5,7.631,34.915,12,280779.75,274518.66,714.3199999999488,679.25
283997,1165.5,32.775,45.337,13,281497.0,275490.88,972.2200000000303,717.25
284997,2505.25,20.363,18.188,15,283283.5,276838.16,1347.2799999999697,1786.5
285997,2032.25,20.852,38.568,18,285557.5,278245.6,1407.4400000000023,2274.0
286997,1589.25,42.08,63.599,22,287508.5,279803.3,1557.7000000000116,1951.0
287997,1984.75,67.162,44.067,27,290357.75,281769.88,1966.5800000000163,2849.25
288997,2483.5,17.535,35.083,34,295089.5,284158.78,2388.9000000000233,4731.75
289997,2727.75,14.086,28.293,38,296772.5,286785.62,2626.8399999999674,1683.0
290997,2849.75,12.49,22.516,39,298102.0,289503.75,2718.1300000000047,1329.5
291997,2906.5,12.627,21.475,40,299350.5,292274.94,2771.1900000000023,1248.5
292997,3006.25,24.346,54.3,41,300586.75,295095.28,2820.3400000000256,1236.25
293997,3406.5,43.094,0.0,47,304590.75,297783.88,2688.5999999999767,4004.0
294997,3709.25,8.141,0.0,48,307498.0,299881.06,2097.179999999993,2907.25
295997,2607.75,10.205,34.955,47,307630.5,301245.03,1363.9700000000303,132.5
296997,2214.75,41.857,63.391,48,309448.5,302518.28,1273.25,1818.0
297997,2315.0,100.051,49.1,51,313357.0,304155.94,1637.6599999999744,3908.5
298997,2476.25,25.256,29.413,54,317866.75,306207.44,2051.5,4509.75
299997,2560.0,14.732,24.771,56,320028.0,308465.03,2257.5900000000256,2161.25
300997,2594.75,13.477,20.81,57,321683.5,310648.25,2183.219999999972,1655.5
301997,2614.25,12.939,11.246,58,322920.75,312530.8,1882.5499999999884,1237.25
302997,2506.75,10.156,10.004,57,323959.75,314040.62,1509.820000000007,1039.0
303997,2540.75,9.893,0.0,56,324860.0,315297.28,1256.6600000000326,900.25
304997,2564.25,9.914,8.173,55,325470.0,316447.28,1150.0,610.0
305997,2439.5,10.783,21.786,54,326319.5,317655.0,1207.719999999972,849.5
306997,2469.25,24.99,42.807,54,327474.5,319104.84,1449.8400000000256,1155.0
307997,2559.75,40.979,41.861,56,330015.75,320864.0,1759.1599999999744,2541.25
308997,2666.5,14.41,21.777,59,333621.0,322867.12,2003.1199999999953,3605.25
309997,2712.75,15.172,35.938,60,335016.0,324983.22,2116.0999999999767,1395.0
310997,2750.0,14.016,22.522,61,336798.5,327111.38,2128.1600000000326,1782.5
311997,2783.75,14.715,21.396,61,338341.5,329189.88,2078.5,1543.0
312997,2790.0,13.902,21.222,62,339955.25,331181.25,1991.3699999999953,1613.75
313997,2817.75,19.23,37.073,62,341354.25,333043.3,1862.0499999999884,1399.0
314997,2851.75,13.262,20.816,63,343242.0,334690.1,1646.7999999999884,1887.75
315997,2861.75,13.977,21.14,63,344662.0,335998.25,1308.1500000000233,1420.0
316997,2833.25,9.354,0.0,63,345795.0,336879.5,881.25,1133.0
317997,1919.5,4.373,28.03,62,346085.25,337481.94,602.4400000000023,290.25
318997,1979.75,34.676,49.533,63,347232.75,338324.0,842.0599999999977,1147.5
319997,2029.25,38.418,24.664,64,349426.25,339588.9,1264.9000000000233,2193.5
320997,2072.5,10.631,18.869,66,351073.5,341234.56,1645.6599999999744,1647.25
321997,2076.0,13.162,28.162,66,351952.0,343090.1,1855.539999999979,878.5
322997,2109.75,27.361,43.93,66,353243.25,344965.1,1875.0,1291.25
323997,2133.75,9.695,15.277,68,354919.75,346682.28,1717.1800000000512,1676.5
324997,2123.75,9.395,19.495,67,355660.25,348156.47,1474.1899999999441,740.5
325997,2119.5,10.918,21.344,67,356369.5,349445.84,1289.3700000000536,709.25
326997,2122.0,15.854,30.054,67,357363.0,350686.72,1240.8799999999464,993.5
327997,2143.75,18.508,30.945,68,359022.5,352038.66,1351.9400000000023,1659.5
328997,2163.75,21.768,34.082,69,360914.75,353652.3,1613.640000000014,1892.25
329997,2217.0,36.475,33.582,70,363659.0,355663.78,2011.4800000000396,2744.25
330997,2295.0,20.717,35.114,72,367171.25,358145.88,2482.0999999999767,3512.25
331997,2339.0,46.154,93.216,74,369754.75,361180.84,3034.960000000021,2583.5
332997,2448.5,100.049,100.0,77,375057.75,364764.66,3583.819999999949,5303.0
333997,2564.5,99.941,100.0,81,383242.5,368628.97,3864.3099999999977,8184.75
334997,2683.0,38.164,45.673,84,391078.5,372263.38,3634.4100000000326,7836.0
335997,2731.5,15.307,21.207,86,395565.75,375155.1,2891.719999999972,4487.25
336997,2707.0,8.6,0.0,86,396690.25,377074.4,1919.3000000000466,1124.5
337997,2651.5,10.121,0.0,84,396726.75,378146.12,1071.719999999972,36.5
338997,2593.75,10.078,0.0,82,396726.75,378682.22,536.0999999999767,0.0
339997,2556.5,10.525,14.499,80,396726.75,378973.78,291.5600000000559,0.0
340997,2477.5,10.148,0.0,80,397576.25,379189.78,216.0,849.5
341997,2457.25,9.697,0.0,78,397731.75,379408.66,218.87999999994645,155.5
342997,2393.0,9.475,0.0,76,397731.75,379667.2,258.54000000003725,0.0
343997,2342.5,9.301,0.0,74,397731.75,380020.66,353.45999999996275,0.0
344997,2294.25,10.658,21.634,73,398305.5,380541.78,521.1200000000536,573.75
345997,2305.0,10.93,26.84,72,399120.25,381302.75,760.9699999999721,814.75
346997,2279.5,15.979,32.159,72,400062.25,382341.16,1038.4099999999744,942.0
347997,2285.25,20.264,32.333,72,401808.75,383661.1,1319.9400000000023,1746.5
348997,2325.5,18.688,32.41,73,404249.0,385192.5,1531.4000000000233,2440.25
349997,2360.75,19.658,32.004,75,406496.25,386768.66,1576.1599999999744,2247.25
350997,2395.5,13.748,21.646,76,408981.0,388182.47,1413.8099999999977,2484.75
351997,2388.5,9.643,0.0,75,410234.0,389284.38,1101.9100000000326,1253.0
352997,2336.75,9.346,0.0,74,410426.0,390053.88,769.5,192.0
353997,2276.25,9.062,0.0,72,410426.0,390587.16,533.2799999999697,0.0
354997,2234.25,9.109,0.0,71,410974.5,391028.5,441.3400000000256,548.5
355997,2184.75,8.801,0.0,70,411568.25,391501.75,473.25,593.75
356997,2148.0,12.338,34.915,68,411742.25,392106.34,604.5900000000256,174.0
357997,2162.25,24.365,34.915,68,413501.25,392892.72,786.3799999999464,1759.0
358997,2185.75,11.174,0.0,69,415484.25,393822.1,929.3800000000047,1983.0
359997,2162.0,8.301,19.522,69,416145.75,394809.75,987.6500000000233,661.5
360997,2154.0,12.639,25.653,68,416962.5,395799.78,990.0300000000279,816.75
361997,2149.25,10.408,15.115,68,417929.5,396765.78,966.0,967.0
362997,2138.75,8.645,14.435,68,418695.75,397700.94,935.1599999999744,766.25
363997,2138.5,21.52,39.471,67,419555.25,398624.0,923.0599999999977,859.5
364997,2161.25,12.002,17.38,68,421239.5,399554.9,930.9000000000233,1684.25
365997,2075.5,5.59,0.0,68,421912.25,400512.06,957.1599999999744,672.75
366997,2119.25,8.426,26.331,67,422227.0,401565.84,1053.780000000028,314.75
367997,2110.75,27.963,47.485,67,423186.0,402757.9,1192.0599999999977,959.0
368997,2153.75,57.582,57.758,68,425809.75,404106.0,1348.0999999999767,2623.75
369997,2196.25,16.104,27.182,70,429944.25,405572.25,1466.25,4134.5
370997,2216.75,10.254,25.525,70,430928.75,407108.03,1535.780000000028,984.5
371997,2207.5,17.504,31.287,70,431941.5,408710.47,1602.4399999999441,1012.75
372997,2248.0,27.725,43.588,71,433924.5,410402.34,1691.8700000000536,1983.0
373997,2302.75,41.473,39.343,72,436755.0,412166.28,1763.9400000000023,2830.5
374997,2353.25,14.787,25.256,74,439928.5,413931.06,1764.7799999999697,3173.5
375997,2365.0,14.672,25.192,75,441358.0,415601.56,1670.5,1429.5
376997,2378.5,18.621,32.379,75,442742.0,417123.3,1521.7399999999907,1384.0
377997,2394.75,11.383,0.0,76,444760.0,418480.3,1357.0,2018.0
378997,2382.5,9.375,0.0,76,445590.75,419690.2,1209.9000000000233,830.75
379997,2341.5,9.154,0.0,74,445766.0,420835.84,1145.640000000014,175.25
380997,2337.75,10.744,15.884,74,446340.0,422025.66,1189.8199999999488,574.0
381997,2343.5,27.656,40.68,74,447668.0,423301.7,1276.0400000000373,1328.0
382997,2407.5,34.953,28.894,76,450364.0,424611.8,1310.0999999999767,2696.0
383997,2443.75,10.023,0.0,77,452478.0,425819.72,1207.9199999999837,2114.0
384997,2409.25,9.365,0.0,77,452867.25,426837.78,1018.0600000000559,389.25
385997,2375.0,9.375,0.0,75,452867.25,427728.4,890.6199999999953,0.0
386997,2314.5,9.121,0.0,73,452867.25,428688.8,960.3999999999651,0.0
387997,2342.25,14.996,31.812,73,453412.0,429950.56,1261.7600000000093,544.75
388997,2294.25,6.561,0.0,75,454980.25,431637.1,1686.539999999979,1568.25
389997,2421.0,7.939,44.571,75,455323.5,433732.06,2094.960000000021,343.25
390997,2438.0,50.342,98.676,77,457472.5,435989.03,2256.9700000000303,2149.0
391997,2561.5,14.074,0.0,81,462296.75,438028.38,2039.3499999999767,4824.25
392997,2518.0,6.5,0.0,81,463988.25,439476.1,1447.719999999972,1691.5
393997,2430.25,6.811,0.0,77,464034.0,440274.94,798.8400000000256,45.75
394997,2373.5,6.611,0.0,75,464034.0,440633.34,358.4000000000233,0.0
395997,2294.25,6.383,0.0,72,464034.0,440840.6,207.2599999999511,0.0
396997,2248.25,6.316,0.0,71,464034.0,441174.94,334.3400000000256,0.0
397997,2212.75,6.023,7.224,70,464172.25,441844.06,669.1199999999953,138.25
398997,2211.0,12.025,27.643,70,464727.0,443003.8,1159.7399999999907,554.75
399997,2253.25,40.514,78.375,71,466518.25,444747.16,1743.359999999986,1791.25
400997,2316.75,8.266,13.596,73,469641.25,447071.88,2324.7200000000303,3123.0
401997,2375.5,37.186,79.611,75,471900.75,449861.8,2789.9199999999837,2259.5
402997,2464.75,9.023,12.903,78,476835.0,452894.22,3032.4199999999837,4934.25
403997,2457.5,22.957,50.516,78,478367.5,455904.28,3010.060000000056,1532.5
404997,2543.0,57.721,54.886,80,481492.5,458696.4,2792.1199999999953,3125.0
405997,2607.0,12.861,0.0,83,486640.5,461067.1,2370.6999999999534,5148.0
406997,2605.0,9.307,0.0,83,487843.5,462886.25,1819.1500000000233,1203.0
407997,2575.25,9.961,0.0,82,488013.5,464156.7,1270.4500000000116,170.0
408997,2415.5,9.229,0.0,77,488013.5,464985.7,829.0,0.0
409997,2275.5,8.984,0.0,72,488013.5,465547.34,561.640000000014,0.0
410997,2101.25,8.252,0.0,67,488013.5,465935.84,388.5,0.0
411997,1859.25,7.734,0.0,59,488013.5,466175.94,240.09999999997672,0.0
412997,1339.0,5.688,0.0,53,488013.5,466302.34,126.40000000002328,0.0
413997,1027.75,6.926,0.0,45,488347.0,466428.06,125.71999999997206,333.5
414997,1278.0,5.748,0.0,35,488912.75,466631.6,203.53999999997905,565.75
415997,1235.25,5.971,0.0,34,489329.25,466845.12,213.52000000001863,416.5
416997,1155.5,5.285,0.0,33,489757.25,467024.44,179.32000000000698,428.0
417997,974.25,4.283,0.0,31,490141.5,467253.12,228.67999999999302,384.25
418997,784.25,3.67,0.0,29,490412.25,467812.66,559.539999999979,270.75
419997,1428.25,13.064,36.414,28,490754.0,469082.06,1269.4000000000233,341.75
420997,3249.0,17.904,17.923,29,492912.75,471010.88,1928.820000000007,2158.75
421997,2965.0,9.961,0.0,29,494333.0,472798.34,1787.460000000021,1420.25
422997,2158.25,8.959,33.102,29,494734.75,474213.9,1415.5599999999977,401.75
423997,2307.0,28.521,36.041,31,496211.5,475537.0,1323.0999999999767,1476.75
424997,2539.0,12.209,11.819,35,498363.25,476795.66,1258.6599999999744,2151.75
425997,2507.0,7.299,0.0,36,499225.25,477783.06,987.4000000000233,862.0
426997,2111.5,5.412,0.0,34,499319.75,478342.6,559.539999999979,94.5
427997,1016.25,3.188,0.0,31,499331.0,478603.6,261.0,11.25
428997,1120.25,4.482,0.0,30,499602.0,478925.3,321.70000000001164,271.0
429997,1112.0,3.613,0.0,29,499963.25,479412.62,487.320000000007,361.25
430997,1409.0,3.982,0.0,28,500233.25,480131.16,718.539999999979,270.0
431997,1645.0,7.016,0.0,26,500542.5,480919.94,788.7800000000279,309.25
432997,1709.75,6.664,0.0,24,501062.25,481542.53,622.5900000000256,519.75
433998,1586.25,6.494,0.0,23,501526.5,481836.7,294.1699999999837,464.25
434998,1076.0,5.195,0.0,13,501890.5,481859.2,22.5,364.0
435998,1068.75,4.309,0.0,4,502310.25,481901.16,41.95999999996275,419.75
436998,890.75,5.736,16.705,0,502633.5,482182.7,281.54000000003725,323.25
437998,1735.0,11.547,19.485,0,503206.5,482828.56,645.859999999986,573.0
438998,1989.25,12.133,18.073,0,504191.25,483648.12,819.5599999999977,984.75
439998,1826.0,8.031,0.0,4,505021.25,484438.28,790.1600000000326,830.0
440998,1337.0,5.312,21.265,3,505476.25,485173.75,735.4699999999721,455.0
441998,1111.0,20.998,33.249,4,506156.5,486065.75,892.0,680.25
442998,2539.25,17.695,19.708,8,507781.0,487218.3,1152.5499999999884,1624.5
443998,2425.0,10.357,0.0,11,509440.25,488201.0,982.7000000000116,1659.25
444998,1489.0,5.938,0.0,12,510086.75,488920.84,719.8400000000256,646.5
445998,1454.5,8.0,28.659,11,510529.25,489753.44,832.5999999999767,442.5
446998,1761.5,25.801,41.486,13,511395.75,491001.53,1248.0900000000256,866.5
447998,2573.5,40.92,30.215,19,513808.25,492689.94,1688.4099999999744,2412.5
448998,3135.0,12.039,0.0,25,516190.5,494406.94,1717.0,2382.25
449998,1735.75,7.051,14.407,24,516520.0,495857.6,1450.6599999999744,329.5
450998,2125.0,20.422,40.076,22,517212.0,497527.3,1669.7000000000116,692.0
451998,3510.25,22.998,27.39,23,519472.5,499328.97,1801.6699999999837,2260.5
452998,3387.0,10.955,0.0,27,521943.25,500479.1,1150.1300000000047,2470.75
453998,1556.25,6.348,0.0,26,522146.75,500837.75,358.6500000000233,203.5
454998,1176.5,6.117,0.0,25,522490.5,501146.62,308.86999999999534,343.75
455998,1154.75,7.592,28.647,25,522959.75,501864.84,718.2200000000303,469.25
456998,2198.75,26.375,21.844,25,524271.75,503061.7,1196.859999999986,1312.0
457998,1970.75,11.879,19.476,27,525918.75,504282.9,1221.2000000000116,1647.0
458998,2023.5,8.955,0.0,28,526898.75,505216.25,933.3499999999767,980.0
459998,1091.5,5.266,0.0,27,527287.75,505712.72,496.46999999997206,389.0
460998,1067.5,6.865,0.0,26,527655.75,506023.44,310.72000000003027,368.0
461998,1153.25,5.301,0.0,23,528184.0,506264.62,241.17999999999302,528.25
462998,903.25,5.193,0.0,16,528612.5,506488.72,224.09999999997672,428.5
463998,956.0,5.195,0.0,13,528956.0,506787.66,298.9400000000023,343.5
464998,925.25,5.098,0.0,12,529315.75,507171.7,384.04000000003725,359.75
465998,895.75,8.092,33.795,11,529686.25,507641.56,469.85999999998603,370.5
466998,1658.0,9.197,0.0,11,530528.75,508153.4,511.8400000000256,842.5
467998,1575.0,6.855,0.0,10,531059.25,508491.3,337.8999999999651,530.5
468998,1443.5,5.984,0.0,8,531575.0,508660.56,169.2600000000093,515.75
469998,1178.5,5.068,0.0,5,531950.0,508904.7,244.14000000001397,375.0
470998,1032.5,12.383,43.625,4,532293.5,509708.88,804.179999999993,343.5
471998,1702.25,54.016,93.277,6,533711.0,511663.34,1954.460000000021,1417.5
472998,4880.25,17.861,46.561,6,536758.0,514810.44,3147.0999999999767,3047.0
473998,2773.5,21.389,46.512,13,539071.75,517844.97,3034.5299999999697,2313.75
474998,3254.5,22.133,0.0,23,542630.25,520740.25,2895.280000000028,3558.5
475998,4120.25,8.301,0.0,24,544612.5,522908.6,2168.3499999999767,1982.25
476998,2683.5,7.375,0.0,23,544645.5,523832.53,923.9300000000512,33.0
477998,1345.25,3.5,0.0,22,544645.5,524112.53,280.0,0.0
478998,1066.0,3.109,0.0,21,544901.0,524365.8,253.27000000001863,255.5
479998,965.75,2.746,0.0,20,545201.25,524725.7,359.89999999990687,300.25
480998,853.0,4.309,0.0,18,545484.0,525121.94,396.2399999999907,282.75
481998,769.0,5.287,0.0,14,545835.5,525488.94,367.0,351.5
482998,931.5,4.91,0.0,11,546241.0,525809.5,320.5600000000559,405.5
483998,889.5,4.939,0.0,10,546616.5,526073.4,263.9000000000233,375.5
484998,878.75,4.818,0.0,8,546942.0,526367.44,294.03999999992084,325.5
485998,908.75,5.09,6.577,7,547276.5,526871.7,504.2600000000093,334.5
486998,543.25,23.205,70.09,6,547708.5,527864.5,992.8000000000466,432.0
487998,2881.5,17.488,11.09,6,548970.75,529568.75,1704.25,1262.25
488998,3331.25,15.322,24.799,7,551005.5,531297.8,1729.0500000000466,2034.75
489998,2056.75,11.693,24.438,12,552744.0,532623.4,1325.5999999999767,1738.5
490998,1968.5,13.232,24.438,15,553785.0,533951.75,1328.3499999999767,1041.0
491998,2253.0,15.42,27.652,17,555070.0,535722.5,1770.75,1285.0
492998,2666.5,16.857,27.78,21,556897.75,538266.8,2544.3000000000466,1827.75
493998,3026.5,17.266,32.184,24,558764.75,541782.9,3516.0999999999767,1867.0
494998,3510.0,20.803,35.385,27,561235.5,546267.9,4485.0,2470.75
495998,4153.5,22.859,35.385,33,564676.5,551186.2,4918.29999999993,3441.0
496998,4621.75,21.865,32.462,36,567643.0,555424.6,4238.400000000023,2966.5
497998,4797.5,14.082,0.0,39,570640.5,557978.9,2554.3000000000466,2997.5
498998,2783.75,10.033,4.26,37,571144.75,558906.8,927.9000000000233,504.25
499998,2553.5,11.004,18.741,36,571692.0,559554.7,647.8999999999069,547.25
500998,2514.0,12.561,20.898,35,572683.75,560521.25,966.5500000000466,991.75
501998,2508.25,14.098,24.319,35,573982.25,561904.06,1382.8100000000559,1298.5
502998,2523.5,13.58,20.584,35,575263.75,563610.25,1706.1899999999441,1281.5
503998,2548.25,17.406,31.143,35,576754.0,565500.0,1889.75,1490.25
504998,2635.25,13.875,26.117,37,578696.25,567401.1,1901.0999999999767,1942.25
505998,2698.75,13.023,23.117,37,579957.5,569111.56,1710.4600000000792,1261.25
506998,2699.75,6.535,0.0,38,581240.0,570495.2,1383.6399999998976,1282.5
507998,2615.25,6.367,13.968,36,581748.25,571556.56,1061.3600000001024,508.25
508998,2417.25,7.9,21.448,34,582304.75,572471.9,915.3399999999674,556.5
509998,2405.5,10.988,21.606,34,583140.75,573483.06,1011.1600000000326,836.0
510998,2406.75,11.773,27.036,33,584146.25,574731.56,1248.5,1005.5
511998,2448.75,17.443,35.33,34,585272.0,576260.0,1528.4399999999441,1125.75
512998,2667.5,14.428,24.973,37,587554.5,577960.1,1700.0999999999767,2282.5
513998,2772.0,13.021,13.712,38,589509.5,579552.44,1592.3399999999674,1955.0
514998,2707.25,11.488,0.0,38,590643.5,580788.94,1236.5,1134.0
515998,2561.25,9.777,0.0,35,591303.25,581609.5,820.5600000000559,659.75
516998,2254.0,8.764,0.0,31,591325.0,582162.9,553.4000000000233,21.75
517998,2023.75,7.885,23.434,28,591325.0,582727.06,564.1600000000326,0.0
518998,2061.25,28.027,50.034,27,592294.75,583514.56,787.5,969.75
519998,2205.25,13.412,0.0,31,594856.0,584532.44,1017.8799999998882,2561.25
520998,2239.75,7.852,21.39,30,595710.0,585642.06,1109.6200000001118,854.0
521998,2190.25,17.676,39.227,29,596582.5,586734.8,1092.7399999999907,872.5
522998,2156.5,7.732,0.0,31,598326.0,587761.56,1026.7600000000093,1743.5
523998,2122.75,10.066,20.193,29,598825.5,588720.94,959.3799999998882,499.5
524998,2049.0,14.578,29.803,28,599715.5,589676.2,955.2600000000093,890.0
525998,2175.75,17.617,23.911,30,601285.75,590682.5,1006.3000000000466,1570.25
526998,2167.0,11.592,19.522,30,602340.25,591701.9,1019.4000000000233,1054.5
527998,2140.0,10.473,15.735,30,603315.75,592715.2,1013.2999999999302,975.5
528998,2091.0,14.049,29.434,29,604241.5,593727.4,1012.2000000000698,925.75
529998,2146.75,15.078,23.73,30,605459.0,594739.75,1012.3499999999767,1217.5
530998,2151.5,10.635,14.624,30,606514.25,595688.7,948.9499999999534,1055.25
531998,2073.25,10.158,12.772,29,607432.25,596558.7,870.0,918.0
532998,2019.0,9.676,13.727,28,608148.75,597414.1,855.4000000000233,716.5
533998,1958.5,10.219,18.604,27,608888.25,598368.1,954.0,739.5
534998,1963.0,25.625,44.791,27,609876.0,599559.3,1191.2000000000698,987.75
535998,2128.75,41.869,45.023,29,611824.75,601079.94,1520.6399999998976,1948.75
536998,2355.25,13.469,28.497,33,614829.25,602888.7,1808.7600000000093,3004.5
537998,2483.5,19.713,31.729,34,616364.5,604844.25,1955.5500000000466,1535.25
538998,2629.75,14.373,26.913,37,618700.75,606815.1,1970.8499999999767,2336.25
539998,2713.25,14.299,22.379,38,620472.0,608703.06,1887.9600000000792,1771.25
540998,2750.25,15.941,31.177,38,622010.5,610527.7,1824.6399999998976,1538.5
541998,2809.5,14.162,23.477,39,623666.0,612406.75,1879.0500000000466,1655.5
542998,2834.25,14.062,30.908,39,625076.75,614479.8,2073.0500000000466,1410.75
543998,2939.5,17.814,34.073,41,626770.0,616840.5,2360.6999999999534,1693.25
544998,3080.0,16.879,31.36,43,628792.25,619405.5,2565.0,2022.25
545998,3221.0,17.129,38.077,45,630920.75,621900.75,2495.25,2128.5
546998,3449.0,11.211,0.0,46,633381.25,623934.75,2034.0,2460.5
547998,2819.5,7.471,24.2,45,633875.5,625259.06,1324.3100000000559,494.25
548998,2077.0,38.434,100.0,46,634984.75,626226.4,967.3399999999674,1109.25
549998,2211.0,21.986,17.111,48,638140.75,627301.1,1074.6999999999534,3156.0
550998,2185.25,6.469,14.743,48,639418.0,628578.56,1277.4600000000792,1277.25
551998,2111.0,13.008,24.722,47,640018.5,630064.0,1485.4399999999441,600.5
552998,2149.75,23.812,38.968,47,641480.0,631750.44,1686.4399999999441,1461.5
553998,2205.5,37.045,29.608,49,643800.75,633577.25,1826.8100000000559,2320.75
554998,2290.0,12.654,18.546,50,646065.5,635462.0,1884.75,2264.75
555998,2271.25,13.684,29.385,50,647121.5,637366.9,1904.9000000000233,1056.0
556998,2296.5,19.049,35.135,51,648385.5,639353.1,1986.1999999999534,1264.0
557998,2373.5,27.459,36.328,52,650605.5,641491.94,2138.8399999999674,2220.0
558998,2488.5,25.723,30.862,55,654292.5,643779.94,2288.0,3687.0
559998,2585.0,17.318,34.128,57,656691.75,646107.1,2327.1600000000326,2399.25
560998,2653.5,14.266,23.541,59,658998.5,648319.25,2212.1500000000233,2306.75
561998,2670.75,12.609,14.651,59,660589.25,650293.7,1974.4499999999534,1590.75
562998,2649.5,8.922,10.648,59,661602.0,652005.0,1711.3000000000466,1012.75
563998,2612.75,26.396,45.731,58,662540.75,653516.4,1511.4000000000233,938.75
564998,2647.5,10.066,24.402,58,664260.25,654924.06,1407.6600000000326,1719.5
565998,2594.0,12.109,15.906,58,665093.75,656296.9,1372.8399999999674,833.5
566998,2596.0,11.488,14.514,57,666132.5,657734.7,1437.7999999999302,1038.75
567998,2583.25,11.705,20.917,57,667219.0,659340.1,1605.4000000000233,1086.5
568998,2590.75,14.221,27.136,57,668242.25,661219.06,1878.9600000000792,1023.25
569998,2623.0,16.496,33.057,58,669743.0,663450.3,2231.2399999999907,1500.75
570998,2720.25,32.533,39.706,60,672513.25,666019.8,2569.5,2770.25
571998,2811.25,15.471,24.966,62,675175.0,668760.3,2740.5,2661.75
572998,2848.25,15.361,25.836,63,676780.5,671404.7,2644.399999999907,1605.5
573998,2886.0,13.232,24.216,64,678561.25,673689.06,2284.3600000001024,1780.75
574998,2922.0,12.605,0.0,64,679836.0,675413.56,1724.5,1274.75
575998,2584.25,7.607,16.077,64,680624.75,676553.6,1140.0399999999208,788.75
576998,2048.0,14.242,30.139,64,681272.75,677421.06,867.4600000000792,648.0
577998,2055.25,15.551,26.382,65,682527.5,678422.75,1001.6899999999441,1254.75
578998,2071.75,11.529,24.329,65,683515.0,679664.8,1242.0500000000466,987.5
579998,2083.25,11.236,0.0,66,684608.0,681061.2,1396.3999999999069,1093.0
580998,2009.75,5.867,0.0,66,685278.5,682450.75,1389.5500000000466,670.5
581998,2039.5,5.98,0.0,65,685335.25,683725.3,1274.5500000000466,56.75
582998,1974.5,5.6,0.0,63,685335.25,684842.2,1116.8999999999069,0.0
583998,1942.5,7.979,8.469,61,685335.25,685884.0,1041.8000000000466,0.0
584998,1908.0,12.188,31.308,61,685965.5,686973.5,1089.5,630.25
585998,1940.25,32.609,33.652,61,687601.25,688205.1,1231.5999999999767,1635.75
586998,1990.0,30.838,28.397,63,689712.5,689587.4,1382.3000000000466,2111.25
587998,2007.0,7.91,0.0,64,691105.5,691065.06,1477.6600000000326,1393.0
588998,2016.0,7.836,14.368,63,691523.0,692611.4,1546.3399999999674,417.5
589998,1971.75,14.65,37.564,62,692184.5,694268.44,1657.0399999999208,661.5
590998,2002.5,36.48,38.492,63,693918.75,696116.06,1847.6200000001118,1734.25
591998,2067.0,101.01,54.642,65,696993.25,698159.94,2043.8799999998882,3074.5
592998,2129.25,99.951,56.149,67,700617.25,700312.06,2152.1200000001118,3624.0
593998,2162.25,14.383,26.55,69,704933.5,702433.0,2120.939999999944,4316.25
594998,2207.5,38.582,46.085,70,706883.25,704392.1,1959.0999999999767,1949.75
595998,2218.75,6.74,0.0,71,709800.25,706095.7,1703.5999999999767,2917.0
596998,2206.5,7.689,0.0,70,710221.0,707516.4,1420.7000000000698,420.75
597998,2154.25,17.932,57.199,68,710746.75,708690.1,1173.6999999999534,525.75
598998,2194.75,36.445,32.156,69,712748.5,709637.0,946.9000000000233,2001.75
599998,2202.0,11.822,17.49,69,714445.5,712706.8,3069.8000000000466,1697.0
600998,2201.25,27.217,43.228,70,715662.75,716060.8,3354.0,1217.25
601998,2234.25,39.648,28.72,71,718135.5,719266.0,3205.1999999999534,2472.75
602998,2267.0,16.094,27.463,72,720161.75,722146.5,2880.5,2026.25
603998,2286.0,17.809,40.701,72,721867.5,724785.1,2638.5999999999767,1705.75
604998,2316.0,42.016,51.3,73,724237.25,727338.2,2553.0999999999767,2369.75
605998,2366.0,99.91,48.682,75,728321.75,729802.0,2463.8000000000466,4084.5
606998,2466.75,60.504,47.287,78,734209.0,731920.56,2118.560000000056,5887.25
607998,2558.5,57.617,47.287,81,740741.25,733258.56,1338.0,6532.25
608998,2660.5,43.477,27.505,84,748902.75,733404.2,145.63999999989755,8161.5
