Speed,Actual,Predicted_sum,Predicted,rate,MAE,MSE,MAPE,slope
0,287.937,332.99155,332.99155,287.937,971.3037348624795,2591989.579981012,59.118658301764384,1.6587677725119108
0,648.39,629.187,296.1955,360.453,971.3037348624795,2591989.579981012,59.118658301764384,1.6587677725119108
0,1038.828,1130.9269,501.73984,390.4380000000001,971.3037348624795,2591989.579981012,59.118658301764384,1.6587677725119108
0,2429.0,2007.6862,876.7593,1390.172,971.3037348624795,2591989.579981012,59.118658301764384,1.6587677725119108
1,4190.5779999999995,3674.0151,1666.3289,1761.5779999999995,971.3037348624795,2591989.579981012,59.118658301764384,1.6587677725119108
7,6730.187,7010.023,3336.0078,2539.6090000000004,971.3037348624795,2591989.579981012,59.118658301764384,1.6587677725119108
17,10441.171,13823.565,6813.5425,3710.9840000000004,971.3037348624795,2591989.579981012,59.118658301764384,1.6587677725119108
27,19570.718,24312.914,10489.348,9129.546999999999,971.3037348624795,2591989.579981012,59.118658301764384,1.6587677725119108
37,20527.484,26291.613,1978.6982,956.7659999999996,971.3037348624795,2591989.579981012,59.118658301764384,1.6587677725119108
38,24945.062,31528.307,5236.694,4417.578000000001,971.3037348624795,2591989.579981012,59.118658301764384,1.6587677725119108
44,34714.32800000001,45186.324,13658.018,9769.266000000003,971.3037348624795,2591989.579981012,59.118658301764384,1.6587677725119108
56,49278.96800000001,59664.016,14477.692,14564.64,971.3037348624795,2591989.579981012,59.118658301764384,1.6587677725119108
66,65697.546,74765.5,15101.484,16418.577999999994,971.3037348624795,2591989.579981012,59.118658301764384,1.6587677725119108
73,81206.84300000001,87982.87,13217.369,15509.297000000006,971.3037348624795,2591989.579981012,59.118658301764384,1.6587677725119108
77,83848.046,89709.65,1726.7805,2641.202999999994,971.3037348624795,2591989.579981012,59.118658301764384,1.6587677725119108
70,83848.046,90101.17,391.51953,0.0,971.3037348624795,2591989.579981012,59.118658301764384,1.6587677725119108
61,83848.046,90273.945,172.7764,0.0,971.3037348624795,2591989.579981012,59.118658301764384,1.6587677725119108
46,84395.046,90452.664,178.71587,547.0,971.3037348624795,2591989.579981012,59.118658301764384,1.6587677725119108
31,85153.71800000001,90808.49,355.8268,758.6720000000059,971.3037348624795,2591989.579981012,59.118658301764384,1.6587677725119108
20,87061.60900000001,93287.266,2478.7764,1907.8910000000033,971.3037348624795,2591989.579981012,59.118658301764384,1.6587677725119108
25,91606.70300000001,97689.61,4402.3423,4545.093999999997,971.3037348624795,2591989.579981012,59.118658301764384,1.6587677725119108
33,100458.171,105844.63,8155.0205,8851.467999999993,971.3037348624795,2591989.579981012,59.118658301764384,1.6587677725119108
43,109823.84300000001,114126.49,8281.858,9365.672000000006,971.3037348624795,2591989.579981012,59.118658301764384,1.6587677725119108
49,113252.765,118425.9,4299.4087,3428.9219999999914,971.3037348624795,2591989.579981012,59.118658301764384,1.6587677725119108
53,122787.96800000001,126066.375,7640.4736,9535.203000000009,971.3037348624795,2591989.579981012,59.118658301764384,1.6587677725119108
59,134942.14,138424.84,12358.474,12154.172000000006,971.3037348624795,2591989.579981012,59.118658301764384,1.6587677725119108
67,150829.968,152691.97,14267.117,15887.82799999998,971.3037348624795,2591989.579981012,59.118658301764384,1.6587677725119108
76,164563.968,165685.77,12993.791,13734.0,971.3037348624795,2591989.579981012,59.118658301764384,1.6587677725119108
81,167562.78100000002,168223.9,2538.134,2998.8130000000237,971.3037348624795,2591989.579981012,59.118658301764384,1.6587677725119108
82,180782.0,179084.28,10860.383,13219.218999999983,971.3037348624795,2591989.579981012,59.118658301764384,1.6587677725119108
87,191843.203,192637.61,13553.324,11061.203000000009,971.3037348624795,2591989.579981012,59.118658301764384,1.6587677725119108
92,206077.953,206850.22,14212.6045,14234.75,971.3037348624795,2591989.579981012,59.118658301764384,1.6587677725119108
97,222329.90600000002,221703.58,14853.362,16251.953000000009,971.3037348624795,2591989.579981012,59.118658301764384,1.6587677725119108
102,235661.046,236058.45,14354.876,13331.139999999985,971.3037348624795,2591989.579981012,59.118658301764384,1.6587677725119108
106,250940.171,249351.28,13292.828,15279.125,971.3037348624795,2591989.579981012,59.118658301764384,1.6587677725119108
109,267718.03099999996,264001.97,14650.679,16777.859999999986,971.3037348624795,2591989.579981012,59.118658301764384,1.6587677725119108
113,281926.37399999995,277962.88,13960.8955,14208.342999999993,971.3037348624795,2591989.579981012,59.118658301764384,1.6587677725119108
116,297131.593,291882.16,13919.286,15205.219000000041,971.3037348624795,2591989.579981012,59.118658301764384,1.6587677725119108
119,314052.687,305214.47,13332.317,16921.093999999983,971.3037348624795,2591989.579981012,59.118658301764384,1.6587677725119108
121,323524.87399999995,312403.84,7189.368,9472.186999999976,971.3037348624795,2591989.579981012,59.118658301764384,1.6587677725119108
121,323890.5,312803.25,399.40756,365.6260000000475,971.3037348624795,2591989.579981012,59.118658301764384,1.6587677725119108
109,323890.5,312895.0,91.750824,0.0,971.3037348624795,2591989.579981012,59.118658301764384,1.6587677725119108
101,323890.5,312861.88,-33.13964,0.0,971.3037348624795,2591989.579981012,59.118658301764384,1.6587677725119108
95,325399.187,313221.03,359.1427,1508.6869999999763,971.3037348624795,2591989.579981012,59.118658301764384,1.6587677725119108
92,338408.12399999995,321539.28,8318.254,13008.936999999976,971.3037348624795,2591989.579981012,59.118658301764384,1.6587677725119108
97,350657.15599999996,330992.0,9452.703,12249.032000000007,971.3037348624795,2591989.579981012,59.118658301764384,1.6587677725119108
100,363594.87399999995,335012.2,4020.1824,12937.717999999993,971.3037348624795,2591989.579981012,59.118658301764384,1.6587677725119108
101,368335.187,338391.75,3379.563,4740.313000000024,971.3037348624795,2591989.579981012,59.118658301764384,1.6587677725119108
102,379415.437,343330.4,4938.6665,11080.25,971.3037348624795,2591989.579981012,59.118658301764384,1.6587677725119108
104,383346.0,347526.12,4195.706,3930.5630000000237,971.3037348624795,2591989.579981012,59.118658301764384,1.6587677725119108
105,386797.5,351806.2,4280.051,3451.5,971.3037348624795,2591989.579981012,59.118658301764384,1.6587677725119108
106,389728.687,353743.16,1936.9581,2931.1869999999763,971.3037348624795,2591989.579981012,59.118658301764384,1.6587677725119108
105,389785.25,353897.12,153.95975,56.56300000002375,971.3037348624795,2591989.579981012,59.118658301764384,1.6587677725119108
98,389785.25,353905.12,7.9874506,0.0,971.3037348624795,2591989.579981012,59.118658301764384,1.6587677725119108
90,389785.25,353944.72,39.60494,0.0,971.3037348624795,2591989.579981012,59.118658301764384,1.6587677725119108
85,391518.12399999995,354313.53,368.8096,1732.8739999999525,971.3037348624795,2591989.579981012,59.118658301764384,1.6587677725119108
84,395063.187,355986.2,1672.6564,3545.0630000000237,971.3037348624795,2591989.579981012,59.118658301764384,1.6587677725119108
84,398658.03099999996,360770.03,4783.8496,3594.8439999999828,971.3037348624795,2591989.579981012,59.118658301764384,1.6587677725119108
86,412296.968,374096.53,13326.488,13638.937000000034,971.3037348624795,2591989.579981012,59.118658301764384,1.6587677725119108
92,427132.937,388859.66,14763.111,14835.968999999983,971.3037348624795,2591989.579981012,59.118658301764384,1.6587677725119108
98,440565.5,403994.75,15135.098,13432.563000000024,971.3037348624795,2591989.579981012,59.118658301764384,1.6587677725119108
104,455532.25,418947.3,14952.563,14966.75,971.3037348624795,2591989.579981012,59.118658301764384,1.6587677725119108
109,471900.343,434671.56,15724.254,16368.092999999993,971.3037348624795,2591989.579981012,59.118658301764384,1.6587677725119108
114,485642.937,450550.25,15878.683,13742.593999999983,971.3037348624795,2591989.579981012,59.118658301764384,1.6587677725119108
119,489503.187,453960.22,3409.9814,3860.25,971.3037348624795,2591989.579981012,59.118658301764384,1.6587677725119108
116,490423.937,454446.94,486.7298,920.75,971.3037348624795,2591989.579981012,59.118658301764384,1.6587677725119108
113,495670.093,454453.38,6.4238906,5246.156000000017,971.3037348624795,2591989.579981012,59.118658301764384,1.6587677725119108
104,495913.812,454441.1,-12.290273,243.71899999998277,971.3037348624795,2591989.579981012,59.118658301764384,1.6587677725119108
90,498366.0,455890.28,1449.177,2452.1880000000237,971.3037348624795,2591989.579981012,59.118658301764384,1.6587677725119108
89,510274.593,468936.34,13046.049,11908.592999999993,971.3037348624795,2591989.579981012,59.118658301764384,1.6587677725119108
95,524353.5619999999,484091.5,15155.157,14078.968999999983,971.3037348624795,2591989.579981012,59.118658301764384,1.6587677725119108
101,540143.4999999999,498148.4,14056.915,15789.937999999966,971.3037348624795,2591989.579981012,59.118658301764384,1.6587677725119108
105,554091.9369999999,512999.1,14850.702,13948.437000000034,971.3037348624795,2591989.579981012,59.118658301764384,1.6587677725119108
110,569139.5619999999,528436.94,15437.818,15047.625,971.3037348624795,2591989.579981012,59.118658301764384,1.6587677725119108
115,586419.1869999999,544303.75,15866.82,17279.625,971.3037348624795,2591989.579981012,59.118658301764384,1.6587677725119108
120,600467.9999999999,558892.7,14588.938,14048.812999999966,971.3037348624795,2591989.579981012,59.118658301764384,1.6587677725119108
123,609069.4369999999,566243.9,7351.206,8601.437000000034,971.3037348624795,2591989.579981012,59.118658301764384,1.6587677725119108
123,610029.0619999999,567078.7,834.80255,959.625,971.3037348624795,2591989.579981012,59.118658301764384,1.6587677725119108
121,611276.3119999999,567159.6,80.93839,1247.25,971.3037348624795,2591989.579981012,59.118658301764384,1.6587677725119108
117,611543.4369999999,567142.9,-16.721674,267.125,971.3037348624795,2591989.579981012,59.118658301764384,1.6587677725119108
106,611543.4369999999,567140.0,-2.876725,0.0,971.3037348624795,2591989.579981012,59.118658301764384,1.6587677725119108
97,611543.4369999999,567176.2,36.184845,0.0,971.3037348624795,2591989.579981012,59.118658301764384,1.6587677725119108
87,611543.4369999999,567247.8,71.63074,0.0,971.3037348624795,2591989.579981012,59.118658301764384,1.6587677725119108
78,612858.1869999999,567441.5,193.70305,1314.75,971.3037348624795,2591989.579981012,59.118658301764384,1.6587677725119108
75,617907.874,570083.0,2641.4688,5049.6870000000345,971.3037348624795,2591989.579981012,59.118658301764384,1.6587677725119108
77,619769.6869999999,572469.2,2386.215,1861.8129999999655,971.3037348624795,2591989.579981012,59.118658301764384,1.6587677725119108
77,630556.0619999999,581674.0,9204.844,10786.375,971.3037348624795,2591989.579981012,59.118658301764384,1.6587677725119108
82,641931.5619999999,594867.56,13193.57,11375.5,971.3037348624795,2591989.579981012,59.118658301764384,1.6587677725119108
88,655524.5619999999,607836.06,12968.528,13593.0,971.3037348624795,2591989.579981012,59.118658301764384,1.6587677725119108
93,671119.1869999999,622070.2,14234.138,15594.625,971.3037348624795,2591989.579981012,59.118658301764384,1.6587677725119108
99,684829.9999999999,636486.44,14416.247,13710.812999999966,971.3037348624795,2591989.579981012,59.118658301764384,1.6587677725119108
104,699112.2499999999,648460.2,11973.768,14282.25,971.3037348624795,2591989.579981012,59.118658301764384,1.6587677725119108
107,699496.374,648992.94,532.73474,384.1240000000689,971.3037348624795,2591989.579981012,59.118658301764384,1.6587677725119108
106,701679.4369999999,649022.9,29.942951,2183.0629999999655,971.3037348624795,2591989.579981012,59.118658301764384,1.6587677725119108
105,708653.124,654167.4,5144.5073,6973.6870000000345,971.3037348624795,2591989.579981012,59.118658301764384,1.6587677725119108
107,723470.0619999999,664837.75,10670.351,14816.937999999966,971.3037348624795,2591989.579981012,59.118658301764384,1.6587677725119108
111,734268.3119999999,672775.3,7937.5454,10798.25,971.3037348624795,2591989.579981012,59.118658301764384,1.6587677725119108
113,738176.9999999999,676563.7,3788.379,3908.6879999999655,971.3037348624795,2591989.579981012,59.118658301764384,1.6587677725119108
114,740978.4369999999,678712.44,2148.746,2801.4370000000345,971.3037348624795,2591989.579981012,59.118658301764384,1.6587677725119108
114,744491.8119999999,680893.7,2181.241,3513.375,971.3037348624795,2591989.579981012,59.118658301764384,0.0
114,747189.4369999999,683815.94,2922.235,2697.625,971.3037348624795,2591989.579981012,59.118658301764384,0.4022754977652492
114,755420.2499999999,689739.6,5923.6855,8230.812999999966,971.3037348624795,2591989.579981012,59.118658301764384,0.4022754977652492
116,764022.5619999999,693372.25,3632.6418,8602.312000000034,971.3037348624795,2591989.579981012,59.118658301764384,0.4022754977652492
116,764172.3119999999,693826.4,454.1296,149.75,971.3037348624795,2591989.579981012,59.118658301764384,0.4022754977652492
106,764172.3119999999,693956.7,130.29831,0.0,971.3037348624795,2591989.579981012,59.118658301764384,0.4022754977652492
93,764172.3119999999,694076.56,119.87915,0.0,971.3037348624795,2591989.579981012,59.118658301764384,0.4022754977652492
81,764172.3119999999,694219.56,143.02852,0.0,971.3037348624795,2591989.579981012,59.118658301764384,0.4022754977652492
70,764172.3119999999,694397.0,177.44182,0.0,971.3037348624795,2591989.579981012,59.118658301764384,0.4022754977652492
60,764433.3119999999,695083.1,686.14874,261.0,971.3037348624795,2591989.579981012,59.118658301764384,0.4022754977652492
59,767915.9369999999,698453.9,3370.7556,3482.625,971.3037348624795,2591989.579981012,59.118658301764384,0.4022754977652492
61,776842.3119999999,707488.1,9034.223,8926.375,971.3037348624795,2591989.579981012,59.118658301764384,0.4022754977652492
67,785423.5619999999,717236.8,9748.678,8581.25,971.3037348624795,2591989.579981012,59.118658301764384,0.4022754977652492
72,796112.4999999999,727289.7,10052.855,10688.937999999966,971.3037348624795,2591989.579981012,59.118658301764384,0.4022754977652492
77,809872.7499999999,740211.4,12921.689,13760.25,971.3037348624795,2591989.579981012,59.118658301764384,0.4022754977652492
84,822597.1869999999,753498.6,13287.231,12724.437000000034,971.3037348624795,2591989.579981012,59.118658301764384,0.4022754977652492
90,837362.5619999999,767493.7,13995.034,14765.375,971.3037348624795,2591989.579981012,59.118658301764384,0.4022754977652492
96,854674.0619999999,782235.56,14741.865,17311.5,971.3037348624795,2591989.579981012,59.118658301764384,0.4022754977652492
102,867885.7499999999,796669.1,14433.575,13211.687999999966,971.3037348624795,2591989.579981012,59.118658301764384,0.4022754977652492
106,882012.874,810852.5,14183.402,14127.124000000069,971.3037348624795,2591989.579981012,59.118658301764384,0.4022754977652492
110,882718.6869999999,812058.94,1206.467,705.8129999999655,971.3037348624795,2591989.579981012,59.118658301764384,0.4022754977652492
108,883459.6869999999,812409.44,350.5279,741.0,971.3037348624795,2591989.579981012,59.118658301764384,0.4022754977652492
107,886712.9369999999,815632.3,3222.9006,3253.25,971.3037348624795,2591989.579981012,59.118658301764384,0.4022754977652492
107,898243.624,823849.7,8217.375,11530.687000000034,971.3037348624795,2591989.579981012,59.118658301764384,0.4022754977652492
110,901073.9999999999,824501.1,651.418,2830.375999999931,971.3037348624795,2591989.579981012,59.118658301764384,0.4022754977652492
107,901078.1869999999,824620.7,119.55706,4.187000000034459,971.3037348624795,2591989.579981012,59.118658301764384,0.4022754977652492
100,904009.124,825430.6,809.9197,2930.9370000000345,971.3037348624795,2591989.579981012,59.118658301764384,0.4022754977652492
100,912737.4999999999,829216.8,3786.207,8728.375999999931,971.3037348624795,2591989.579981012,59.118658301764384,0.4022754977652492
102,913067.6869999999,830964.6,1747.8224,330.18700000003446,971.3037348624795,2591989.579981012,59.118658301764384,0.4022754977652492
101,916857.2499999999,832975.7,2011.068,3789.5629999999655,971.3037348624795,2591989.579981012,59.118658301764384,0.4022754977652492
101,922024.374,835350.7,2375.0095,5167.124000000069,971.3037348624795,2591989.579981012,59.118658301764384,0.4022754977652492
102,923088.2499999999,836227.1,876.43787,1063.875999999931,971.3037348624795,2591989.579981012,59.118658301764384,0.4022754977652492
100,926173.5619999999,838168.44,1941.3182,3085.3120000000345,971.3037348624795,2591989.579981012,59.118658301764384,0.4022754977652492
100,933641.4999999999,842036.3,3867.853,7467.9379999999655,971.3037348624795,2591989.579981012,59.118658301764384,0.4022754977652492
102,936205.1869999999,842633.1,596.7884,2563.6870000000345,971.3037348624795,2591989.579981012,59.118658301764384,0.4022754977652492
100,941036.1869999999,842694.4,61.229523,4831.0,971.3037348624795,2591989.579981012,59.118658301764384,0.4022754977652492
99,942568.374,843059.1,364.7436,1532.1870000000345,971.3037348624795,2591989.579981012,59.118658301764384,0.4022754977652492
98,952434.0619999999,849937.9,6878.7476,9865.687999999966,971.3037348624795,2591989.579981012,59.118658301764384,0.4022754977652492
101,964615.8119999999,863557.4,13619.517,12181.75,971.3037348624795,2591989.579981012,59.118658301764384,0.4022754977652492
106,976721.5619999999,877097.94,13540.573,12105.75,971.3037348624795,2591989.579981012,59.118658301764384,0.4022754977652492
110,990360.5619999999,890413.3,13315.403,13639.0,971.3037348624795,2591989.579981012,59.118658301764384,0.4022754977652492
114,996531.6869999999,899330.1,8916.801,6171.125,971.3037348624795,2591989.579981012,59.118658301764384,0.4022754977652492
116,998720.124,904862.2,5532.0356,2188.4370000000345,971.3037348624795,2591989.579981012,59.118658301764384,0.4022754977652492
117,1010890.3119999999,918142.94,13280.742,12170.187999999966,971.3037348624795,2591989.579981012,59.118658301764384,0.4022754977652492
121,1026413.624,932736.1,14593.207,15523.312000000034,971.3037348624795,2591989.579981012,59.118658301764384,0.4022754977652492
125,1040380.1869999999,947856.06,15119.959,13966.562999999966,971.3037348624795,2591989.579981012,59.118658301764384,0.4022754977652492
129,1055389.937,960849.0,12992.92,15009.75,971.3037348624795,2591989.579981012,59.118658301764384,0.4022754977652492
132,1059341.937,961269.2,420.18765,3952.0,971.3037348624795,2591989.579981012,59.118658301764384,0.4022754977652492
124,1059341.937,961399.44,130.22644,0.0,971.3037348624795,2591989.579981012,59.118658301764384,0.4022754977652492
118,1059341.937,961477.6,78.18164,0.0,971.3037348624795,2591989.579981012,59.118658301764384,0.4022754977652492
115,1059341.937,961484.2,6.569792,0.0,971.3037348624795,2591989.579981012,59.118658301764384,0.4022754977652492
112,1059341.937,961494.56,10.354165,0.0,971.3037348624795,2591989.579981012,59.118658301764384,0.4022754977652492
109,1059341.937,961545.4,50.833782,0.0,971.3037348624795,2591989.579981012,59.118658301764384,0.4022754977652492
108,1059341.937,961542.06,-3.3387914,0.0,971.3037348624795,2591989.579981012,59.118658301764384,0.4022754977652492
104,1059341.937,961475.5,-66.55706,0.0,971.3037348624795,2591989.579981012,59.118658301764384,0.4022754977652492
101,1059341.937,961399.44,-76.06214,0.0,971.3037348624795,2591989.579981012,59.118658301764384,0.4022754977652492
97,1059341.937,961371.25,-28.206388,0.0,971.3037348624795,2591989.579981012,59.118658301764384,0.4022754977652492
91,1059839.187,961410.7,39.407013,497.25,971.3037348624795,2591989.579981012,59.118658301764384,0.4022754977652492
89,1059980.062,961437.94,27.244928,140.875,971.3037348624795,2591989.579981012,59.118658301764384,0.4022754977652492
86,1060155.437,961493.7,55.727085,175.375,971.3037348624795,2591989.579981012,59.118658301764384,0.4022754977652492
78,1060750.562,961630.6,136.94533,595.125,971.3037348624795,2591989.579981012,59.118658301764384,0.4022754977652492
72,1061539.812,961867.75,237.096,789.25,971.3037348624795,2591989.579981012,59.118658301764384,0.4022754977652492
70,1062067.187,962098.5,230.77821,527.375,971.3037348624795,2591989.579981012,59.118658301764384,0.4022754977652492
67,1062387.562,962421.75,323.2229,320.375,971.3037348624795,2591989.579981012,59.118658301764384,0.4022754977652492
64,1063130.812,963081.0,659.24475,743.25,971.3037348624795,2591989.579981012,59.118658301764384,0.4022754977652492
62,1065040.312,965032.44,1951.4188,1909.5,971.3037348624795,2591989.579981012,59.118658301764384,0.4022754977652492
63,1067769.687,968238.3,3205.8738,2729.375,971.3037348624795,2591989.579981012,59.118658301764384,0.4022754977652492
65,1071458.937,974219.3,5980.973,3689.25,971.3037348624795,2591989.579981012,59.118658301764384,0.4022754977652492
68,1079690.312,986715.7,12496.381,8231.375,971.3037348624795,2591989.579981012,59.118658301764384,0.4022754977652492
75,1081501.062,987661.94,946.2665,1810.75,971.3037348624795,2591989.579981012,59.118658301764384,0.4022754977652492
70,1083006.687,988202.7,540.7274,1505.625,971.3037348624795,2591989.579981012,59.118658301764384,0.4022754977652492
68,1086786.062,992653.9,4451.1606,3779.375,971.3037348624795,2591989.579981012,59.118658301764384,0.4022754977652492
71,1093452.812,1004816.06,12162.161,6666.75,971.3037348624795,2591989.579981012,59.118658301764384,0.4022754977652492
77,1102665.187,1018753.8,13937.766,9212.375,971.3037348624795,2591989.579981012,59.118658301764384,0.4022754977652492
83,1104559.062,1021655.75,2901.915,1893.875,971.3037348624795,2591989.579981012,59.118658301764384,0.4022754977652492
83,1104559.062,1021987.4,331.64816,0.0,971.3037348624795,2591989.579981012,59.118658301764384,0.4022754977652492
81,1104559.062,1022223.06,235.67928,0.0,971.3037348624795,2591989.579981012,59.118658301764384,0.4022754977652492
79,1104559.062,1022255.44,32.37303,0.0,971.3037348624795,2591989.579981012,59.118658301764384,0.4022754977652492
73,1104559.062,1022280.75,25.283564,0.0,971.3037348624795,2591989.579981012,59.118658301764384,0.4022754977652492
67,1104727.312,1022794.25,513.5259,168.25,971.3037348624795,2591989.579981012,59.118658301764384,0.4022754977652492
65,1110051.062,1029060.56,6266.289,5323.75,971.3037348624795,2591989.579981012,59.118658301764384,0.4022754977652492
70,1116097.937,1040744.7,11684.149,6046.875,971.3037348624795,2591989.579981012,59.118658301764384,0.4022754977652492
76,1122509.812,1052414.8,11670.071,6411.875,971.3037348624795,2591989.579981012,59.118658301764384,0.4022754977652492
81,1124105.312,1054256.9,1842.1132,1595.5,971.3037348624795,2591989.579981012,59.118658301764384,0.4022754977652492
81,1124105.312,1054475.1,218.2466,0.0,971.3037348624795,2591989.579981012,59.118658301764384,0.4022754977652492
79,1125000.687,1054918.8,443.64426,895.375,971.3037348624795,2591989.579981012,59.118658301764384,0.4022754977652492
78,1125153.812,1055933.9,1015.0728,153.125,971.3037348624795,2591989.579981012,59.118658301764384,0.4022754977652492
77,1126492.562,1057247.0,1313.1504,1338.75,971.3037348624795,2591989.579981012,59.118658301764384,0.4022754977652492
77,1126792.812,1057597.8,350.76984,300.25,971.3037348624795,2591989.579981012,59.118658301764384,0.4022754977652492
75,1127888.562,1058065.8,468.04272,1095.75,971.3037348624795,2591989.579981012,59.118658301764384,0.4022754977652492
74,1127888.562,1058669.2,603.5474,0.0,971.3037348624795,2591989.579981012,59.118658301764384,0.4022754977652492
73,1127888.562,1058855.8,186.47997,0.0,971.3037348624795,2591989.579981012,59.118658301764384,0.4022754977652492
71,1127888.562,1058944.4,88.675,0.0,971.3037348624795,2591989.579981012,59.118658301764384,0.4022754977652492
68,1127888.562,1059217.1,272.74203,0.0,971.3037348624795,2591989.579981012,59.118658301764384,0.4022754977652492
66,1128867.312,1061006.0,1788.9095,978.75,971.3037348624795,2591989.579981012,59.118658301764384,0.4022754977652492
66,1132659.312,1065940.1,4934.1133,3792.0,971.3037348624795,2591989.579981012,59.118658301764384,0.4022754977652492
70,1135765.437,1069882.1,3942.016,3106.125,971.3037348624795,2591989.579981012,59.118658301764384,0.4022754977652492
72,1136323.937,1070632.1,749.97516,558.5,971.3037348624795,2591989.579981012,59.118658301764384,0.4022754977652492
71,1136323.937,1070860.0,227.92451,0.0,971.3037348624795,2591989.579981012,59.118658301764384,0.4022754977652492
69,1137319.812,1071606.0,745.9641,995.875,971.3037348624795,2591989.579981012,59.118658301764384,0.4022754977652492
69,1137319.812,1072134.4,528.3661,0.0,971.3037348624795,2591989.579981012,59.118658301764384,0.0
67,1138871.062,1074284.0,2149.5798,1551.25,971.3037348624795,2591989.579981012,59.118658301764384,-2.2102425876005167
68,1142087.062,1078068.0,3783.9949,3216.0,971.3037348624795,2591989.579981012,59.118658301764384,-2.2102425876005167
71,1145391.187,1082284.4,4216.3574,3304.125,971.3037348624795,2591989.579981012,59.118658301764384,-2.2102425876005167
73,1152833.812,1092514.6,10230.212,7442.625,971.3037348624795,2591989.579981012,59.118658301764384,-2.2102425876005167
80,1154615.687,1093583.8,1069.1748,1781.875,971.3037348624795,2591989.579981012,59.118658301764384,-2.2102425876005167
77,1159712.937,1097014.8,3430.9656,5097.25,971.3037348624795,2591989.579981012,59.118658301764384,-2.2102425876005167
80,1160600.437,1098172.1,1157.4135,887.5,971.3037348624795,2591989.579981012,59.118658301764384,-2.2102425876005167
79,1161369.437,1099370.5,1198.3187,769.0,971.3037348624795,2591989.579981012,59.118658301764384,-2.2102425876005167
79,1164033.562,1103057.8,3687.2,2664.125,971.3037348624795,2591989.579981012,59.118658301764384,-2.2102425876005167
81,1168673.937,1112194.6,9136.86,4640.375,971.3037348624795,2591989.579981012,59.118658301764384,-2.2102425876005167
85,1173860.062,1121630.5,9435.843,5186.125,971.3037348624795,2591989.579981012,59.118658301764384,-2.2102425876005167
89,1175431.187,1122859.5,1229.0618,1571.125,971.3037348624795,2591989.579981012,59.118658301764384,-2.2102425876005167
88,1183265.562,1134674.4,11814.876,7834.375,971.3037348624795,2591989.579981012,59.118658301764384,-2.2102425876005167
94,1193589.062,1148740.0,14065.649,10323.5,971.3037348624795,2591989.579981012,59.118658301764384,-2.2102425876005167
99,1206119.062,1161985.8,13245.743,12530.0,971.3037348624795,2591989.579981012,59.118658301764384,-2.2102425876005167
104,1206923.562,1162782.2,796.4844,804.5,971.3037348624795,2591989.579981012,59.118658301764384,-2.2102425876005167
97,1206923.562,1162976.4,194.11086,0.0,971.3037348624795,2591989.579981012,59.118658301764384,-2.2102425876005167
91,1206923.562,1163095.6,119.2922,0.0,971.3037348624795,2591989.579981012,59.118658301764384,-2.2102425876005167
79,1206923.562,1163219.4,123.69594,0.0,971.3037348624795,2591989.579981012,59.118658301764384,-2.2102425876005167
63,1207254.437,1163414.6,195.24767,330.875,971.3037348624795,2591989.579981012,59.118658301764384,-2.2102425876005167
43,1207798.812,1163734.9,320.1923,544.375,971.3037348624795,2591989.579981012,59.118658301764384,-2.2102425876005167
34,1209311.062,1165279.1,1544.1951,1512.25,971.3037348624795,2591989.579981012,59.118658301764384,-2.2102425876005167
36,1212476.562,1169941.6,4662.5215,3165.5,971.3037348624795,2591989.579981012,59.118658301764384,-2.2102425876005167
42,1220789.937,1178877.4,8935.737,8313.375,971.3037348624795,2591989.579981012,59.118658301764384,-2.2102425876005167
50,1232668.437,1190600.1,11722.719,11878.5,971.3037348624795,2591989.579981012,59.118658301764384,-2.2102425876005167
60,1245328.312,1203228.1,12627.986,12659.875,971.3037348624795,2591989.579981012,59.118658301764384,-2.2102425876005167
69,1260594.312,1217615.6,14387.459,15266.0,971.3037348624795,2591989.579981012,59.118658301764384,-2.2102425876005167
79,1277309.312,1232963.1,15347.511,16715.0,971.3037348624795,2591989.579981012,59.118658301764384,-2.2102425876005167
88,1281762.687,1238995.6,6032.4663,4453.375,971.3037348624795,2591989.579981012,59.118658301764384,-2.2102425876005167
89,1286356.437,1246197.9,7202.2183,4593.75,971.3037348624795,2591989.579981012,59.118658301764384,-2.2102425876005167
92,1302051.312,1261208.4,15010.53,15694.875,971.3037348624795,2591989.579981012,59.118658301764384,-2.2102425876005167
99,1316401.562,1276630.4,15422.012,14350.25,971.3037348624795,2591989.579981012,59.118658301764384,-2.2102425876005167
105,1331203.562,1291589.6,14959.205,14802.0,971.3037348624795,2591989.579981012,59.118658301764384,-2.2102425876005167
110,1332955.687,1293771.1,2181.5593,1752.125,971.3037348624795,2591989.579981012,59.118658301764384,-2.2102425876005167
104,1332955.687,1294014.1,242.94835,0.0,971.3037348624795,2591989.579981012,59.118658301764384,-2.2102425876005167
97,1332955.687,1294065.6,51.56066,0.0,971.3037348624795,2591989.579981012,59.118658301764384,-2.2102425876005167
85,1332955.687,1294097.1,31.457283,0.0,971.3037348624795,2591989.579981012,59.118658301764384,-2.2102425876005167
74,1332955.687,1294335.5,238.37428,0.0,971.3037348624795,2591989.579981012,59.118658301764384,-2.2102425876005167
72,1333973.937,1296468.6,2133.0898,1018.25,971.3037348624795,2591989.579981012,59.118658301764384,-2.2102425876005167
72,1336615.062,1300161.5,3692.889,2641.125,971.3037348624795,2591989.579981012,59.118658301764384,-2.2102425876005167
74,1337408.187,1301656.5,1495.0449,793.125,971.3037348624795,2591989.579981012,59.118658301764384,-2.2102425876005167
74,1337437.562,1301674.4,17.856024,29.375,971.3037348624795,2591989.579981012,59.118658301764384,-2.2102425876005167
68,1337437.562,1301739.4,64.99165,0.0,971.3037348624795,2591989.579981012,59.118658301764384,-2.2102425876005167
66,1337437.562,1301784.9,45.532734,0.0,971.3037348624795,2591989.579981012,59.118658301764384,-2.2102425876005167
64,1337437.562,1301795.0,10.104496,0.0,971.3037348624795,2591989.579981012,59.118658301764384,-2.2102425876005167
61,1337437.562,1301826.8,31.75048,0.0,971.3037348624795,2591989.579981012,59.118658301764384,-2.2102425876005167
59,1337437.562,1301864.6,37.87754,0.0,971.3037348624795,2591989.579981012,59.118658301764384,-2.2102425876005167
54,1337437.562,1301942.4,77.72561,0.0,971.3037348624795,2591989.579981012,59.118658301764384,-2.2102425876005167
50,1337437.562,1302241.8,299.39526,0.0,971.3037348624795,2591989.579981012,59.118658301764384,-2.2102425876005167
48,1338839.437,1304346.9,2105.1577,1401.875,971.3037348624795,2591989.579981012,59.118658301764384,-2.2102425876005167
50,1342464.562,1308797.8,4450.8467,3625.125,971.3037348624795,2591989.579981012,59.118658301764384,-2.2102425876005167
54,1350444.937,1317858.1,9060.322,7980.375,971.3037348624795,2591989.579981012,59.118658301764384,-2.2102425876005167
61,1357135.437,1325477.2,7619.081,6690.5,971.3037348624795,2591989.579981012,59.118658301764384,-2.2102425876005167
66,1358078.687,1326904.5,1427.223,943.25,971.3037348624795,2591989.579981012,59.118658301764384,-2.2102425876005167
67,1365567.062,1335143.6,8239.12,7488.375,971.3037348624795,2591989.579981012,59.118658301764384,-2.2102425876005167
73,1376007.312,1346738.5,11594.827,10440.25,971.3037348624795,2591989.579981012,59.118658301764384,-2.2102425876005167
79,1388644.937,1360364.0,13625.493,12637.625,971.3037348624795,2591989.579981012,59.118658301764384,-2.2102425876005167
86,1403296.687,1375273.9,14909.884,14651.75,971.3037348624795,2591989.579981012,59.118658301764384,-2.2102425876005167
93,1405141.312,1380468.1,5194.2114,1844.625,971.3037348624795,2591989.579981012,59.118658301764384,-2.2102425876005167
94,1405846.312,1380855.8,387.6036,705.0,971.3037348624795,2591989.579981012,59.118658301764384,-2.2102425876005167
92,1411528.312,1389824.1,8968.395,5682.0,971.3037348624795,2591989.579981012,59.118658301764384,-2.2102425876005167
97,1415086.437,1395250.2,5426.125,3558.125,971.3037348624795,2591989.579981012,59.118658301764384,-2.2102425876005167
98,1420773.562,1405621.5,10371.241,5687.125,971.3037348624795,2591989.579981012,59.118658301764384,-2.2102425876005167
102,1437028.312,1420439.4,14817.907,16254.75,971.3037348624795,2591989.579981012,59.118658301764384,-2.2102425876005167
108,1451433.687,1436439.4,16000.003,14405.375,971.3037348624795,2591989.579981012,59.118658301764384,-2.2102425876005167
114,1466726.812,1452794.4,16355.0,15293.125,971.3037348624795,2591989.579981012,59.118658301764384,-2.2102425876005167
120,1473065.312,1456173.9,3379.5442,6338.5,971.3037348624795,2591989.579981012,59.118658301764384,-2.2102425876005167
114,1473092.812,1456528.8,354.9122,27.5,971.3037348624795,2591989.579981012,59.118658301764384,-2.2102425876005167
106,1473092.812,1456603.1,74.38665,0.0,971.3037348624795,2591989.579981012,59.118658301764384,-2.2102425876005167
99,1473092.812,1456668.9,65.79487,0.0,971.3037348624795,2591989.579981012,59.118658301764384,-2.2102425876005167
95,1473996.562,1457230.8,561.8619,903.75,971.3037348624795,2591989.579981012,59.118658301764384,-2.2102425876005167
94,1477036.937,1463128.6,5897.8516,3040.375,971.3037348624795,2591989.579981012,59.118658301764384,-2.2102425876005167
96,1489252.687,1478071.9,14943.239,12215.75,971.3037348624795,2591989.579981012,59.118658301764384,-2.2102425876005167
102,1502789.312,1493300.6,15228.723,13536.625,971.3037348624795,2591989.579981012,59.118658301764384,-2.2102425876005167
107,1505406.937,1496496.6,3196.057,2617.625,971.3037348624795,2591989.579981012,59.118658301764384,-2.2102425876005167
105,1506324.437,1496578.9,82.23999,917.5,971.3037348624795,2591989.579981012,59.118658301764384,-2.2102425876005167
93,1510601.812,1497452.5,873.61255,4277.375,971.3037348624795,2591989.579981012,59.118658301764384,-2.2102425876005167
93,1516522.562,1506258.9,8806.43,5920.75,971.3037348624795,2591989.579981012,59.118658301764384,-2.2102425876005167
96,1528652.437,1519575.9,13316.97,12129.875,971.3037348624795,2591989.579981012,59.118658301764384,-2.2102425876005167
101,1538751.812,1528602.2,9026.416,10099.375,971.3037348624795,2591989.579981012,59.118658301764384,-2.2102425876005167
103,1541715.312,1534458.9,5856.563,2963.5,971.3037348624795,2591989.579981012,59.118658301764384,-2.2102425876005167
104,1555020.062,1543949.4,9490.444,13304.75,971.3037348624795,2591989.579981012,59.118658301764384,-2.2102425876005167
108,1555342.562,1543910.2,-39.15651,322.5,971.3037348624795,2591989.579981012,59.118658301764384,-2.2102425876005167
103,1555342.562,1543912.4,2.1690688,0.0,971.3037348624795,2591989.579981012,59.118658301764384,-2.2102425876005167
100,1555342.562,1543875.1,-37.224422,0.0,971.3037348624795,2591989.579981012,59.118658301764384,-2.2102425876005167
97,1555342.562,1543832.1,-43.04895,0.0,971.3037348624795,2591989.579981012,59.118658301764384,-2.2102425876005167
92,1555342.562,1543805.6,-26.530624,0.0,971.3037348624795,2591989.579981012,59.118658301764384,-2.2102425876005167
86,1555342.562,1543785.8,-19.853432,0.0,971.3037348624795,2591989.579981012,59.118658301764384,-2.2102425876005167
81,1555342.562,1543789.9,4.0905366,0.0,971.3037348624795,2591989.579981012,59.118658301764384,-2.2102425876005167
75,1555342.562,1543856.2,66.34679,0.0,971.3037348624795,2591989.579981012,59.118658301764384,-2.2102425876005167
63,1555782.187,1543968.0,111.79587,439.625,971.3037348624795,2591989.579981012,59.118658301764384,-2.2102425876005167
57,1556199.812,1544121.8,153.70448,417.625,971.3037348624795,2591989.579981012,59.118658301764384,-2.2102425876005167
45,1557123.312,1544612.4,490.60687,923.5,971.3037348624795,2591989.579981012,59.118658301764384,-2.2102425876005167
42,1560332.312,1548137.8,3525.392,3209.0,971.3037348624795,2591989.579981012,59.118658301764384,-2.2102425876005167
47,1565196.687,1553877.2,5739.439,4864.375,971.3037348624795,2591989.579981012,59.118658301764384,-2.2102425876005167
52,1573042.187,1562860.4,8983.071,7845.5,971.3037348624795,2591989.579981012,59.118658301764384,-2.2102425876005167
59,1582362.937,1573865.2,11004.832,9320.75,971.3037348624795,2591989.579981012,59.118658301764384,-2.2102425876005167
67,1591873.812,1585066.1,11200.924,9510.875,971.3037348624795,2591989.579981012,59.118658301764384,-2.2102425876005167
74,1603557.062,1597692.4,12626.279,11683.25,971.3037348624795,2591989.579981012,59.118658301764384,-2.2102425876005167
82,1618971.437,1611708.2,14015.919,15414.375,971.3037348624795,2591989.579981012,59.118658301764384,0.0
91,1632076.062,1626174.1,14465.836,13104.625,971.3037348624795,2591989.579981012,59.118658301764384,-0.6023424428333504
98,1642823.312,1638938.6,12764.468,10747.25,971.3037348624795,2591989.579981012,59.118658301764384,-0.6023424428333504
102,1643132.937,1639548.8,610.1745,309.625,971.3037348624795,2591989.579981012,59.118658301764384,-0.6023424428333504
101,1643132.937,1639723.9,175.06952,0.0,971.3037348624795,2591989.579981012,59.118658301764384,-0.6023424428333504
100,1643132.937,1640330.9,606.98126,0.0,971.3037348624795,2591989.579981012,59.118658301764384,-0.6023424428333504
99,1643132.937,1641070.8,739.864,0.0,971.3037348624795,2591989.579981012,59.118658301764384,-0.6023424428333504
98,1643132.937,1641323.5,252.79552,0.0,971.3037348624795,2591989.579981012,59.118658301764384,-0.6023424428333504
96,1643132.937,1641499.0,175.46794,0.0,971.3037348624795,2591989.579981012,59.118658301764384,-0.6023424428333504
88,1643132.937,1641598.9,99.909775,0.0,971.3037348624795,2591989.579981012,59.118658301764384,-0.6023424428333504
75,1643132.937,1641736.9,137.94421,0.0,971.3037348624795,2591989.579981012,59.118658301764384,-0.6023424428333504
58,1643753.562,1641950.4,213.51161,620.625,971.3037348624795,2591989.579981012,59.118658301764384,-0.6023424428333504
40,1644223.562,1642223.8,273.3248,470.0,971.3037348624795,2591989.579981012,59.118658301764384,-0.6023424428333504
25,1644511.062,1642747.9,524.09875,287.5,971.3037348624795,2591989.579981012,59.118658301764384,-0.6023424428333504
23,1646428.062,1644810.9,2063.0564,1917.0,971.3037348624795,2591989.579981012,59.118658301764384,-0.6023424428333504
26,1651163.312,1649020.0,4209.174,4735.25,971.3037348624795,2591989.579981012,59.118658301764384,-0.6023424428333504
34,1658884.562,1656960.8,7940.8105,7721.25,971.3037348624795,2591989.579981012,59.118658301764384,-0.6023424428333504
44,1665229.312,1666684.1,9723.391,6344.75,971.3037348624795,2591989.579981012,59.118658301764384,-0.6023424428333504
52,1665718.437,1668073.0,1388.8326,489.125,971.3037348624795,2591989.579981012,59.118658301764384,-0.6023424428333504
52,1668052.687,1670474.4,2401.3442,2334.25,971.3037348624795,2591989.579981012,59.118658301764384,-0.6023424428333504
55,1672028.562,1674560.9,4086.5295,3975.875,971.3037348624795,2591989.579981012,59.118658301764384,-0.6023424428333504
59,1677518.312,1682347.2,7786.3813,5489.75,971.3037348624795,2591989.579981012,59.118658301764384,-0.6023424428333504
65,1682268.312,1690273.6,7926.3613,4750.0,971.3037348624795,2591989.579981012,59.118658301764384,-0.6023424428333504
70,1687857.812,1698668.1,8394.468,5589.5,971.3037348624795,2591989.579981012,59.118658301764384,-0.6023424428333504
75,1693652.562,1705954.1,7285.987,5794.75,971.3037348624795,2591989.579981012,59.118658301764384,-0.6023424428333504
79,1694549.812,1706551.4,597.2883,897.25,971.3037348624795,2591989.579981012,59.118658301764384,-0.6023424428333504
78,1696414.437,1708275.5,1724.1796,1864.625,971.3037348624795,2591989.579981012,59.118658301764384,-0.6023424428333504
78,1701241.562,1712175.8,3900.1921,4827.125,971.3037348624795,2591989.579981012,59.118658301764384,-0.6023424428333504
81,1703514.062,1714121.0,1945.2673,2272.5,971.3037348624795,2591989.579981012,59.118658301764384,-0.6023424428333504
81,1704971.062,1716028.1,1907.1416,1457.0,971.3037348624795,2591989.579981012,59.118658301764384,-0.6023424428333504
81,1708133.062,1719213.1,3185.0015,3162.0,971.3037348624795,2591989.579981012,59.118658301764384,-0.6023424428333504
83,1710248.062,1721022.9,1809.7859,2115.0,971.3037348624795,2591989.579981012,59.118658301764384,-0.6023424428333504
83,1710268.937,1721360.5,337.6786,20.875,971.3037348624795,2591989.579981012,59.118658301764384,-0.6023424428333504
81,1710268.937,1721520.1,159.58232,0.0,971.3037348624795,2591989.579981012,59.118658301764384,-0.6023424428333504
79,1710268.937,1721614.0,93.89749,0.0,971.3037348624795,2591989.579981012,59.118658301764384,-0.6023424428333504
75,1710268.937,1721699.2,85.21004,0.0,971.3037348624795,2591989.579981012,59.118658301764384,-0.6023424428333504
66,1710268.937,1721808.4,109.15814,0.0,971.3037348624795,2591989.579981012,59.118658301764384,-0.6023424428333504
55,1710268.937,1721965.6,157.23305,0.0,971.3037348624795,2591989.579981012,59.118658301764384,-0.6023424428333504
41,1710710.812,1722173.6,207.98413,441.875,971.3037348624795,2591989.579981012,59.118658301764384,-0.6023424428333504
29,1711228.937,1722662.2,488.58136,518.125,971.3037348624795,2591989.579981012,59.118658301764384,-0.6023424428333504
26,1713816.437,1725149.1,2486.9136,2587.5,971.3037348624795,2591989.579981012,59.118658301764384,-0.6023424428333504
31,1720614.187,1730756.0,5606.9194,6797.75,971.3037348624795,2591989.579981012,59.118658301764384,-0.6023424428333504
40,1732869.687,1740920.8,10164.711,12255.5,971.3037348624795,2591989.579981012,59.118658301764384,-0.6023424428333504
53,1735897.312,1746774.5,5853.769,3027.625,971.3037348624795,2591989.579981012,59.118658301764384,-0.6023424428333504
55,1736700.687,1747719.2,944.7996,803.375,971.3037348624795,2591989.579981012,59.118658301764384,-0.6023424428333504
55,1737436.812,1748536.6,817.35626,736.125,971.3037348624795,2591989.579981012,59.118658301764384,-0.6023424428333504
54,1738427.187,1750130.1,1593.4984,990.375,971.3037348624795,2591989.579981012,59.118658301764384,-0.6023424428333504
55,1739357.812,1751391.0,1260.935,930.625,971.3037348624795,2591989.579981012,59.118658301764384,-0.6023424428333504
55,1740490.062,1752604.8,1213.698,1132.25,971.3037348624795,2591989.579981012,59.118658301764384,-0.6023424428333504
55,1741990.312,1754480.1,1875.4169,1500.25,971.3037348624795,2591989.579981012,59.118658301764384,-0.6023424428333504
56,1744614.062,1757859.1,3378.9495,2623.75,971.3037348624795,2591989.579981012,59.118658301764384,-0.6023424428333504
59,1747649.687,1762906.1,5046.942,3035.625,971.3037348624795,2591989.579981012,59.118658301764384,-0.6023424428333504
63,1751293.812,1768844.4,5938.289,3644.125,971.3037348624795,2591989.579981012,59.118658301764384,-0.6023424428333504
67,1755384.812,1775512.6,6668.2183,4091.0,971.3037348624795,2591989.579981012,59.118658301764384,-0.6023424428333504
71,1759828.812,1782756.6,7244.0054,4444.0,971.3037348624795,2591989.579981012,59.118658301764384,-0.6023424428333504
75,1762955.937,1788341.0,5584.41,3127.125,971.3037348624795,2591989.579981012,59.118658301764384,-0.6023424428333504
78,1766917.812,1794133.6,5792.636,3961.875,971.3037348624795,2591989.579981012,59.118658301764384,-0.6023424428333504
81,1773766.562,1805172.8,11039.086,6848.75,971.3037348624795,2591989.579981012,59.118658301764384,-0.6023424428333504
86,1781230.687,1818643.4,13470.582,7464.125,971.3037348624795,2591989.579981012,59.118658301764384,-0.6023424428333504
91,1785369.437,1825582.2,6938.838,4138.75,971.3037348624795,2591989.579981012,59.118658301764384,-0.6023424428333504
92,1785407.937,1825996.8,414.54886,38.5,971.3037348624795,2591989.579981012,59.118658301764384,-0.6023424428333504
85,1785407.937,1826086.1,89.38545,0.0,971.3037348624795,2591989.579981012,59.118658301764384,-0.6023424428333504
77,1785407.937,1826103.5,17.39038,0.0,971.3037348624795,2591989.579981012,59.118658301764384,-0.6023424428333504
65,1785828.812,1826109.8,6.2126665,420.875,971.3037348624795,2591989.579981012,59.118658301764384,-0.6023424428333504
48,1786515.437,1826362.1,252.35837,686.625,971.3037348624795,2591989.579981012,59.118658301764384,-0.6023424428333504
47,1787190.062,1828080.1,1717.9882,674.625,971.3037348624795,2591989.579981012,59.118658301764384,-0.6023424428333504
47,1790774.312,1831494.0,3413.8835,3584.25,971.3037348624795,2591989.579981012,59.118658301764384,-0.6023424428333504
51,1794191.187,1835400.0,3905.9958,3416.875,971.3037348624795,2591989.579981012,59.118658301764384,-0.6023424428333504
55,1796890.562,1837955.8,2555.7495,2699.375,971.3037348624795,2591989.579981012,59.118658301764384,-0.6023424428333504
58,1797441.187,1838471.4,515.57043,550.625,971.3037348624795,2591989.579981012,59.118658301764384,-0.6023424428333504
58,1798036.812,1839075.0,603.56683,595.625,971.3037348624795,2591989.579981012,59.118658301764384,-0.6023424428333504
58,1798036.812,1839148.0,73.01811,0.0,971.3037348624795,2591989.579981012,59.118658301764384,-0.6023424428333504
54,1798036.812,1839252.6,104.63973,0.0,971.3037348624795,2591989.579981012,59.118658301764384,-0.6023424428333504
44,1798036.812,1839403.9,151.29816,0.0,971.3037348624795,2591989.579981012,59.118658301764384,-0.6023424428333504
36,1798055.687,1839606.8,202.898,18.875,971.3037348624795,2591989.579981012,59.118658301764384,-0.6023424428333504
27,1798481.562,1839884.2,277.4682,425.875,971.3037348624795,2591989.579981012,59.118658301764384,-0.6023424428333504
19,1799672.437,1840702.1,817.8508,1190.875,971.3037348624795,2591989.579981012,59.118658301764384,-0.6023424428333504
20,1801490.812,1842419.1,1716.961,1818.375,971.3037348624795,2591989.579981012,59.118658301764384,-0.6023424428333504
24,1803751.062,1844381.5,1962.3857,2260.25,971.3037348624795,2591989.579981012,59.118658301764384,-0.6023424428333504
28,1806691.687,1847148.9,2767.3179,2940.625,971.3037348624795,2591989.579981012,59.118658301764384,-0.6023424428333504
33,1813633.437,1853690.1,6541.2397,6941.75,971.3037348624795,2591989.579981012,59.118658301764384,-0.6023424428333504
41,1822352.687,1863476.4,9786.305,8719.25,971.3037348624795,2591989.579981012,59.118658301764384,-0.6023424428333504
50,1832232.687,1874108.5,10632.163,9880.0,971.3037348624795,2591989.579981012,59.118658301764384,-0.6023424428333504
58,1845257.187,1886498.6,12390.137,13024.5,971.3037348624795,2591989.579981012,59.118658301764384,-0.6023424428333504
67,1860957.812,1900134.9,13636.221,15700.625,971.3037348624795,2591989.579981012,59.118658301764384,-0.6023424428333504
76,1875200.687,1914622.1,14487.205,14242.875,971.3037348624795,2591989.579981012,59.118658301764384,-0.6023424428333504
84,1890788.562,1929200.2,14578.136,15587.875,971.3037348624795,2591989.579981012,59.118658301764384,-0.6023424428333504
90,1894097.687,1932042.2,2842.0352,3309.125,971.3037348624795,2591989.579981012,59.118658301764384,-0.6023424428333504
90,1894768.937,1932134.4,92.14103,671.25,971.3037348624795,2591989.579981012,59.118658301764384,-0.6023424428333504
88,1895466.312,1932392.0,257.67523,697.375,971.3037348624795,2591989.579981012,59.118658301764384,-0.6023424428333504
87,1896971.687,1933039.9,647.9106,1505.375,971.3037348624795,2591989.579981012,59.118658301764384,-0.6023424428333504
86,1898918.562,1934055.2,1015.3802,1946.875,971.3037348624795,2591989.579981012,59.118658301764384,-0.6023424428333504
86,1899427.812,1934664.6,609.3987,509.25,971.3037348624795,2591989.579981012,59.118658301764384,-0.6023424428333504
84,1903105.937,1937455.6,2790.9736,3678.125,971.3037348624795,2591989.579981012,59.118658301764384,-0.6023424428333504
86,1906012.437,1940072.2,2616.6057,2906.5,971.3037348624795,2591989.579981012,59.118658301764384,-0.6023424428333504
87,1906740.312,1940801.5,729.2285,727.875,971.3037348624795,2591989.579981012,59.118658301764384,-0.6023424428333504
86,1908494.187,1941757.4,955.92725,1753.875,971.3037348624795,2591989.579981012,59.118658301764384,-0.6023424428333504
85,1916169.187,1947706.4,5949.017,7675.0,971.3037348624795,2591989.579981012,59.118658301764384,-0.6023424428333504
89,1927707.437,1950109.1,2402.6982,11538.25,971.3037348624795,2591989.579981012,59.118658301764384,-0.6023424428333504
88,1928054.812,1950433.5,324.32718,347.375,971.3037348624795,2591989.579981012,59.118658301764384,-0.6023424428333504
69,1928054.812,1950690.5,256.96994,0.0,971.3037348624795,2591989.579981012,59.118658301764384,0.0
56,1928510.312,1950986.9,296.37704,455.5,971.3037348624795,2591989.579981012,59.118658301764384,0.9369951534738103
38,1929017.562,1951321.5,334.5683,507.25,971.3037348624795,2591989.579981012,59.118658301764384,0.9369951534738103
33,1929324.937,1951665.9,344.40582,307.375,971.3037348624795,2591989.579981012,59.118658301764384,0.9369951534738103
23,1929638.437,1952088.1,422.26266,313.5,971.3037348624795,2591989.579981012,59.118658301764384,0.9369951534738103
16,1931426.937,1953544.8,1456.6272,1788.5,971.3037348624795,2591989.579981012,59.118658301764384,0.9369951534738103
19,1933735.937,1955939.1,2394.372,2309.0,971.3037348624795,2591989.579981012,59.118658301764384,0.9369951534738103
25,1940754.312,1961071.1,5131.9873,7018.375,971.3037348624795,2591989.579981012,59.118658301764384,0.9369951534738103
35,1944372.937,1966460.1,5389.0347,3618.625,971.3037348624795,2591989.579981012,59.118658301764384,0.9369951534738103
41,1947867.812,1970337.2,3877.0876,3494.875,971.3037348624795,2591989.579981012,59.118658301764384,0.9369951534738103
46,1949310.937,1971501.8,1164.4943,1443.125,971.3037348624795,2591989.579981012,59.118658301764384,0.9369951534738103
47,1953074.562,1974501.0,2999.2312,3763.625,971.3037348624795,2591989.579981012,59.118658301764384,0.9369951534738103
51,1955354.062,1976983.0,2481.9712,2279.5,971.3037348624795,2591989.579981012,59.118658301764384,0.9369951534738103
53,1958330.687,1979308.8,2325.72,2976.625,971.3037348624795,2591989.579981012,59.118658301764384,0.9369951534738103
55,1959466.812,1980679.1,1370.4132,1136.125,971.3037348624795,2591989.579981012,59.118658301764384,0.9369951534738103
55,1960220.562,1981745.8,1066.6182,753.75,971.3037348624795,2591989.579981012,59.118658301764384,0.9369951534738103
55,1960893.187,1982021.1,275.36456,672.625,971.3037348624795,2591989.579981012,59.118658301764384,0.9369951534738103
53,1960923.187,1982156.0,134.88063,30.0,971.3037348624795,2591989.579981012,59.118658301764384,0.9369951534738103
48,1962256.312,1982841.0,685.0206,1333.125,971.3037348624795,2591989.579981012,59.118658301764384,0.9369951534738103
48,1964699.562,1985662.2,2821.3076,2443.25,971.3037348624795,2591989.579981012,59.118658301764384,0.9369951534738103
51,1970569.937,1990393.4,4731.1006,5870.375,971.3037348624795,2591989.579981012,59.118658301764384,0.9369951534738103
56,1975978.187,1995604.9,5211.458,5408.25,971.3037348624795,2591989.579981012,59.118658301764384,0.9369951534738103
61,1979384.562,1998817.5,3212.6072,3406.375,971.3037348624795,2591989.579981012,59.118658301764384,0.9369951534738103
64,1982399.937,2001138.1,2320.626,3015.375,971.3037348624795,2591989.579981012,59.118658301764384,0.9369951534738103
66,1984810.937,2003935.0,2796.9292,2411.0,971.3037348624795,2591989.579981012,59.118658301764384,0.9369951534738103
68,1987566.437,2006690.9,2755.9265,2755.5,971.3037348624795,2591989.579981012,59.118658301764384,0.9369951534738103
70,1988187.062,2006917.0,226.12329,620.625,971.3037348624795,2591989.579981012,59.118658301764384,0.9369951534738103
67,1988187.062,2007028.9,111.89975,0.0,971.3037348624795,2591989.579981012,59.118658301764384,0.9369951534738103
65,1988187.062,2007259.8,230.88472,0.0,971.3037348624795,2591989.579981012,59.118658301764384,0.9369951534738103
64,1988899.937,2007668.6,408.8998,712.875,971.3037348624795,2591989.579981012,59.118658301764384,0.9369951534738103
62,1990374.562,2009235.0,1566.4288,1474.625,971.3037348624795,2591989.579981012,59.118658301764384,0.9369951534738103
63,1992004.062,2010649.8,1414.696,1629.5,971.3037348624795,2591989.579981012,59.118658301764384,0.9369951534738103
63,1994401.687,2012233.4,1583.6249,2397.625,971.3037348624795,2591989.579981012,59.118658301764384,0.9369951534738103
64,1995345.937,2013243.1,1009.75244,944.25,971.3037348624795,2591989.579981012,59.118658301764384,0.9369951534738103
63,1996934.812,2014632.0,1388.899,1588.875,971.3037348624795,2591989.579981012,59.118658301764384,0.9369951534738103
64,1997229.562,2014957.5,325.49762,294.75,971.3037348624795,2591989.579981012,59.118658301764384,0.9369951534738103
62,1997920.562,2015228.2,270.79572,691.0,971.3037348624795,2591989.579981012,59.118658301764384,0.9369951534738103
61,1998620.937,2015645.6,417.32764,700.375,971.3037348624795,2591989.579981012,59.118658301764384,0.9369951534738103
60,1999400.312,2015963.2,317.63776,779.375,971.3037348624795,2591989.579981012,59.118658301764384,0.9369951534738103
59,1999410.062,2016073.2,110.0379,9.75,971.3037348624795,2591989.579981012,59.118658301764384,0.9369951534738103
57,1999410.062,2016182.1,108.8394,0.0,971.3037348624795,2591989.579981012,59.118658301764384,0.9369951534738103
55,1999410.062,2016270.2,88.0743,0.0,971.3037348624795,2591989.579981012,59.118658301764384,0.9369951534738103
53,1999410.062,2016357.6,87.31255,0.0,971.3037348624795,2591989.579981012,59.118658301764384,0.9369951534738103
45,1999410.062,2016461.2,103.59653,0.0,971.3037348624795,2591989.579981012,59.118658301764384,0.9369951534738103
39,1999410.062,2016599.1,137.8139,0.0,971.3037348624795,2591989.579981012,59.118658301764384,0.9369951534738103
36,1999410.062,2016864.9,265.70816,0.0,971.3037348624795,2591989.579981012,59.118658301764384,0.9369951534738103
35,2000159.062,2017409.5,544.65607,749.0,971.3037348624795,2591989.579981012,59.118658301764384,0.9369951534738103
34,2001276.062,2018267.2,857.70593,1117.0,971.3037348624795,2591989.579981012,59.118658301764384,0.9369951534738103
35,2001817.437,2018758.2,490.99283,541.375,971.3037348624795,2591989.579981012,59.118658301764384,0.9369951534738103
34,2002606.937,2019472.8,714.46606,789.5,971.3037348624795,2591989.579981012,59.118658301764384,0.9369951534738103
34,2003882.312,2020735.5,1262.7726,1275.375,971.3037348624795,2591989.579981012,59.118658301764384,0.9369951534738103
36,2005108.062,2021904.6,1169.1123,1225.75,971.3037348624795,2591989.579981012,59.118658301764384,0.9369951534738103
37,2006879.187,2023921.5,2016.9054,1771.125,971.3037348624795,2591989.579981012,59.118658301764384,0.9369951534738103
40,2009571.312,2026837.6,2916.151,2692.125,971.3037348624795,2591989.579981012,59.118658301764384,0.9369951534738103
44,2014443.562,2030730.1,3892.4785,4872.25,971.3037348624795,2591989.579981012,59.118658301764384,0.9369951534738103
49,2018613.812,2033984.9,3254.7932,4170.25,971.3037348624795,2591989.579981012,59.118658301764384,0.9369951534738103
53,2018833.812,2034470.5,485.56454,220.0,971.3037348624795,2591989.579981012,59.118658301764384,0.9369951534738103
52,2021427.812,2036539.6,2069.1182,2594.0,971.3037348624795,2591989.579981012,59.118658301764384,0.9369951534738103
54,2027436.312,2042147.0,5607.3643,6008.5,971.3037348624795,2591989.579981012,59.118658301764384,0.9369951534738103
60,2032490.312,2047085.5,4938.4604,5054.0,971.3037348624795,2591989.579981012,59.118658301764384,0.9369951534738103
64,2033040.812,2047656.6,571.09326,550.5,971.3037348624795,2591989.579981012,59.118658301764384,0.9369951534738103
64,2033040.812,2048056.0,399.4202,0.0,971.3037348624795,2591989.579981012,59.118658301764384,0.9369951534738103
62,2035398.562,2049613.2,1557.269,2357.75,971.3037348624795,2591989.579981012,59.118658301764384,0.9369951534738103
63,2037316.562,2051201.1,1587.8246,1918.0,971.3037348624795,2591989.579981012,59.118658301764384,0.9369951534738103
64,2038420.437,2052270.0,1068.8882,1103.875,971.3037348624795,2591989.579981012,59.118658301764384,0.9369951534738103
63,2041386.187,2054313.1,2043.1152,2965.75,971.3037348624795,2591989.579981012,59.118658301764384,0.9369951534738103
65,2042578.062,2055743.6,1430.5574,1191.875,971.3037348624795,2591989.579981012,59.118658301764384,0.9369951534738103
65,2044178.187,2057403.2,1659.6648,1600.125,971.3037348624795,2591989.579981012,59.118658301764384,0.9369951534738103
66,2044783.187,2058160.2,756.9824,605.0,971.3037348624795,2591989.579981012,59.118658301764384,0.9369951534738103
65,2044783.187,2058448.8,288.51175,0.0,971.3037348624795,2591989.579981012,59.118658301764384,0.9369951534738103
