time,timestamp_received,timestamp,trip,signal,isLive,Battery_voltage,0313,0314,Fuel_level,Intake_manifold_absolute_pressure,Throttle_position,Accelerator_pedal_position,Coolant_temperature,Vehicle_Speed,Engine_speed,Target_air_fuel_ratio,033d,0345,0348,Current_gear_shift_position_(Current_gear),Cumulative_mileage,Clutch_torque,Trip_fuel_consumption,0409,040a,RON_factor,altitude,latitude,longitude,satelites,bearing,angular_speed
526,2024-08-20 11:46:34,2024-08-20 11:46:02,8,0,TRUE,12.2,96,32,77.647,87,7.547,0,44,0,0,0,399,1,24,13,9300.105,0,0,0,13.625,0.771,0,0,0,0,244.91,0.001591683
1526,2024-08-20 11:46:34,2024-08-20 11:46:02,8,0,TRUE,12.2,96,32,77.647,87,7.547,0,44,0,0,14.5,399,1,24,13,9300.105,0,0,0,13.688,0.771,0,0,0,0,244.91,0
2526,2024-08-20 11:46:34,2024-08-20 11:46:02,8,0,TRUE,12.2,96,32,77.647,87,7.549,0,44,0,0,14.5,399,1,24,13,9300.105,0,0,0,13.688,0.771,0,0,0,0,244.91,0
3526,2024-08-20 12:07:46,2024-08-20 11:46:05,8,0,FALSE,12.2,96,32,76.471,87,7.57,0,44,0,0,14.5,399,1,24,13,9300.105,0,0,0,13.688,0.771,0,0,0,0,244.91,0
4526,2024-08-20 12:07:46,2024-08-20 11:46:05,8,0,FALSE,12.2,96,32,77.647,87,7.547,0,44,0,0,14.5,399,1,24,13,9300.105,0,0,0,13.688,0.771,0,0,0,0,244.91,0
5526,2024-08-20 12:07:46,2024-08-20 11:46:05,8,0,FALSE,12.2,96,32,76.863,87,7.549,0,44,0,0,14.5,399,1,24,13,9300.105,0,0,0,13.688,0.771,0,0,0,0,244.91,0
6526,2024-08-20 12:08:37,2024-08-20 11:46:08,8,0,FALSE,12.2,96,32,77.255,87,7.592,0,44,0,0,14.5,399,1,24,13,9300.105,0,0,0,13.688,0.771,0,0,0,0,244.91,0
7526,2024-08-20 12:08:37,2024-08-20 11:46:08,8,0,FALSE,12.2,96,32,76.471,87,7.623,0,44,0,0,14.5,399,1,24,13,9300.105,0,0,0,13.688,0.771,0,0,0,0,244.91,0
8526,2024-08-20 12:08:37,2024-08-20 11:46:08,8,0,FALSE,12.2,96,32,76.471,87,7.525,0,44,0,0,14.5,399,1,24,13,9300.105,0,0,0,13.688,0.771,0,0,0,0,244.91,0
9526,2024-08-20 12:08:38,2024-08-20 11:46:11,8,0,FALSE,12.2,96,32,77.255,87,7.525,0,44,0,0,14.5,399,1,24,13,9300.105,0,0,0,13.75,0.771,0,0,0,0,244.91,0
10526,2024-08-20 12:08:38,2024-08-20 11:46:11,8,0,FALSE,12.2,96,32,77.255,87,7.504,0,44,0,0,14.5,399,1,24,13,9300.105,0,0,0,13.75,0.771,0,0,0,0,244.91,0
11526,2024-08-20 12:08:38,2024-08-20 11:46:11,8,0,FALSE,12.2,96,32,77.255,87,7.57,0,44,0,0,14.5,399,1,24,13,9300.105,0,0,0,13.75,0.771,0,0,0,0,244.91,0
12526,2024-08-20 12:08:39,2024-08-20 11:46:14,8,0,FALSE,12.2,96,32,77.647,87,7.592,0,44,0,0,14.5,399,1,24,13,9300.105,0,0,0,13.75,0.771,0,0,0,0,244.91,0
13526,2024-08-20 12:08:39,2024-08-20 11:46:14,8,0,FALSE,12.2,96,32,77.255,87,7.65,0,44,0,0,14.5,399,1,24,13,9300.105,0,0,0,13.75,0.771,0,0,0,0,244.91,0
14526,2024-08-20 12:08:39,2024-08-20 11:46:14,8,0,FALSE,12.2,96,32,77.255,87,7.531,0,44,0,0,14.5,399,1,24,13,9300.105,0,0,0,13.75,0.771,0,0,0,0,244.91,0
15526,2024-08-20 12:08:41,2024-08-20 11:46:17,8,0,FALSE,12.2,96,32,76.863,87,7.512,0,44,0,0,14.5,399,1,24,13,9300.105,0,0,0,13.75,0.771,0,0,0,0,244.91,0
16526,2024-08-20 12:08:41,2024-08-20 11:46:17,8,0,FALSE,12.2,96,32,76.471,87,7.586,0,44,0,0,14.5,399,1,24,13,9300.105,0,0,0,13.75,0.771,0,0,0,0,244.91,0
17526,2024-08-20 12:08:41,2024-08-20 11:46:17,8,0,FALSE,12.2,96,32,77.255,87,7.596,0,44,0,0,14.5,399,1,24,13,9300.105,0,0,0,13.812,0.771,0,0,0,0,244.91,0
18526,2024-08-20 12:08:42,2024-08-20 11:46:20,8,0,FALSE,12.2,96,32,77.255,87,7.586,0,44,0,0,14.5,399,1,24,13,9300.105,0,0,0,13.75,0.771,0,0,0,0,244.91,0
19526,2024-08-20 12:08:42,2024-08-20 11:46:20,8,0,FALSE,12.2,96,32,77.255,87,7.598,0,44,0,0,14.5,399,1,24,13,9300.105,0,0,0,13.812,0.771,0,0,0,0,244.91,0
20526,2024-08-20 12:08:42,2024-08-20 11:46:20,8,0,FALSE,12.2,96,32,77.255,87,7.547,0,44,0,0,14.5,399,1,24,13,9300.105,0,0,0,13.812,0.771,0,0,0,0,244.91,0
21526,2024-08-20 12:08:43,2024-08-20 11:46:23,8,58,FALSE,12.2,96,32,77.255,87,7.527,0,44,0,0,14.5,399,1,24,13,9300.105,0,0,0,13.812,0.771,0,0,0,0,244.91,0
22526,2024-08-20 12:08:43,2024-08-20 11:46:23,8,58,FALSE,12.2,96,32,77.255,87,7.531,0,44,0,0,14.5,399,1,24,13,9300.105,0,0,0,13.812,0.771,0,0,0,0,244.91,0
23526,2024-08-20 12:08:43,2024-08-20 11:46:23,8,58,FALSE,12.2,96,32,77.255,87,7.592,0,44,0,0,14.5,399,1,24,13,9300.105,0,0,0,13.812,0.771,0,0,0,0,244.91,0
24526,2024-08-20 12:08:44,2024-08-20 11:46:26,8,58,FALSE,12.2,96,32,77.255,87,7.574,0,44,0,0,14.5,399,1,24,13,9300.105,0,0,0,13.812,0.771,0,0,0,0,244.91,0
25526,2024-08-20 12:08:44,2024-08-20 11:46:26,8,58,FALSE,12.2,96,32,77.255,87,7.586,0,44,0,0,14.5,399,1,24,13,9300.105,0,0,0,13.812,0.771,0,0,0,0,244.91,0
26526,2024-08-20 12:08:44,2024-08-20 11:46:26,8,58,FALSE,12.2,96,32,77.255,87,7.576,0,44,0,0,14.5,399,1,24,13,9300.105,0,0,0,13.812,0.771,0,0,0,0,244.91,0
27526,2024-08-20 12:08:46,2024-08-20 11:46:29,8,58,FALSE,12.2,96,32,77.255,87,7.586,0,44,0,0,14.5,399,1,24,13,9300.105,0,0,0,13.812,0.771,0,0,0,0,244.91,0
28526,2024-08-20 12:08:46,2024-08-20 11:46:29,8,58,FALSE,12.2,96,32,77.255,87,7.592,0,44,0,0,14.5,399,1,24,13,9300.105,0,0,0,13.812,0.771,0,0,0,0,244.91,0
29526,2024-08-20 12:08:46,2024-08-20 11:46:29,8,58,FALSE,12.2,96,32,77.255,87,7.539,0,44,0,0,14.5,399,1,24,13,9300.105,0,0,0,13.812,0.771,0,0,0,0,244.91,0
30526,2024-08-20 12:08:47,2024-08-20 11:46:31,8,58,FALSE,12.2,96,32,77.255,87,7.512,0,44,0,0,14.5,399,1,24,13,9300.105,0,0,0,13.875,0.771,1276,35.706287,51.266739,5,47.34,2.834938304
31526,2024-08-20 12:08:47,2024-08-20 11:46:31,8,58,FALSE,12.2,96,32,77.255,87,7.531,0,44,0,0,14.5,399,1,24,13,9300.105,0,0,0,13.812,0.771,1276,35.706287,51.266739,5,47.34,0
32526,2024-08-20 12:08:47,2024-08-20 11:46:31,8,58,FALSE,12.2,96,32,77.255,87,7.592,0,44,0,0,14.5,399,1,24,13,9300.105,0,0,0,13.875,0.771,1276,35.706287,51.266739,5,47.34,0
33526,2024-08-20 12:08:48,2024-08-20 11:46:34,8,58,FALSE,12.2,96,32,77.255,87,7.549,0,44,0,0,14.5,399,1,24,13,9300.105,0,0,0,13.875,0.771,1275,35.706287,51.266739,5,47.34,0
34526,2024-08-20 12:08:48,2024-08-20 11:46:34,8,58,FALSE,11.7,96,32,77.255,87,7.592,0,44,0,0,14.5,399,1,24,13,9300.105,0,0,0,13.875,0.771,1275,35.706287,51.266739,5,47.34,0
35526,2024-08-20 12:08:48,2024-08-20 11:46:34,8,58,FALSE,12.2,96,32,77.255,87,7.547,0,44,0,0,14.5,399,1,24,13,9300.105,0,0,0,13.875,0.771,1275,35.706287,51.266739,5,47.34,0
36526,2024-08-20 11:46:41,2024-08-20 11:46:37,8,54,TRUE,11.7,96,32,77.255,87,7.57,0,44,0,0,14.5,399,1,24,13,9300.105,0,0,0,13.875,0.771,1275,35.706284,51.266731,5,245.21,-2.829702316
37526,2024-08-20 11:46:41,2024-08-20 11:46:37,8,54,TRUE,11.7,96,32,77.255,87,7.539,0,44,0,0,14.5,399,1,24,13,9300.105,0,0,0,13.875,0.771,1275,35.706284,51.266731,5,245.21,0
38526,2024-08-20 11:46:41,2024-08-20 11:46:37,8,54,TRUE,12.2,96,32,77.255,87,7.592,0,44,0,0,14.5,399,1,24,13,9300.105,0,0,0,13.875,0.771,1275,35.706284,51.266731,5,245.21,0
39526,2024-08-20 12:08:49,2024-08-20 11:46:40,8,54,FALSE,11.7,96,32,77.255,87,7.537,0,44,0,0,14.5,399,1,24,13,9300.105,0,0,0,13.875,0.771,1274,35.70628,51.266731,5,180,-1.138129205
40526,2024-08-20 12:08:49,2024-08-20 11:46:40,8,54,FALSE,12.2,96,32,77.255,87,7.568,0,44,0,0,14.5,399,1,24,13,9300.105,0,0,0,13.875,0.771,1274,35.70628,51.266731,5,180,0
41526,2024-08-20 12:08:49,2024-08-20 11:46:40,8,54,FALSE,12.2,96,32,77.255,87,7.553,0,44,0,0,14.5,399,1,24,13,9300.105,0,0,0,13.875,0.771,1274,35.70628,51.266731,5,180,0
42526,2024-08-20 11:46:47,2024-08-20 11:46:43,8,54,TRUE,12.2,96,32,77.255,87,7.549,0,44,0,0,14.5,399,1,24,13,9300.105,0,0,0,13.875,0.771,1274,35.706272,51.266731,5,180,0
43526,2024-08-20 11:46:47,2024-08-20 11:46:43,8,54,TRUE,12.2,96,32,77.255,87,7.531,0,44,0,0,14.5,399,1,24,13,9300.105,0,0,0,13.875,0.771,1274,35.706272,51.266731,5,180,0
44526,2024-08-20 11:46:47,2024-08-20 11:46:43,8,54,TRUE,12.2,96,32,77.255,87,7.537,0,44,0,0,14.5,399,1,24,13,9300.105,0,0,0,13.875,0.771,1274,35.706272,51.266731,5,180,0
45526,2024-08-20 12:08:51,2024-08-20 11:46:46,8,54,FALSE,12.2,96,32,77.255,87,7.607,0,44,0,0,14.5,399,1,24,13,9300.105,0,0,0,13.875,0.771,1274,35.706257,51.266731,5,180,0
46526,2024-08-20 12:08:51,2024-08-20 11:46:46,8,54,FALSE,12.2,96,32,77.255,87,7.586,0,44,0,0,14.5,399,1,24,13,9300.105,0,0,0,13.875,0.771,1274,35.706257,51.266731,5,180,0
47526,2024-08-20 12:08:51,2024-08-20 11:46:46,8,54,FALSE,12.2,96,32,77.255,87,7.504,0,44,0,0,14.5,399,1,24,13,9300.105,0,0,0,13.875,0.771,1274,35.706257,51.266731,5,180,0
48526,2024-08-20 11:46:52,2024-08-20 11:46:49,8,54,TRUE,12.2,96,32,77.255,87,7.559,0,44,0,0,14.5,399,1,24,13,9300.105,0,0,0,13.875,0.771,1274,35.706245,51.266739,5,151.57,-0.496197106
49526,2024-08-20 11:46:52,2024-08-20 11:46:49,8,54,TRUE,12.2,96,32,77.255,87,7.57,0,44,0,0,14.5,399,1,24,13,9300.105,0,0,0,13.875,0.771,1274,35.706245,51.266739,5,151.57,0
50526,2024-08-20 11:46:52,2024-08-20 11:46:49,8,54,TRUE,12.2,96,32,77.255,87,7.506,0,44,0,0,14.5,399,1,24,13,9300.105,0,0,0,13.875,0.771,1274,35.706245,51.266739,5,151.57,0
51526,2024-08-20 11:46:54,2024-08-20 11:46:52,8,54,TRUE,12.2,96,32,77.255,87,7.547,0,44,0,0,14.5,399,1,24,13,9300.105,0,0,0,13.875,0.771,1274,35.706238,51.266739,5,180,0.496197106
52526,2024-08-20 11:46:54,2024-08-20 11:46:52,8,54,TRUE,12.2,96,32,77.255,87,7.527,0,44,0,0,14.5,399,1,24,13,9300.105,0,0,0,13.875,0.771,1274,35.706238,51.266739,5,180,0
53526,2024-08-20 11:46:54,2024-08-20 11:46:52,8,54,TRUE,12.2,96,32,77.255,87,7.559,0,44,0,0,14.5,399,1,24,13,9300.105,0,0,0,13.875,0.771,1274,35.706238,51.266739,5,180,0
54526,2024-08-20 11:46:58,2024-08-20 11:46:55,8,54,TRUE,12.2,96,32,77.255,87,7.592,0,44,0,0,14.5,399,1,24,13,9300.105,0,0,0,13.875,0.771,1273,35.70623,51.266739,5,180,0
55526,2024-08-20 11:46:58,2024-08-20 11:46:55,8,54,TRUE,12.2,96,32,77.255,87,7.527,0,44,0,0,14.5,399,1,24,13,9300.105,0,0,0,13.875,0.771,1273,35.70623,51.266739,5,180,0
56526,2024-08-20 11:46:58,2024-08-20 11:46:55,8,54,TRUE,12.2,96,32,77.255,87,7.57,0,44,0,0,14.5,399,1,24,13,9300.105,0,0,0,13.875,0.771,1273,35.70623,51.266739,5,180,0
57526,2024-08-20 11:47:01,2024-08-20 11:46:58,8,54,TRUE,12.2,96,32,77.255,87,7.525,0,44,0,0,14.5,399,1,24,13,9300.105,0,0,0,13.875,0.771,1272,35.706226,51.266739,5,180,0
58526,2024-08-20 11:47:01,2024-08-20 11:46:58,8,54,TRUE,12.2,96,32,77.255,87,7.527,0,44,0,0,14.5,399,1,24,13,9300.105,0,0,0,13.875,0.771,1272,35.706226,51.266739,5,180,0
59526,2024-08-20 11:47:01,2024-08-20 11:46:58,8,54,TRUE,12.2,96,32,77.255,87,7.576,0,44,0,0,14.5,399,1,24,13,9300.105,0,0,0,13.875,0.771,1272,35.706226,51.266739,5,180,0
60526,2024-08-20 11:47:04,2024-08-20 11:47:01,8,54,TRUE,12.2,96,32,77.255,87,7.561,0,44,0,0,14.5,399,1,24,13,9300.105,0,0,0,13.875,0.771,1271,35.706223,51.266739,6,180,0
61526,2024-08-20 11:47:04,2024-08-20 11:47:01,8,54,TRUE,12.2,96,32,77.255,87,7.549,0,44,0,0,14.5,399,1,24,13,9300.105,0,0,0,13.875,0.771,1271,35.706223,51.266739,6,180,0
62526,2024-08-20 11:47:04,2024-08-20 11:47:01,8,54,TRUE,12.2,96,32,77.255,87,7.539,0,44,0,0,14.5,399,1,24,13,9300.105,0,0,0,13.875,0.771,1271,35.706223,51.266739,6,180,0
63526,2024-08-20 11:47:06,2024-08-20 11:47:04,8,54,TRUE,12.2,96,32,77.647,87,7.52,0,44,0,0,14.5,399,1,24,13,9300.105,0,0,0,13.875,0.771,1271,35.706223,51.266739,6,180,0
64526,2024-08-20 11:47:06,2024-08-20 11:47:04,8,54,TRUE,12.2,96,32,77.255,87,7.531,0,44,0,0,14.5,399,1,24,13,9300.105,0,0,0,13.875,0.771,1271,35.706223,51.266739,6,180,0
65526,2024-08-20 11:47:06,2024-08-20 11:47:04,8,54,TRUE,12.2,96,32,77.255,87,7.559,0,44,0,0,14.5,399,1,24,13,9300.105,0,0,0,13.875,0.771,1271,35.706223,51.266739,6,180,0
66526,2024-08-20 11:47:09,2024-08-20 11:47:07,8,54,TRUE,12.2,96,32,77.255,87,7.549,0,44,0,0,14.5,399,1,24,13,9300.105,0,0,0,13.875,0.771,1271,35.706226,51.266739,6,0,-3.141592654
67526,2024-08-20 11:47:09,2024-08-20 11:47:07,8,54,TRUE,12.2,96,32,77.255,87,7.592,0,44,0,0,14.5,399,1,24,13,9300.105,0,0,0,13.875,0.771,1271,35.706226,51.266739,6,0,0
68526,2024-08-20 11:47:09,2024-08-20 11:47:07,8,54,TRUE,12.2,96,32,77.255,87,7.525,0,44,0,0,14.5,399,1,24,13,9300.105,0,0,0,13.875,0.771,1271,35.706226,51.266739,6,0,0
69526,2024-08-20 11:47:13,2024-08-20 11:47:10,8,54,TRUE,12.2,96,32,77.255,87,7.57,0,44,0,0,14.5,399,1,24,13,9300.105,0,0,0,13.875,0.771,1271,35.70623,51.266739,6,0,0
70526,2024-08-20 11:47:13,2024-08-20 11:47:10,8,54,TRUE,12.2,96,32,77.255,87,7.57,0,44,0,0,14.5,399,1,24,13,9300.105,0,0,0,13.875,0.771,1271,35.70623,51.266739,6,0,0
71526,2024-08-20 11:47:13,2024-08-20 11:47:10,8,54,TRUE,12.2,96,32,77.255,87,7.539,0,44,0,0,14.5,399,1,24,13,9300.105,0,0,0,13.875,0.771,1271,35.70623,51.266739,6,0,0
72526,2024-08-20 11:47:15,2024-08-20 11:47:13,8,54,TRUE,12.2,96,32,77.255,87,7.57,0,44,0,0,14.5,399,1,24,13,9300.105,0,0,0,13.875,0.771,1271,35.706234,51.266739,6,0,0
73526,2024-08-20 11:47:15,2024-08-20 11:47:13,8,54,TRUE,12.2,96,32,77.255,87,7.576,0,44,0,0,14.5,399,1,24,13,9300.105,0,0,0,13.875,0.771,1271,35.706234,51.266739,6,0,0
74526,2024-08-20 11:47:15,2024-08-20 11:47:13,8,54,TRUE,12.2,96,32,77.255,87,7.57,0,44,0,0,14.5,399,1,24,13,9300.105,0,0,0,13.875,0.771,1271,35.706234,51.266739,6,0,0
75526,2024-08-20 11:47:18,2024-08-20 11:47:16,8,54,TRUE,12.2,96,32,77.255,87,7.559,0,44,0,0,14.5,399,1,24,13,9300.105,0,0,0,13.875,0.771,1272,35.706242,51.266739,6,0,0
76526,2024-08-20 11:47:18,2024-08-20 11:47:16,8,54,TRUE,12.2,96,32,77.255,87,7.559,0,44,0,0,14.5,399,1,24,13,9300.105,0,0,0,13.875,0.771,1272,35.706242,51.266739,6,0,0
77526,2024-08-20 11:47:18,2024-08-20 11:47:16,8,54,TRUE,12.2,96,32,77.647,87,7.471,0,44,0,0,14.5,399,1,24,13,9300.105,0,0,0,13.875,0.771,1272,35.706242,51.266739,6,0,0
78526,2024-08-20 11:47:21,2024-08-20 11:47:19,8,54,TRUE,12.2,96,32,77.255,87,7.525,0,44,0,0,14.5,399,1,24,13,9300.105,0,0,0,13.875,0.771,1272,35.706249,51.266739,6,0,0
79526,2024-08-20 11:47:21,2024-08-20 11:47:19,8,54,TRUE,12.2,96,32,77.647,87,7.531,0,44,0,0,14.5,399,1,24,13,9300.105,0,0,0,13.875,0.771,1272,35.706249,51.266739,6,0,0
80526,2024-08-20 11:47:21,2024-08-20 11:47:19,8,54,TRUE,12.2,96,32,77.255,87,7.568,0,44,0,0,14.5,399,1,24,13,9300.105,0,0,0,13.875,0.771,1272,35.706249,51.266739,6,0,0
81526,2024-08-20 11:47:26,2024-08-20 11:47:22,8,54,TRUE,12.2,96,32,77.255,87,7.559,0,44,0,0,14.5,399,1,24,13,9300.105,0,0,0,13.875,0.771,1272,35.706253,51.266747,6,58.38,1.018923217
82526,2024-08-20 11:47:26,2024-08-20 11:47:22,8,54,TRUE,12.2,96,32,77.255,87,7.592,0,44,0,0,14.5,399,1,24,13,9300.105,0,0,0,13.875,0.771,1272,35.706253,51.266747,6,58.38,0
83526,2024-08-20 11:47:26,2024-08-20 11:47:22,8,54,TRUE,12.2,96,32,77.255,87,7.525,0,44,0,0,14.5,399,1,24,13,9300.105,0,0,0,13.875,0.771,1272,35.706253,51.266747,6,58.38,0
84526,2024-08-20 12:08:52,2024-08-20 11:47:25,8,54,FALSE,12.2,96,32,77.647,87,7.52,0,44,0,0,14.5,399,1,24,13,9300.105,0,0,0,13.875,0.771,1273,35.706257,51.266747,6,0,-1.018923217
85526,2024-08-20 12:08:52,2024-08-20 11:47:25,8,54,FALSE,12.2,96,32,77.255,87,7.57,0,44,0,0,14.5,399,1,24,13,9300.105,0,0,0,13.875,0.771,1273,35.706257,51.266747,6,0,0
86526,2024-08-20 12:08:52,2024-08-20 11:47:25,8,54,FALSE,12.2,96,32,77.255,87,7.57,0,44,0,0,14.5,399,1,24,13,9300.105,0,0,0,13.875,0.771,1273,35.706257,51.266747,6,0,0
87526,2024-08-20 11:47:32,2024-08-20 11:47:28,8,54,TRUE,12.2,96,32,77.647,87,7.547,0,44,0,0,14.5,399,1,24,13,9300.105,0,0,0,13.875,0.771,1275,35.706261,51.266747,6,0,0
88526,2024-08-20 11:47:32,2024-08-20 11:47:28,8,54,TRUE,11.8,96,32,77.255,87,7.559,0,44,0,0,14.5,399,1,24,13,9300.105,0,0,0,13.875,0.771,1275,35.706261,51.266747,6,0,0
89526,2024-08-20 11:47:32,2024-08-20 11:47:28,8,54,TRUE,12.2,96,32,77.255,87,7.57,0,44,0,0,14.5,399,1,24,13,9300.105,0,0,0,13.875,0.771,1275,35.706261,51.266747,6,0,0
90526,2024-08-20 12:08:53,2024-08-20 11:47:31,8,54,FALSE,11.7,96,32,77.255,87,7.525,0,44,0,0,14.5,399,1,24,13,9300.105,0,0,0,13.875,0.771,1276,35.706264,51.266747,6,0,0
91526,2024-08-20 12:08:53,2024-08-20 11:47:31,8,54,FALSE,12.2,96,32,77.647,87,7.547,0,44,0,0,14.5,399,1,24,13,9300.105,0,0,0,13.875,0.771,1276,35.706264,51.266747,6,0,0
92526,2024-08-20 12:08:53,2024-08-20 11:47:31,8,54,FALSE,12.2,96,32,77.255,87,7.525,0,44,0,0,14.5,399,1,24,13,9300.105,0,0,0,13.875,0.771,1276,35.706264,51.266747,6,0,0
93526,2024-08-20 11:47:38,2024-08-20 11:47:34,8,54,TRUE,12.2,96,32,77.255,87,7.531,0,44,0,0,14.5,399,1,24,13,9300.105,0,0,0,13.875,0.771,1277,35.706264,51.266747,6,0,0
94526,2024-08-20 11:47:38,2024-08-20 11:47:34,8,54,TRUE,12.2,96,32,77.255,87,7.561,0,44,0,0,14.5,399,1,24,13,9300.105,0,0,0,13.875,0.771,1277,35.706264,51.266747,6,0,0
95526,2024-08-20 11:47:38,2024-08-20 11:47:34,8,54,TRUE,12.2,96,32,77.255,87,7.568,0,44,0,0,14.5,399,1,24,13,9300.105,0,0,0,13.875,0.771,1277,35.706264,51.266747,6,0,0
96526,2024-08-20 12:08:56,2024-08-20 11:47:37,8,54,FALSE,12.2,96,32,77.255,87,7.504,0,44,0,0,14.5,399,1,24,13,9300.105,0,0,0,13.875,0.771,1278,35.706264,51.266747,6,0,0
97526,2024-08-20 12:08:56,2024-08-20 11:47:37,8,54,FALSE,12.2,96,32,77.255,87,7.506,0,44,0,0,14.5,399,1,24,13,9300.105,0,0,0,13.875,0.771,1278,35.706264,51.266747,6,0,0
98526,2024-08-20 12:08:56,2024-08-20 11:47:37,8,54,FALSE,12.2,96,32,77.647,87,7.52,0,44,0,0,14.5,399,1,24,13,9300.105,0,0,0,13.875,0.771,1278,35.706264,51.266747,6,0,0
99526,2024-08-20 11:47:50,2024-08-20 11:47:40,8,54,TRUE,12.2,96,32,77.255,87,7.57,0,44,0,0,14.5,399,1,24,13,9300.105,0,0,0,13.875,0.771,1279,35.706264,51.266739,6,270,-1.570796327
100526,2024-08-20 11:47:50,2024-08-20 11:47:40,8,54,TRUE,12.2,96,32,77.647,87,7.504,0,44,0,0,14.5,399,1,24,13,9300.105,0,0,0,13.875,0.771,1279,35.706264,51.266739,6,270,0
101526,2024-08-20 11:47:50,2024-08-20 11:47:40,8,54,TRUE,12.2,96,32,77.255,87,7.609,0,44,0,0,14.5,399,1,24,13,9300.105,0,0,0,13.875,0.771,1279,35.706264,51.266739,6,270,0
102526,2024-08-20 12:08:57,2024-08-20 11:47:43,8,54,FALSE,12.2,96,32,77.255,87,7.576,0,44,0,0,14.5,399,1,24,13,9300.105,0,0,0,13.875,0.771,1280,35.706264,51.266739,6,270,0
103526,2024-08-20 12:08:57,2024-08-20 11:47:43,8,54,FALSE,12.2,96,32,77.255,87,7.574,0,44,0,0,14.5,399,1,24,13,9300.105,0,0,0,13.875,0.771,1280,35.706264,51.266739,6,270,0
104526,2024-08-20 12:08:57,2024-08-20 11:47:43,8,54,FALSE,12.2,96,32,77.647,87,7.525,0,44,0,0,14.5,399,1,24,13,9300.105,0,0,0,13.875,0.771,1280,35.706264,51.266739,6,270,0
105526,2024-08-20 12:08:58,2024-08-20 11:47:46,8,54,FALSE,12.2,96,32,77.255,87,7.568,0,44,0,0,14.5,399,1,24,13,9300.105,0,0,0,13.875,0.771,1281,35.706264,51.266739,6,270,0
106526,2024-08-20 12:08:58,2024-08-20 11:47:46,8,54,FALSE,12.2,96,32,77.255,87,7.559,0,44,0,0,14.5,399,1,24,13,9300.105,0,0,0,13.875,0.771,1281,35.706264,51.266739,6,270,0
107526,2024-08-20 12:08:58,2024-08-20 11:47:46,8,54,FALSE,12.2,96,32,77.255,87,7.617,0,44,0,0,14.5,399,1,24,13,9300.105,0,0,0,13.875,0.771,1281,35.706264,51.266739,6,270,0
108526,2024-08-20 12:09:01,2024-08-20 11:47:49,8,54,FALSE,12.2,96,32,77.255,87,7.547,0,44,0,0,14.5,399,1,24,13,9300.105,0,0,0,13.875,0.771,1281,35.706264,51.266739,6,270,0
109525,2024-08-20 12:09:01,2024-08-20 11:47:49,8,54,FALSE,12.2,96,32,77.255,87,7.547,0,44,0,0,14.5,399,1,24,13,9300.105,0,0,0,13.875,0.771,1281,35.706264,51.266739,6,270,0
110525,2024-08-20 12:09:01,2024-08-20 11:47:49,8,54,FALSE,12.2,96,32,77.255,87,7.547,0,44,0,0,14.5,399,1,24,13,9300.105,0,0,0,13.875,0.771,1281,35.706264,51.266739,6,270,0
111525,2024-08-20 11:47:54,2024-08-20 11:47:52,8,54,TRUE,12.2,96,32,77.255,87,7.568,0,44,0,0,14.5,399,1,24,13,9300.105,0,0,0,13.875,0.771,1280,35.706264,51.266731,6,270,0
112525,2024-08-20 11:47:54,2024-08-20 11:47:52,8,54,TRUE,12.2,96,32,77.647,87,7.531,0,44,0,0,14.5,399,1,24,13,9300.105,0,0,0,13.875,0.771,1280,35.706264,51.266731,6,270,0
113525,2024-08-20 11:47:54,2024-08-20 11:47:52,8,54,TRUE,12.2,96,32,77.255,87,7.57,0,44,0,0,14.5,399,1,24,13,9300.105,0,0,0,13.875,0.771,1280,35.706264,51.266731,6,270,0
114525,2024-08-20 11:47:58,2024-08-20 11:47:55,8,54,TRUE,12.2,96,32,77.255,87,7.607,0,44,0,0,14.5,399,1,24,13,9300.105,0,0,0,13.875,0.771,1279,35.706261,51.266731,5,180,-1.570796327
115525,2024-08-20 11:47:58,2024-08-20 11:47:55,8,54,TRUE,12.2,96,32,77.255,87,7.592,0,44,0,0,14.5,399,1,24,13,9300.105,0,0,0,13.875,0.771,1279,35.706261,51.266731,5,180,0
116525,2024-08-20 11:47:58,2024-08-20 11:47:55,8,54,TRUE,12.2,96,32,77.647,87,7.561,0,44,0,0,14.5,399,1,24,13,9300.105,0,0,0,13.875,0.771,1279,35.706261,51.266731,5,180,0
117525,2024-08-20 12:09:02,2024-08-20 11:47:58,8,54,FALSE,12.2,96,32,77.255,87,7.57,0,44,0,0,14.5,399,1,24,13,9300.105,0,0,0,13.875,0.771,1279,35.706261,51.266731,5,180,0
118525,2024-08-20 12:09:02,2024-08-20 11:47:58,8,54,FALSE,12.2,96,32,77.647,87,7.52,0,44,0,0,14.5,399,1,24,13,9300.105,0,0,0,13.875,0.771,1279,35.706261,51.266731,5,180,0
119525,2024-08-20 12:09:02,2024-08-20 11:47:58,8,54,FALSE,12.2,96,32,77.255,87,7.537,0,44,0,0,14.5,399,1,24,13,9300.105,0,0,0,13.875,0.771,1279,35.706261,51.266731,5,180,0
120525,2024-08-20 11:48:03,2024-08-20 11:48:01,8,51,TRUE,12.2,96,32,77.647,87,7.592,0,44,0,0,14.5,399,1,24,13,9300.105,0,0,0,13.875,0.771,1278,35.706261,51.266731,7,180,0
121525,2024-08-20 11:48:03,2024-08-20 11:48:01,8,51,TRUE,12.2,96,32,77.255,87,7.586,0,44,0,0,14.5,399,1,24,13,9300.105,0,0,0,13.875,0.771,1278,35.706261,51.266731,7,180,0
122525,2024-08-20 11:48:03,2024-08-20 11:48:01,8,51,TRUE,12.2,96,32,77.647,87,7.547,0,44,0,0,14.5,399,1,24,13,9300.105,0,0,0,13.875,0.771,1278,35.706261,51.266731,7,180,0
123525,2024-08-20 11:48:07,2024-08-20 11:48:04,8,51,TRUE,12.2,96,32,77.255,87,7.559,0,44,0,0,14.5,399,1,24,13,9300.105,0,0,0,13.875,0.771,1277,35.706261,51.266731,7,180,0
124525,2024-08-20 11:48:07,2024-08-20 11:48:04,8,51,TRUE,12.2,96,32,77.647,87,7.525,0,44,0,0,14.5,399,1,24,13,9300.105,0,0,0,13.875,0.771,1277,35.706261,51.266731,7,180,0
125525,2024-08-20 11:48:07,2024-08-20 11:48:04,8,51,TRUE,12.2,96,32,77.255,87,7.568,0,44,0,0,14.5,399,1,24,13,9300.105,0,0,0,13.875,0.771,1277,35.706261,51.266731,7,180,0
126525,2024-08-20 11:48:10,2024-08-20 11:48:07,8,54,TRUE,12.2,96,32,77.647,87,7.547,0,44,0,0,14.5,399,1,24,13,9300.105,0,0,0,13.875,0.771,1276,35.706261,51.266731,7,180,0
127525,2024-08-20 11:48:10,2024-08-20 11:48:07,8,54,TRUE,12.2,96,32,77.255,87,7.57,0,43,0,0,14.5,399,1,24,13,9300.105,0,0,0,13.875,0.771,1276,35.706261,51.266731,7,180,0
128525,2024-08-20 11:48:10,2024-08-20 11:48:07,8,54,TRUE,12.2,96,32,77.647,87,7.57,0,43,0,0,14.5,399,1,24,13,9300.105,0,0,0,13.875,0.771,1276,35.706261,51.266731,7,180,0
129525,2024-08-20 12:09:04,2024-08-20 11:48:10,8,54,FALSE,12.2,96,32,77.647,87,7.592,0,44,0,0,14.5,399,1,24,13,9300.105,0,0,0,13.875,0.771,1276,35.706261,51.266731,6,180,0
130525,2024-08-20 12:09:04,2024-08-20 11:48:10,8,54,FALSE,12.2,96,32,77.255,87,7.549,0,44,0,0,14.5,399,1,24,13,9300.105,0,0,0,13.875,0.771,1276,35.706261,51.266731,6,180,0
131525,2024-08-20 12:09:04,2024-08-20 11:48:10,8,54,FALSE,12.2,96,32,77.647,87,7.504,0,44,0,0,14.5,399,1,24,13,9300.105,0,0,0,13.875,0.771,1276,35.706261,51.266731,6,180,0
132525,2024-08-20 11:48:15,2024-08-20 11:48:13,8,54,TRUE,12.2,96,32,77.255,87,7.553,0,44,0,0,14.5,399,1,24,13,9300.105,0,0,0,13.875,0.771,1276,35.706264,51.266739,6,65.21,-2.003463448
133525,2024-08-20 11:48:15,2024-08-20 11:48:13,8,54,TRUE,12.2,96,32,77.255,87,7.568,0,44,0,0,14.5,399,1,24,13,9300.105,0,0,0,13.875,0.771,1276,35.706264,51.266739,6,65.21,0
134525,2024-08-20 11:48:15,2024-08-20 11:48:13,8,54,TRUE,12.2,96,32,77.647,87,7.617,0,44,0,0,14.5,399,1,24,13,9300.105,0,0,0,13.875,0.771,1276,35.706264,51.266739,6,65.21,0
135525,2024-08-20 11:48:18,2024-08-20 11:48:16,8,54,TRUE,11.8,96,32,77.255,87,7.592,0,44,0,0,14.5,399,1,24,13,9300.105,0,0,0,13.875,0.771,1276,35.706264,51.266739,6,65.21,0
136525,2024-08-20 11:48:18,2024-08-20 11:48:16,8,54,TRUE,12.2,96,32,77.647,87,7.57,0,44,0,0,14.5,399,1,24,13,9300.105,0,0,0,13.875,0.771,1276,35.706264,51.266739,6,65.21,0
137525,2024-08-20 11:48:18,2024-08-20 11:48:16,8,54,TRUE,11.8,96,32,77.647,87,7.561,0,43,0,0,14.5,399,1,24,13,9300.105,0,0,0,13.875,0.771,1276,35.706264,51.266739,6,65.21,0
138525,2024-08-20 11:48:22,2024-08-20 11:48:19,8,54,TRUE,11.7,96,32,77.647,87,7.531,0,44,0,0,14.5,399,1,24,13,9300.105,0,0,0,13.875,0.771,1276,35.706264,51.266739,6,65.21,0
139525,2024-08-20 11:48:22,2024-08-20 11:48:19,8,54,TRUE,11.7,96,32,77.255,87,7.57,0,43,0,0,14.5,399,1,24,13,9300.105,0,0,0,13.875,0.771,1276,35.706264,51.266739,6,65.21,0
140525,2024-08-20 11:48:22,2024-08-20 11:48:19,8,54,TRUE,12.2,96,32,77.255,87,7.607,0,44,0,0,14.5,399,1,24,13,9300.105,0,0,0,13.875,0.771,1276,35.706264,51.266739,6,65.21,0
141525,2024-08-20 11:48:24,2024-08-20 11:48:22,8,54,TRUE,12.2,96,32,77.255,87,7.547,0,43,0,0,14.5,399,1,24,13,9300.105,0,0,0,13.875,0.771,1276,35.706272,51.266739,6,0,-1.138129205
142525,2024-08-20 11:48:24,2024-08-20 11:48:22,8,54,TRUE,11.8,96,32,77.255,87,7.568,0,44,0,0,14.5,399,1,24,13,9300.105,0,0,0,13.875,0.771,1276,35.706272,51.266739,6,0,0
143525,2024-08-20 11:48:24,2024-08-20 11:48:22,8,54,TRUE,12.2,96,32,77.255,87,7.504,0,43,0,0,14.5,399,1,24,13,9300.105,0,0,0,13.875,0.771,1276,35.706272,51.266739,6,0,0
144525,2024-08-20 11:48:27,2024-08-20 11:48:25,8,54,TRUE,12.2,96,32,77.255,87,7.527,0,44,0,0,14.5,399,1,24,13,9300.105,0,0,0,13.875,0.771,1276,35.706276,51.266739,6,0,0
145525,2024-08-20 11:48:27,2024-08-20 11:48:25,8,54,TRUE,12.2,96,32,77.255,87,7.512,0,44,0,0,14.5,399,1,24,13,9300.105,0,0,0,13.875,0.771,1276,35.706276,51.266739,6,0,0
146525,2024-08-20 11:48:27,2024-08-20 11:48:25,8,54,TRUE,12.2,96,32,77.647,87,7.547,0,44,0,0,14.5,399,1,24,13,9300.105,0,0,0,13.875,0.771,1276,35.706276,51.266739,6,0,0
147525,2024-08-20 11:48:30,2024-08-20 11:48:28,8,54,TRUE,11.8,96,32,77.255,87,7.5,0,44,0,0,14.5,399,1,24,13,9300.105,0,0,0,13.875,0.771,1276,35.70628,51.266739,6,0,0
148525,2024-08-20 11:48:30,2024-08-20 11:48:28,8,54,TRUE,12.2,96,32,77.255,87,7.568,0,44,0,0,14.5,399,1,24,13,9300.105,0,0,0,13.875,0.771,1276,35.70628,51.266739,6,0,0
149525,2024-08-20 11:48:30,2024-08-20 11:48:28,8,54,TRUE,11.8,96,32,77.255,87,7.57,0,44,0,0,14.5,399,1,24,13,9300.105,0,0,0,13.875,0.771,1276,35.70628,51.266739,6,0,0
150525,2024-08-20 11:48:34,2024-08-20 11:48:31,8,54,TRUE,12.2,96,32,77.255,87,7.568,0,43,0,0,14.5,399,1,24,13,9300.105,0,0,0,13.875,0.771,1276,35.706284,51.266739,6,0,0
151525,2024-08-20 11:48:34,2024-08-20 11:48:31,8,54,TRUE,12.2,96,32,77.255,87,7.512,0,44,0,0,14.5,399,1,24,13,9300.105,0,0,0,13.875,0.771,1276,35.706284,51.266739,6,0,0
152525,2024-08-20 11:48:34,2024-08-20 11:48:31,8,54,TRUE,12.2,96,32,77.255,87,7.537,0,44,0,0,14.5,399,1,24,13,9300.105,0,0,0,13.875,0.771,1276,35.706284,51.266739,6,0,0
153525,2024-08-20 11:48:37,2024-08-20 11:48:34,8,54,TRUE,12.2,96,32,77.647,87,7.559,0,44,0,0,14.5,399,1,24,13,9300.105,0,0,0,13.875,0.771,1276,35.706287,51.266739,6,0,0
154525,2024-08-20 11:48:37,2024-08-20 11:48:34,8,54,TRUE,12.2,96,32,77.255,87,7.539,0,44,0,0,14.5,399,1,24,13,9300.105,0,0,0,13.875,0.771,1276,35.706287,51.266739,6,0,0
155525,2024-08-20 11:48:37,2024-08-20 11:48:34,8,54,TRUE,12.2,96,32,77.255,87,7.607,0,44,0,0,14.5,399,1,24,13,9300.105,0,0,0,13.875,0.771,1276,35.706287,51.266739,6,0,0
156525,2024-08-20 12:09:06,2024-08-20 11:48:37,8,54,FALSE,12.2,96,32,77.255,87,7.539,0,43,0,0,14.5,399,1,24,13,9300.105,0,0,0,13.875,0.771,1276,35.706291,51.266739,6,0,0
157525,2024-08-20 12:09:06,2024-08-20 11:48:37,8,54,FALSE,12.2,96,32,77.255,87,7.568,0,44,0,0,14.5,399,1,24,13,9300.105,0,0,0,13.875,0.771,1276,35.706291,51.266739,6,0,0
158525,2024-08-20 12:09:06,2024-08-20 11:48:37,8,54,FALSE,12.2,96,32,77.255,87,7.547,0,44,0,0,14.5,399,1,24,13,9300.105,0,0,0,13.875,0.771,1276,35.706291,51.266739,6,0,0
159525,2024-08-20 11:48:43,2024-08-20 11:48:40,8,54,TRUE,12.2,96,32,77.255,87,7.553,0,44,0,0,14.5,399,1,24,13,9300.105,0,0,0,13.875,0.771,1276,35.706299,51.266739,6,0,0
160525,2024-08-20 11:48:43,2024-08-20 11:48:40,8,54,TRUE,12.2,96,32,77.255,87,7.52,0,44,0,0,14.5,399,1,24,13,9300.105,0,0,0,13.875,0.771,1276,35.706299,51.266739,6,0,0
161525,2024-08-20 11:48:43,2024-08-20 11:48:40,8,54,TRUE,12.2,96,32,77.255,87,7.547,0,44,0,0,14.5,399,1,24,13,9300.105,0,0,0,13.875,0.771,1276,35.706299,51.266739,6,0,0
162525,2024-08-20 11:48:45,2024-08-20 11:48:43,8,54,TRUE,12.2,96,32,77.647,87,7.609,0,44,0,0,14.5,399,1,24,13,9300.105,0,0,0,13.875,0.771,1276,35.706303,51.266739,6,0,0
163525,2024-08-20 11:48:45,2024-08-20 11:48:43,8,54,TRUE,12.2,96,32,77.255,87,7.549,0,43,0,0,14.5,399,1,24,13,9300.105,0,0,0,13.875,0.771,1276,35.706303,51.266739,6,0,0
164525,2024-08-20 11:48:45,2024-08-20 11:48:43,8,54,TRUE,12.2,96,32,77.255,87,7.504,0,44,0,0,14.5,399,1,24,13,9300.105,0,0,0,13.875,0.771,1276,35.706303,51.266739,6,0,0
165525,2024-08-20 11:48:54,2024-08-20 11:48:46,8,54,TRUE,12.2,96,32,77.255,87,7.547,0,44,0,0,14.5,399,1,24,13,9300.105,0,0,0,13.875,0.771,1276,35.70631,51.266747,6,42.86,0.748048117
166525,2024-08-20 11:48:54,2024-08-20 11:48:46,8,54,TRUE,12.2,96,32,77.255,87,7.576,0,44,0,0,14.5,399,1,24,13,9300.105,0,0,0,13.875,0.771,1276,35.70631,51.266747,6,42.86,0
167525,2024-08-20 11:48:54,2024-08-20 11:48:46,8,54,TRUE,12.2,96,32,77.647,87,7.527,0,44,0,0,14.5,399,1,24,13,9300.105,0,0,0,13.875,0.771,1276,35.70631,51.266747,6,42.86,0
168525,2024-08-20 12:09:07,2024-08-20 11:48:49,8,54,FALSE,12.2,96,32,77.255,87,7.559,0,44,0,0,14.5,399,1,24,13,9300.105,0,0,0,13.875,0.771,1276,35.706333,51.266766,6,33.85,-0.157254166
169525,2024-08-20 12:09:07,2024-08-20 11:48:49,8,54,FALSE,12.2,96,32,77.647,87,7.57,0,44,0,0,14.5,399,1,24,13,9300.105,0,0,0,13.875,0.771,1276,35.706333,51.266766,6,33.85,0
170525,2024-08-20 12:09:07,2024-08-20 11:48:49,8,54,FALSE,12.2,96,32,77.255,87,7.539,0,44,0,0,14.5,399,1,24,13,9300.105,0,0,0,13.875,0.771,1276,35.706333,51.266766,6,33.85,0
171525,2024-08-20 12:09:08,2024-08-20 11:48:52,8,54,FALSE,12.2,96,32,77.255,87,7.592,0,43,0,0,14.5,399,1,24,13,9300.105,0,0,0,13.875,0.771,1276,35.706341,51.266773,6,35.39,0.02687807
172525,2024-08-20 12:09:08,2024-08-20 11:48:52,8,54,FALSE,12.2,96,32,77.255,87,7.527,0,44,0,0,14.5,399,1,24,13,9300.105,0,0,0,13.875,0.771,1276,35.706341,51.266773,6,35.39,0
173525,2024-08-20 12:09:08,2024-08-20 11:48:52,8,54,FALSE,12.2,96,32,77.647,87,7.592,0,44,0,0,14.5,399,1,24,13,9300.105,0,0,0,13.875,0.771,1276,35.706341,51.266773,6,35.39,0
174525,2024-08-20 11:48:57,2024-08-20 11:48:55,8,51,TRUE,12.2,96,32,77.255,87,7.57,0,44,0,0,14.5,399,1,24,13,9300.105,0,0,0,13.875,0.771,1276,35.706345,51.266781,6,58.38,0.401251195
175525,2024-08-20 11:48:58,2024-08-20 11:48:55,8,51,TRUE,12.2,96,32,77.647,87,7.547,0,44,0,0,14.5,399,1,24,13,9300.105,0,0,0,13.875,0.771,1276,35.706345,51.266781,6,58.38,0
176525,2024-08-20 11:48:58,2024-08-20 11:48:55,8,51,TRUE,12.2,96,32,77.647,87,7.553,0,44,0,0,14.5,399,1,24,13,9300.105,0,0,0,13.875,0.771,1276,35.706345,51.266781,6,58.38,0
177525,2024-08-20 11:49:01,2024-08-20 11:48:58,8,51,TRUE,12.2,96,32,77.255,87,7.57,0,44,0,0,14.5,399,1,24,13,9300.105,0,0,0,13.875,0.771,1276,35.706348,51.266781,6,0,-1.018923217
178525,2024-08-20 11:49:01,2024-08-20 11:48:58,8,51,TRUE,12.2,96,32,77.647,87,7.568,0,44,0,0,14.5,399,1,24,13,9300.105,0,0,0,13.875,0.771,1276,35.706348,51.266781,6,0,0
179525,2024-08-20 11:49:01,2024-08-20 11:48:58,8,51,TRUE,12.2,96,32,77.647,87,7.57,0,44,0,0,14.5,399,1,24,13,9300.105,0,0,0,13.875,0.771,1276,35.706348,51.266781,6,0,0
180525,2024-08-20 12:09:09,2024-08-20 11:49:01,8,51,FALSE,12.2,96,32,77.255,87,7.539,0,43,0,0,14.5,399,1,24,13,9300.105,0,0,0,13.875,0.771,1276,35.706352,51.266781,6,0,0
181525,2024-08-20 12:09:09,2024-08-20 11:49:01,8,51,FALSE,12.2,96,32,77.255,87,7.537,0,44,0,0,14.5,399,1,24,13,9300.105,0,0,0,13.875,0.771,1276,35.706352,51.266781,6,0,0
182525,2024-08-20 12:09:09,2024-08-20 11:49:01,8,51,FALSE,12.2,96,32,77.255,87,7.549,0,43,0,0,14.5,399,1,24,13,9300.105,0,0,0,13.875,0.771,1276,35.706352,51.266781,6,0,0
183525,2024-08-20 12:09:11,2024-08-20 11:49:04,8,51,FALSE,12.2,96,32,77.647,87,7.574,0,44,0,0,14.5,399,1,24,13,9300.105,0,0,0,13.875,0.771,1276,35.706356,51.266781,6,0,0
184525,2024-08-20 12:09:11,2024-08-20 11:49:04,8,51,FALSE,12.2,96,32,77.255,87,7.568,0,43,0,0,14.5,399,1,24,13,9300.105,0,0,0,13.875,0.771,1276,35.706356,51.266781,6,0,0
185525,2024-08-20 12:09:11,2024-08-20 11:49:04,8,51,FALSE,12.2,96,32,77.255,87,7.547,0,44,0,0,14.5,399,1,24,13,9300.105,0,0,0,13.875,0.771,1276,35.706356,51.266781,6,0,0
186525,2024-08-20 11:49:11,2024-08-20 11:49:07,8,54,TRUE,12.2,96,32,77.255,87,7.525,0,44,0,0,14.5,399,1,24,13,9300.105,0,0,0,13.875,0.771,1276,35.706352,51.266781,6,180,-3.141592654
187525,2024-08-20 11:49:11,2024-08-20 11:49:07,8,54,TRUE,12.2,96,32,77.647,87,7.582,0,44,0,0,14.5,399,1,24,13,9300.105,0,0,0,13.875,0.771,1276,35.706352,51.266781,6,180,0
188525,2024-08-20 11:49:11,2024-08-20 11:49:07,8,54,TRUE,12.2,96,32,77.255,87,7.549,0,44,0,0,14.5,399,1,24,13,9300.105,0,0,0,13.875,0.771,1276,35.706352,51.266781,6,180,0
189525,2024-08-20 12:09:12,2024-08-20 11:49:10,8,54,FALSE,12.2,96,32,77.255,87,7.549,0,43,0,0,14.5,399,1,24,13,9300.105,0,0,0,13.875,0.771,1276,35.706348,51.266773,6,238.38,1.018923217
190525,2024-08-20 12:09:12,2024-08-20 11:49:10,8,54,FALSE,12.2,96,32,77.255,87,7.596,0,44,0,0,14.5,399,1,24,13,9300.105,0,0,0,13.938,0.771,1276,35.706348,51.266773,6,238.38,0
191525,2024-08-20 12:09:12,2024-08-20 11:49:10,8,54,FALSE,12.2,96,32,77.255,87,7.506,0,44,0,0,14.5,399,1,24,13,9300.105,0,0,0,13.875,0.771,1276,35.706348,51.266773,6,238.38,0
192525,2024-08-20 11:49:18,2024-08-20 11:49:13,8,54,TRUE,12.2,96,32,77.255,87,7.539,0,44,0,0,14.5,399,1,24,13,9300.105,0,0,0,13.875,0.771,1276,35.706345,51.266773,6,180,-1.018923217
193525,2024-08-20 11:49:18,2024-08-20 11:49:13,8,54,TRUE,12.2,96,32,77.255,87,7.482,0,44,0,0,14.5,399,1,24,13,9300.105,0,0,0,13.875,0.771,1276,35.706345,51.266773,6,180,0
194525,2024-08-20 11:49:18,2024-08-20 11:49:13,8,54,TRUE,12.2,96,32,77.255,87,7.525,0,43,0,0,14.5,399,1,24,13,9300.105,0,0,0,13.875,0.771,1276,35.706345,51.266773,6,180,0
195525,2024-08-20 12:09:13,2024-08-20 11:49:16,8,54,FALSE,12.2,96,32,77.255,87,7.57,0,44,0,0,14.5,399,1,24,13,9300.105,0,0,0,13.875,0.771,1276,35.706341,51.266766,6,234.87,0.957662161
196525,2024-08-20 12:09:13,2024-08-20 11:49:16,8,54,FALSE,12.2,96,32,77.647,87,7.57,0,44,0,0,14.5,399,1,24,13,9300.105,0,0,0,13.875,0.771,1276,35.706341,51.266766,6,234.87,0
197525,2024-08-20 12:09:13,2024-08-20 11:49:16,8,54,FALSE,12.2,96,32,77.647,87,7.549,0,44,0,0,14.5,399,1,24,13,9300.105,0,0,0,13.875,0.771,1276,35.706341,51.266766,6,234.87,0
198525,2024-08-20 11:49:24,2024-08-20 11:49:19,8,54,TRUE,12.2,96,32,77.255,87,7.553,0,43,0,0,14.5,399,1,24,13,9300.105,0,0,0,13.875,0.771,1276,35.706337,51.266766,6,180,-0.957662161
199525,2024-08-20 11:49:24,2024-08-20 11:49:19,8,54,TRUE,12.2,96,32,77.255,87,7.629,0,44,0,0,14.5,399,1,24,13,9300.105,0,0,0,13.875,0.771,1276,35.706337,51.266766,6,180,0
200525,2024-08-20 11:49:24,2024-08-20 11:49:19,8,54,TRUE,12.2,96,32,77.647,87,7.527,0,43,0,0,14.5,399,1,24,13,9300.105,0,0,0,13.875,0.771,1276,35.706337,51.266766,6,180,0
201525,2024-08-20 12:09:15,2024-08-20 11:49:22,8,54,FALSE,12.2,96,32,77.255,87,7.629,0,44,0,0,14.5,399,1,24,13,9300.105,0,0,0,13.875,0.771,1276,35.706326,51.266758,6,210.56,0.533372619
202525,2024-08-20 12:09:15,2024-08-20 11:49:22,8,54,FALSE,12.2,96,32,77.647,87,7.531,0,43,0,0,14.5,399,1,24,13,9300.105,0,0,0,13.875,0.771,1276,35.706326,51.266758,6,210.56,0
203525,2024-08-20 12:09:15,2024-08-20 11:49:22,8,54,FALSE,12.2,96,32,77.255,87,7.568,0,44,0,0,14.5,399,1,24,13,9300.105,0,0,0,13.875,0.771,1276,35.706326,51.266758,6,210.56,0
204525,2024-08-20 11:49:28,2024-08-20 11:49:25,8,54,TRUE,12.2,96,32,77.255,87,7.568,0,43,0,0,14.5,399,1,24,13,9300.105,0,0,0,13.875,0.771,1276,35.706322,51.266758,6,180,-0.533372619
205525,2024-08-20 11:49:28,2024-08-20 11:49:25,8,54,TRUE,12.2,96,32,77.255,87,7.568,0,44,0,0,14.5,399,1,24,13,9300.105,0,0,0,13.875,0.771,1276,35.706322,51.266758,6,180,0
206525,2024-08-20 11:49:28,2024-08-20 11:49:25,8,54,TRUE,12.2,96,32,77.647,87,7.547,0,44,0,0,14.5,399,1,24,13,9300.105,0,0,0,13.875,0.771,1276,35.706322,51.266758,6,180,0
207525,2024-08-20 12:09:16,2024-08-20 11:49:28,8,54,FALSE,12.2,96,32,77.647,87,7.506,0,43,0,0,14.5,399,1,24,13,9300.105,0,0,0,13.875,0.771,1276,35.706318,51.266758,6,180,0
208525,2024-08-20 12:09:16,2024-08-20 11:49:28,8,54,FALSE,12.2,96,32,77.255,87,7.525,0,44,0,0,14.5,399,1,24,13,9300.105,0,0,0,13.875,0.771,1276,35.706318,51.266758,6,180,0
209525,2024-08-20 12:09:16,2024-08-20 11:49:28,8,54,FALSE,12.2,96,32,77.647,87,7.527,0,44,0,0,14.5,399,1,24,13,9300.105,0,0,0,13.875,0.771,1276,35.706318,51.266758,6,180,0
210525,2024-08-20 11:49:35,2024-08-20 11:49:31,8,54,TRUE,12.2,96,32,77.647,87,7.57,0,44,0,0,14.5,399,1,24,13,9300.105,0,0,0,13.875,0.771,1276,35.70631,51.266758,6,180,0
211525,2024-08-20 11:49:35,2024-08-20 11:49:31,8,54,TRUE,12.2,96,32,77.255,87,7.592,0,44,0,0,14.5,399,1,24,13,9300.105,0,0,0,13.875,0.771,1276,35.70631,51.266758,6,180,0
212525,2024-08-20 11:49:35,2024-08-20 11:49:31,8,54,TRUE,12.2,96,32,77.255,87,7.537,0,44,0,0,14.5,399,1,24,13,9300.105,0,0,0,13.875,0.771,1276,35.70631,51.266758,6,180,0
213525,2024-08-20 12:09:17,2024-08-20 11:49:34,8,54,FALSE,12.2,96,32,77.255,87,7.559,0,44,0,0,14.5,399,1,24,13,9300.105,0,0,0,13.875,0.771,1276,35.706306,51.266766,6,121.62,-1.018923217
214525,2024-08-20 12:09:17,2024-08-20 11:49:34,8,54,FALSE,12.2,96,32,77.647,87,7.52,0,44,0,0,14.5,399,1,24,13,9300.105,0,0,0,13.938,0.771,1276,35.706306,51.266766,6,121.62,0
215525,2024-08-20 12:09:17,2024-08-20 11:49:34,8,54,FALSE,12.2,96,32,77.255,87,7.537,0,43,0,0,14.5,399,1,24,13,9300.105,0,0,0,13.875,0.771,1276,35.706306,51.266766,6,121.62,0
216525,2024-08-20 11:49:40,2024-08-20 11:49:37,8,54,TRUE,12.2,96,32,77.647,87,7.525,0,44,0,0,14.5,399,1,24,13,9300.105,0,0,0,13.875,0.771,1276,35.706303,51.266773,6,117.82,-0.066322512
217524,2024-08-20 11:49:40,2024-08-20 11:49:37,8,54,TRUE,12.2,96,32,77.647,87,7.568,0,43,0,0,14.5,399,1,24,13,9300.105,0,0,0,13.875,0.771,1276,35.706303,51.266773,6,117.82,0
218524,2024-08-20 11:49:40,2024-08-20 11:49:37,8,54,TRUE,12.2,96,32,77.255,87,7.512,0,44,0,0,14.5,399,1,24,13,9300.105,0,0,0,13.875,0.771,1276,35.706303,51.266773,6,117.82,0
219524,2024-08-20 12:09:18,2024-08-20 11:49:40,8,54,FALSE,12.2,96,32,77.647,87,7.512,0,44,0,0,14.5,399,1,24,13,9300.105,0,0,0,13.875,0.771,1276,35.706295,51.266773,6,180,1.085245729
220524,2024-08-20 12:09:18,2024-08-20 11:49:40,8,54,FALSE,12.2,96,32,77.647,87,7.553,0,44,0,0,14.5,399,1,24,13,9300.105,0,0,0,13.875,0.771,1276,35.706295,51.266773,6,180,0
221524,2024-08-20 12:09:18,2024-08-20 11:49:40,8,54,FALSE,12.2,96,32,77.255,87,7.547,0,43,0,0,14.5,399,1,24,13,9300.105,0,0,0,13.938,0.771,1276,35.706295,51.266773,6,180,0
222524,2024-08-20 11:49:46,2024-08-20 11:49:43,8,54,TRUE,12.2,96,32,77.255,87,7.52,0,44,0,0,14.5,399,1,24,13,9300.105,0,0,0,13.938,0.771,1276,35.706284,51.266781,6,149.44,-0.533372619
223524,2024-08-20 11:49:46,2024-08-20 11:49:43,8,54,TRUE,12.2,96,32,77.255,87,7.549,0,44,0,0,14.5,399,1,24,13,9300.105,0,0,0,13.938,0.771,1276,35.706284,51.266781,6,149.44,0
224524,2024-08-20 11:49:46,2024-08-20 11:49:43,8,54,TRUE,12.2,96,32,77.647,87,7.576,0,43,0,0,14.5,399,1,24,13,9300.105,0,0,0,13.938,0.771,1276,35.706284,51.266781,6,149.44,0
225524,2024-08-20 11:49:48,2024-08-20 11:49:46,8,54,TRUE,12.2,96,32,77.647,87,7.553,0,43,0,0,14.5,399,1,24,13,9300.105,0,0,0,13.938,0.771,1276,35.70628,51.266788,6,125.13,-0.424289541
226524,2024-08-20 11:49:48,2024-08-20 11:49:46,8,54,TRUE,12.2,96,32,77.647,87,7.52,0,44,0,0,14.5,399,1,24,13,9300.105,0,0,0,13.938,0.771,1276,35.70628,51.266788,6,125.13,0
227524,2024-08-20 11:49:48,2024-08-20 11:49:46,8,54,TRUE,12.2,96,32,77.647,87,7.576,0,43,0,0,14.5,399,1,24,13,9300.105,0,0,0,13.938,0.771,1276,35.70628,51.266788,6,125.13,0
228524,2024-08-20 11:49:53,2024-08-20 11:49:49,8,54,TRUE,12.2,96,32,77.647,87,7.512,0,44,0,0,14.5,399,1,24,13,9300.105,0,0,0,13.875,0.771,1276,35.706272,51.266788,6,180,0.957662161
229524,2024-08-20 11:49:53,2024-08-20 11:49:49,8,54,TRUE,12.2,96,32,77.255,87,7.531,0,43,0,0,14.5,399,1,24,13,9300.105,0,0,0,13.938,0.771,1276,35.706272,51.266788,6,180,0
230524,2024-08-20 11:49:53,2024-08-20 11:49:49,8,54,TRUE,12.2,96,32,77.647,87,7.504,0,44,0,0,14.5,399,1,24,13,9300.105,0,0,0,13.938,0.771,1276,35.706272,51.266788,6,180,0
231524,2024-08-20 12:09:21,2024-08-20 11:49:52,8,54,FALSE,12.2,96,32,77.647,87,7.574,0,43,0,0,14.5,399,1,24,13,9300.105,0,0,0,13.938,0.771,1276,35.706272,51.266796,6,90,-1.570796327
232524,2024-08-20 12:09:21,2024-08-20 11:49:52,8,54,FALSE,12.2,96,32,77.647,87,7.504,0,44,0,0,14.5,399,1,24,13,9300.105,0,0,0,13.875,0.771,1276,35.706272,51.266796,6,90,0
233524,2024-08-20 12:09:21,2024-08-20 11:49:52,8,54,FALSE,12.2,96,32,77.647,87,7.547,0,43,0,0,14.5,399,1,24,13,9300.105,0,0,0,13.938,0.771,1276,35.706272,51.266796,6,90,0
234524,2024-08-20 11:49:59,2024-08-20 11:49:55,8,54,TRUE,12.2,96,32,77.255,87,7.52,0,44,0,0,14.5,399,1,24,13,9300.105,0,0,0,13.938,0.771,1276,35.706261,51.266804,6,149.44,1.037423707
235524,2024-08-20 11:49:59,2024-08-20 11:49:55,8,54,TRUE,12.2,96,32,77.647,87,7.512,0,43,0,0,14.5,399,1,24,13,9300.105,0,0,0,13.938,0.771,1276,35.706261,51.266804,6,149.44,0
236524,2024-08-20 11:49:59,2024-08-20 11:49:55,8,54,TRUE,12.2,96,32,77.255,87,7.568,0,44,0,0,14.5,399,1,24,13,9300.105,0,0,0,13.938,0.771,1276,35.706261,51.266804,6,149.44,0
237524,2024-08-20 12:09:22,2024-08-20 11:49:58,8,54,FALSE,12.2,96,32,77.647,87,7.559,0,43,0,0,14.5,399,1,24,13,9300.105,0,0,0,13.938,0.771,1276,35.706257,51.266804,6,180,0.533372619
238524,2024-08-20 12:09:22,2024-08-20 11:49:58,8,54,FALSE,12.2,96,32,77.647,87,7.568,0,44,0,0,14.5,399,1,24,13,9300.105,0,0,0,13.938,0.771,1276,35.706257,51.266804,6,180,0
239524,2024-08-20 12:09:22,2024-08-20 11:49:58,8,54,FALSE,12.2,96,32,77.647,87,7.553,0,43,0,0,14.5,399,1,24,13,9300.105,0,0,0,13.938,0.771,1276,35.706257,51.266804,6,180,0
240524,2024-08-20 11:50:06,2024-08-20 11:50:01,8,54,TRUE,12.2,96,32,77.647,87,7.549,0,43,0,0,14.5,399,1,24,13,9300.105,0,0,0,13.938,0.771,1276,35.706257,51.266811,6,90,-1.570796327
241524,2024-08-20 11:50:06,2024-08-20 11:50:01,8,54,TRUE,12.2,96,32,77.647,87,7.461,0,43,0,0,14.5,399,1,24,13,9300.105,0,0,0,13.938,0.771,1276,35.706257,51.266811,6,90,0
242524,2024-08-20 11:50:06,2024-08-20 11:50:01,8,54,TRUE,12.1,0,32,77.647,87,7.576,0,43,0,0,14.5,399,1,24,13,9300.105,0,0,0,13.938,0.771,1276,35.706257,51.266811,6,90,0
243524,2024-08-20 12:09:23,2024-08-20 11:50:04,8,54,FALSE,12,0,32,77.647,87,7.531,0,43,0,0,14.5,399,1,24,13,9300.105,0,0,0,13.938,0.771,1276,35.706257,51.266811,6,90,0
244524,2024-08-20 12:09:23,2024-08-20 11:50:04,8,54,FALSE,12,0,32,77.255,87,7.559,0,43,0,0,14.5,399,1,24,13,9300.105,0,0,0,13.938,0.771,1276,35.706257,51.266811,6,90,0
245524,2024-08-20 12:09:23,2024-08-20 11:50:04,8,54,FALSE,12,0,32,77.255,87,7.531,0,43,0,0,14.5,399,1,24,13,9300.105,0,0,0,13.938,0.771,1276,35.706257,51.266811,6,90,0
246524,2024-08-20 11:50:09,2024-08-20 11:50:07,8,54,TRUE,12,0,32,77.647,87,7.561,0,43,0,0,14.5,399,1,24,13,9300.105,0,0,0,13.938,0.771,1276,35.706261,51.266811,6,0,-1.570796327
247524,2024-08-20 11:50:09,2024-08-20 11:50:07,8,54,TRUE,12.2,0,32,77.255,87,7.49,0,43,0,0,14.5,399,1,24,13,9300.105,0,0,0,13.938,0.771,1276,35.706261,51.266811,6,0,0
248524,2024-08-20 11:50:09,2024-08-20 11:50:07,8,54,TRUE,12.2,0,32,77.647,87,7.568,0,43,0,0,14.5,399,1,24,13,9300.105,0,0,0,13.938,0.771,1276,35.706261,51.266811,6,0,0
249524,2024-08-20 11:50:12,2024-08-20 11:50:10,8,54,TRUE,12.2,0,32,77.255,87,7.576,0,43,0,0,14.5,399,1,24,13,9300.105,0,0,0,13.938,0.771,1276,35.706261,51.266811,6,0,0
250524,2024-08-20 11:50:12,2024-08-20 11:50:10,8,54,TRUE,12.2,0,32,77.647,87,7.537,0,44,0,0,14.5,399,1,24,13,9300.105,0,0,0,13.938,0.771,1276,35.706261,51.266811,6,0,0
251524,2024-08-20 11:50:12,2024-08-20 11:50:10,8,54,TRUE,12.2,0,32,77.255,87,7.52,0,43,0,0,14.5,399,1,24,13,9300.105,0,0,0,13.938,0.771,1276,35.706261,51.266811,6,0,0
252524,2024-08-20 11:50:16,2024-08-20 11:50:13,8,51,TRUE,12.2,0,32,77.647,87,7.576,0,43,0,0,14.5,399,1,24,13,9300.105,0,0,0,13.938,0.771,1276,35.706261,51.266823,6,90,1.570796327
253524,2024-08-20 11:50:16,2024-08-20 11:50:13,8,51,TRUE,12.2,0,32,77.255,87,7.531,0,44,0,0,14.5,399,1,24,13,9300.105,0,0,0,13.938,0.771,1276,35.706261,51.266823,6,90,0
254524,2024-08-20 11:50:16,2024-08-20 11:50:13,8,51,TRUE,12.2,0,32,77.647,87,7.549,0,43,0,0,14.5,399,1,24,13,9300.105,0,0,0,13.938,0.771,1276,35.706261,51.266823,6,90,0
255524,2024-08-20 11:50:25,2024-08-20 11:50:16,8,51,TRUE,12.2,0,32,77.647,87,7.553,0,43,0,0,14.5,399,1,24,13,9300.105,0,0,0,13.938,0.771,1276,35.706261,51.266823,6,90,0
256524,2024-08-20 11:50:25,2024-08-20 11:50:16,8,51,TRUE,12.2,0,32,77.647,87,7.537,0,43,0,0,14.5,399,1,24,13,9300.105,0,0,0,13.938,0.771,1276,35.706261,51.266823,6,90,0
257524,2024-08-20 11:50:25,2024-08-20 11:50:16,8,51,TRUE,12.2,0,32,77.647,87,7.576,0,43,0,0,14.5,399,1,24,13,9300.105,0,0,0,13.938,0.771,1276,35.706261,51.266823,6,90,0
258524,2024-08-20 12:09:26,2024-08-20 11:50:19,8,51,FALSE,12.2,0,32,77.647,87,7.561,0,43,0,0,14.5,399,1,24,13,9300.105,0,0,0,13.938,0.771,1276,35.706264,51.26683,6,62.18,-0.485550598
259524,2024-08-20 12:09:26,2024-08-20 11:50:19,8,51,FALSE,12.2,0,32,77.255,87,7.52,0,43,0,0,14.5,399,1,24,13,9300.105,0,0,0,13.938,0.771,1276,35.706264,51.26683,6,62.18,0
260524,2024-08-20 12:09:26,2024-08-20 11:50:19,8,51,FALSE,12.2,0,32,77.255,87,7.553,0,43,0,0,14.5,399,1,24,13,9300.105,0,0,0,13.938,0.771,1276,35.706264,51.26683,6,62.18,0
261524,2024-08-20 12:09:27,2024-08-20 11:50:22,8,51,FALSE,12.3,0,32,77.647,87,7.57,0,43,0,0,14.5,399,1,24,13,9300.105,0,0,0,13.938,0.771,1276,35.706276,51.26683,6,0,-1.085245729
262524,2024-08-20 12:09:27,2024-08-20 11:50:22,8,51,FALSE,12.2,0,32,77.647,87,7.568,0,43,0,0,14.5,399,1,24,13,9300.105,0,0,0,13.938,0.771,1276,35.706276,51.26683,6,0,0
263524,2024-08-20 12:09:27,2024-08-20 11:50:22,8,51,FALSE,12.2,0,32,77.647,87,7.527,0,43,0,0,14.5,399,1,24,13,9300.105,0,0,0,13.938,0.771,1276,35.706276,51.26683,6,0,0
264524,2024-08-20 11:50:27,2024-08-20 11:50:25,8,48,TRUE,12.2,0,32,77.647,87,7.607,0,44,0,0,14.5,399,1,24,13,9300.105,0,0,0,13.938,0.771,1276,35.70628,51.26683,6,0,0
265524,2024-08-20 11:50:27,2024-08-20 11:50:25,8,48,TRUE,12.2,0,32,77.647,87,7.592,0,43,0,0,14.5,399,1,24,13,9300.105,0,0,0,13.938,0.771,1276,35.70628,51.26683,6,0,0
266524,2024-08-20 11:50:27,2024-08-20 11:50:25,8,48,TRUE,12.2,0,32,77.647,87,7.525,0,43,0,0,14.5,399,1,24,13,9300.105,0,0,0,13.938,0.771,1276,35.70628,51.26683,6,0,0
267524,2024-08-20 11:50:30,2024-08-20 11:50:28,8,48,TRUE,12.3,0,32,77.647,87,7.525,0,43,0,0,14.5,399,1,24,13,9300.105,0,0,0,13.938,0.771,1276,35.706287,51.266838,6,42.86,0.748048117
268524,2024-08-20 11:50:30,2024-08-20 11:50:28,8,48,TRUE,12.3,0,32,77.647,87,7.559,0,43,0,0,14.5,399,1,24,13,9300.105,0,0,0,13.938,0.771,1276,35.706287,51.266838,6,42.86,0
269524,2024-08-20 11:50:30,2024-08-20 11:50:28,8,48,TRUE,12.2,0,32,77.647,87,7.52,0,43,0,0,14.5,399,1,24,13,9300.105,0,0,0,13.938,0.771,1276,35.706287,51.266838,6,42.86,0
270524,2024-08-20 11:50:33,2024-08-20 11:50:31,8,48,TRUE,12.2,0,32,77.647,87,7.547,0,43,0,0,14.5,399,1,24,13,9300.105,0,0,0,13.938,0.771,1276,35.706291,51.266838,6,0,-0.748048117
271524,2024-08-20 11:50:33,2024-08-20 11:50:31,8,48,TRUE,12.3,0,32,77.647,87,7.531,0,43,0,0,14.5,399,1,24,13,9300.105,0,0,0,13.938,0.771,1276,35.706291,51.266838,6,0,0
272524,2024-08-20 11:50:33,2024-08-20 11:50:31,8,48,TRUE,12.2,0,32,77.255,87,7.531,0,43,0,0,14.5,399,1,24,13,9300.105,0,0,0,13.938,0.771,1276,35.706291,51.266838,6,0,0
273524,2024-08-20 11:50:36,2024-08-20 11:50:34,8,48,TRUE,12.3,0,32,77.647,87,7.568,0,43,0,0,14.5,399,1,24,13,9300.105,0,0,0,13.938,0.771,1276,35.706299,51.266838,6,0,0
274524,2024-08-20 11:50:36,2024-08-20 11:50:34,8,48,TRUE,12.3,0,32,77.647,87,7.512,0,43,0,0,14.5,399,1,24,13,9300.105,0,0,0,13.938,0.771,1276,35.706299,51.266838,6,0,0
275524,2024-08-20 11:50:36,2024-08-20 11:50:34,8,48,TRUE,12.2,0,32,77.647,87,7.527,0,43,0,0,14.5,399,1,24,13,9300.105,0,0,0,13.938,0.771,1276,35.706299,51.266838,6,0,0
276524,2024-08-20 11:50:39,2024-08-20 11:50:37,8,48,TRUE,12.3,0,32,77.647,87,7.568,0,43,0,0,14.5,399,1,24,13,9300.105,0,0,0,13.938,0.771,1276,35.706306,51.266838,6,0,0
277524,2024-08-20 11:50:39,2024-08-20 11:50:37,8,48,TRUE,12.2,0,32,77.647,87,7.57,0,43,0,0,14.5,399,1,24,13,9300.105,0,0,0,13.938,0.771,1276,35.706306,51.266838,6,0,0
278524,2024-08-20 11:50:39,2024-08-20 11:50:37,8,48,TRUE,12.2,0,32,77.647,87,7.631,0,43,0,0,14.5,399,1,24,13,9300.105,0,0,0,13.938,0.771,1276,35.706306,51.266838,6,0,0
279524,2024-08-20 11:50:42,2024-08-20 11:50:40,8,48,TRUE,12.3,0,32,77.647,87,7.576,0,43,0,0,14.5,399,1,24,13,9300.105,0,0,0,13.938,0.771,1276,35.70631,51.266846,6,58.38,1.018923217
280524,2024-08-20 11:50:42,2024-08-20 11:50:40,8,48,TRUE,12.3,0,32,77.647,87,7.559,0,43,0,0,14.5,399,1,24,13,9300.105,0,0,0,13.938,0.771,1276,35.70631,51.266846,6,58.38,0
281524,2024-08-20 11:50:42,2024-08-20 11:50:40,8,48,TRUE,12.3,0,32,77.647,87,7.525,0,43,0,0,14.5,399,1,24,13,9300.105,0,0,0,13.938,0.771,1276,35.70631,51.266846,6,58.38,0
282524,2024-08-20 11:50:45,2024-08-20 11:50:43,8,48,TRUE,12.2,0,32,77.255,87,7.52,0,43,0,0,14.5,399,1,24,13,9300.105,0,0,0,13.938,0.771,1276,35.70631,51.266846,6,58.38,0
283524,2024-08-20 11:50:45,2024-08-20 11:50:43,8,48,TRUE,12.3,0,32,77.647,87,7.576,0,43,0,0,14.5,399,1,24,13,9300.105,0,0,0,13.938,0.771,1276,35.70631,51.266846,6,58.38,0
284524,2024-08-20 11:50:45,2024-08-20 11:50:43,8,48,TRUE,12.3,0,32,77.647,87,7.52,0,43,0,0,14.5,399,1,24,13,9300.105,0,0,0,13.938,0.771,1276,35.70631,51.266846,6,58.38,0
285524,2024-08-20 11:50:48,2024-08-20 11:50:46,8,48,TRUE,12.2,0,32,77.647,87,7.527,0,44,0,0,14.5,399,1,24,13,9300.105,0,0,0,13.938,0.771,1276,35.706318,51.266846,6,0,-1.018923217
286524,2024-08-20 11:50:48,2024-08-20 11:50:46,8,48,TRUE,12.3,0,32,77.647,87,7.568,0,43,0,0,14.5,399,1,24,13,9300.105,0,0,0,13.938,0.771,1276,35.706318,51.266846,6,0,0
287524,2024-08-20 11:50:48,2024-08-20 11:50:46,8,48,TRUE,12.2,0,32,77.647,87,7.568,0,43,0,0,14.5,399,1,24,13,9300.105,0,0,0,13.938,0.771,1276,35.706318,51.266846,6,0,0
288524,2024-08-20 11:50:51,2024-08-20 11:50:49,8,48,TRUE,12.2,0,32,77.647,87,7.504,0,43,0,0,14.5,399,1,24,13,9300.105,0,0,0,13.938,0.771,1276,35.706322,51.266846,6,0,0
289524,2024-08-20 11:50:51,2024-08-20 11:50:49,8,48,TRUE,12.3,0,32,77.647,87,7.547,0,43,0,0,14.5,399,1,24,13,9300.105,0,0,0,13.938,0.771,1276,35.706322,51.266846,6,0,0
290524,2024-08-20 11:50:51,2024-08-20 11:50:49,8,48,TRUE,12.2,0,32,77.647,87,7.592,0,43,0,0,14.5,399,1,24,13,9300.105,0,0,0,13.938,0.771,1276,35.706322,51.266846,6,0,0
291524,2024-08-20 11:50:54,2024-08-20 11:50:52,8,48,TRUE,12.3,0,32,77.647,87,7.537,0,43,0,0,14.5,399,1,24,13,9300.105,0,0,0,13.938,0.771,1276,35.706333,51.266846,6,0,0
292524,2024-08-20 11:50:54,2024-08-20 11:50:52,8,48,TRUE,12.3,0,32,77.255,87,7.525,0,43,0,0,14.5,399,1,24,13,9300.105,0,0,0,13.938,0.771,1276,35.706333,51.266846,6,0,0
293524,2024-08-20 11:50:54,2024-08-20 11:50:52,8,48,TRUE,12.2,0,32,77.647,87,7.561,0,43,0,0,14.5,399,1,24,13,9300.105,0,0,0,13.938,0.771,1276,35.706333,51.266846,6,0,0
294523,2024-08-20 11:50:57,2024-08-20 11:50:55,8,48,TRUE,12.2,0,32,77.255,87,7.547,0,43,0,0,14.5,399,1,24,13,9300.105,0,0,0,13.938,0.771,1276,35.706337,51.266853,6,54.87,0.958620781
295523,2024-08-20 11:50:57,2024-08-20 11:50:55,8,48,TRUE,12.3,0,32,77.647,87,7.512,0,43,0,0,14.5,399,1,24,13,9300.105,0,0,0,13.938,0.771,1276,35.706337,51.266853,6,54.87,0
296523,2024-08-20 11:50:57,2024-08-20 11:50:55,8,48,TRUE,12.3,0,32,77.647,87,7.547,0,43,0,0,14.5,399,1,24,13,9300.105,0,0,0,13.938,0.771,1276,35.706337,51.266853,6,54.87,0
297523,2024-08-20 11:51:00,2024-08-20 11:50:58,8,48,TRUE,12.3,0,32,77.647,87,7.559,0,43,0,0,14.5,399,1,24,13,9300.105,0,0,0,13.938,0.771,1276,35.706341,51.266853,6,0,-0.957662161
298523,2024-08-20 11:51:00,2024-08-20 11:50:58,8,48,TRUE,12.3,0,32,77.255,87,7.592,0,43,0,0,14.5,399,1,24,13,9300.105,0,0,0,13.938,0.771,1276,35.706341,51.266853,6,0,0
299523,2024-08-20 11:51:00,2024-08-20 11:50:58,8,48,TRUE,12.2,0,32,77.647,87,7.559,0,43,0,0,14.5,399,1,24,13,9300.105,0,0,0,13.938,0.771,1276,35.706341,51.266853,6,0,0
300523,2024-08-20 11:51:03,2024-08-20 11:51:01,8,48,TRUE,12.2,0,32,77.647,87,7.512,0,43,0,0,14.5,399,1,24,13,9300.105,0,0,0,13.938,0.771,1276,35.706345,51.266853,6,0,0
301523,2024-08-20 11:51:03,2024-08-20 11:51:01,8,48,TRUE,12.3,0,32,77.647,87,7.592,0,43,0,0,14.5,399,1,24,13,9300.105,0,0,0,13.938,0.771,1276,35.706345,51.266853,6,0,0
302523,2024-08-20 11:51:03,2024-08-20 11:51:01,8,48,TRUE,12.3,0,32,77.647,87,7.57,0,43,0,0,14.5,399,1,24,13,9300.105,0,0,0,13.938,0.771,1276,35.706345,51.266853,6,0,0
303523,2024-08-20 11:51:06,2024-08-20 11:51:04,8,48,TRUE,12.3,0,32,77.647,87,7.568,0,43,0,0,14.5,399,1,24,13,9300.105,0,0,0,13.938,0.771,1276,35.706345,51.266853,6,0,0
304523,2024-08-20 11:51:06,2024-08-20 11:51:04,8,48,TRUE,12.3,0,32,77.647,87,7.547,0,43,0,0,14.5,399,1,24,13,9300.105,0,0,0,13.938,0.771,1276,35.706345,51.266853,6,0,0
305523,2024-08-20 11:51:06,2024-08-20 11:51:04,8,48,TRUE,12.3,0,32,77.647,87,7.547,0,43,0,0,14.5,399,1,24,13,9300.105,0,0,0,13.938,0.771,1276,35.706345,51.266853,6,0,0
306523,2024-08-20 11:51:09,2024-08-20 11:51:07,8,48,TRUE,12.2,0,32,77.647,87,7.592,0,43,0,0,14.5,399,1,24,13,9300.105,0,0,0,13.938,0.771,1276,35.706341,51.266846,6,234.87,-2.183930493
307523,2024-08-20 11:51:09,2024-08-20 11:51:07,8,48,TRUE,12.3,0,32,77.647,87,7.549,0,43,0,0,14.5,399,1,24,13,9300.105,0,0,0,13.938,0.771,1276,35.706341,51.266846,6,234.87,0
308523,2024-08-20 11:51:09,2024-08-20 11:51:07,8,48,TRUE,12.2,0,32,77.647,87,7.531,0,43,0,0,14.5,399,1,24,13,9300.105,0,0,0,13.938,0.771,1276,35.706341,51.266846,6,234.87,0
309523,2024-08-20 11:51:12,2024-08-20 11:51:10,8,48,TRUE,12.2,0,32,77.647,87,7.527,0,43,0,0,14.5,399,1,24,13,9300.105,0,0,0,13.938,0.771,1276,35.706341,51.266838,6,270,0.613134166
310523,2024-08-20 11:51:12,2024-08-20 11:51:10,8,48,TRUE,12.3,0,32,77.647,87,7.512,0,43,0,0,14.5,399,1,24,13,9300.105,0,0,0,13.938,0.771,1276,35.706341,51.266838,6,270,0
311522,2024-08-20 11:51:12,2024-08-20 11:51:10,8,48,TRUE,12.2,0,32,77.647,87,7.527,0,43,0,0,14.5,399,1,24,13,9300.105,0,0,0,13.938,0.771,1276,35.706341,51.266838,6,270,0
312522,2024-08-20 11:51:15,2024-08-20 11:51:13,8,48,TRUE,12.3,0,32,77.647,87,7.592,0,43,0,0,14.5,399,1,24,13,9300.105,0,0,0,13.938,0.771,1276,35.706345,51.266838,6,0,1.570796327
313522,2024-08-20 11:51:15,2024-08-20 11:51:13,8,48,TRUE,12.2,0,32,77.647,87,7.52,0,43,0,0,14.5,399,1,24,13,9300.105,0,0,0,13.938,0.771,1276,35.706345,51.266838,6,0,0
314521,2024-08-20 11:51:15,2024-08-20 11:51:13,8,48,TRUE,12.2,0,32,77.647,87,7.553,0,43,0,0,14.5,399,1,24,13,9300.105,0,0,0,13.938,0.771,1276,35.706345,51.266838,6,0,0
315521,2024-08-20 11:51:18,2024-08-20 11:51:16,8,48,TRUE,12.2,0,32,77.647,87,7.461,0,43,0,0,14.5,399,1,24,13,9300.105,0,0,0,13.938,0.771,1276,35.706348,51.266838,6,0,0
316521,2024-08-20 11:51:18,2024-08-20 11:51:16,8,48,TRUE,12.2,0,32,77.647,87,7.539,0,43,0,0,14.5,399,1,24,13,9300.105,0,0,0,13.938,0.771,1276,35.706348,51.266838,6,0,0
317521,2024-08-20 11:51:18,2024-08-20 11:51:16,8,48,TRUE,12.2,0,32,77.647,87,7.52,0,43,0,0,14.5,399,1,24,13,9300.105,0,0,0,13.938,0.771,1276,35.706348,51.266838,6,0,0
318521,2024-08-20 11:51:21,2024-08-20 11:51:19,8,51,TRUE,12.3,0,32,77.255,87,7.547,0,43,0,0,14.5,399,1,24,13,9300.105,0,0,0,13.938,0.771,1276,35.706352,51.266838,6,0,0
319521,2024-08-20 11:51:21,2024-08-20 11:51:19,8,51,TRUE,12.2,0,32,77.647,87,7.57,0,43,0,0,14.5,399,1,24,13,9300.105,0,0,0,13.938,0.771,1276,35.706352,51.266838,6,0,0
320521,2024-08-20 11:51:21,2024-08-20 11:51:19,8,51,TRUE,12.2,0,32,77.647,87,7.586,0,43,0,0,14.5,399,1,24,13,9300.105,0,0,0,13.938,0.771,1276,35.706352,51.266838,6,0,0
321521,2024-08-20 11:51:24,2024-08-20 11:51:22,8,51,TRUE,12.2,0,32,77.647,87,7.525,0,43,0,0,14.5,399,1,24,13,9300.105,0,0,0,13.938,0.771,1276,35.706352,51.26683,6,270,-1.570796327
322521,2024-08-20 11:51:24,2024-08-20 11:51:22,8,51,TRUE,12.2,0,32,77.647,87,7.607,0,43,0,0,14.5,399,1,24,13,9300.105,0,0,0,13.938,0.771,1276,35.706352,51.26683,6,270,0
323521,2024-08-20 11:51:24,2024-08-20 11:51:22,8,51,TRUE,12.3,0,32,77.647,87,7.57,0,43,0,0,14.5,399,1,24,13,9300.105,0,0,0,13.938,0.771,1276,35.706352,51.26683,6,270,0
324521,2024-08-20 11:51:27,2024-08-20 11:51:25,8,51,TRUE,12.2,0,32,77.647,87,7.506,0,43,0,0,14.5,399,1,24,13,9300.105,0,0,0,13.938,0.771,1276,35.706352,51.266823,6,270,0
325521,2024-08-20 11:51:27,2024-08-20 11:51:25,8,51,TRUE,12.3,0,32,77.647,87,7.559,0,43,0,0,14.5,399,1,24,13,9300.105,0,0,0,13.938,0.771,1276,35.706352,51.266823,6,270,0
326521,2024-08-20 11:51:27,2024-08-20 11:51:25,8,51,TRUE,12.2,0,32,77.647,87,7.512,0,43,0,0,14.5,399,1,24,13,9300.105,0,0,0,13.938,0.771,1276,35.706352,51.266823,6,270,0
327521,2024-08-20 11:51:30,2024-08-20 11:51:28,8,51,TRUE,12.2,0,32,77.647,87,7.592,0,43,0,0,14.5,399,1,24,13,9300.105,0,0,0,13.938,0.771,1276,35.706348,51.266823,6,180,-1.570796327
328521,2024-08-20 11:51:30,2024-08-20 11:51:28,8,51,TRUE,12.2,0,32,77.255,87,7.559,0,43,0,0,14.5,399,1,24,13,9300.105,0,0,0,13.938,0.771,1276,35.706348,51.266823,6,180,0
329521,2024-08-20 11:51:30,2024-08-20 11:51:28,8,51,TRUE,12.3,0,32,77.647,87,7.549,0,43,0,0,14.5,399,1,24,13,9300.105,0,0,0,13.938,0.771,1276,35.706348,51.266823,6,180,0
330521,2024-08-20 11:51:33,2024-08-20 11:51:31,8,48,TRUE,12.2,0,32,77.647,87,7.52,0,43,0,0,14.5,399,1,24,13,9300.105,0,0,0,13.938,0.771,1276,35.706348,51.266811,6,270,1.570796327
331521,2024-08-20 11:51:33,2024-08-20 11:51:31,8,48,TRUE,12.3,0,32,77.647,87,7.574,0,43,0,0,14.5,399,1,24,13,9300.105,0,0,0,13.938,0.771,1276,35.706348,51.266811,6,270,0
332521,2024-08-20 11:51:33,2024-08-20 11:51:31,8,48,TRUE,12.3,0,32,77.647,87,7.592,0,43,0,0,14.5,399,1,24,13,9300.105,0,0,0,13.938,0.771,1276,35.706348,51.266811,6,270,0
333521,2024-08-20 11:51:36,2024-08-20 11:51:34,8,48,TRUE,12.2,0,32,77.647,87,7.547,0,43,0,0,14.5,399,1,24,13,9300.105,0,0,0,13.938,0.771,1276,35.706348,51.266804,6,270,0
334521,2024-08-20 11:51:36,2024-08-20 11:51:34,8,48,TRUE,12.2,0,32,77.647,87,7.537,0,43,0,0,14.5,399,1,24,13,9300.105,0,0,0,13.938,0.771,1276,35.706348,51.266804,6,270,0
335521,2024-08-20 11:51:36,2024-08-20 11:51:34,8,48,TRUE,12.3,0,32,77.255,87,7.539,0,43,0,0,14.5,399,1,24,13,9300.105,0,0,0,13.938,0.771,1276,35.706348,51.266804,6,270,0
336521,2024-08-20 11:51:40,2024-08-20 11:51:37,8,48,TRUE,12.2,0,32,77.647,87,7.488,0,43,0,0,14.5,399,1,24,13,9300.105,0,0,0,13.938,0.771,1276,35.706345,51.266804,6,180,-1.570796327
337521,2024-08-20 11:51:40,2024-08-20 11:51:37,8,48,TRUE,12.3,0,32,77.647,87,7.531,0,43,0,0,14.5,399,1,24,13,9300.105,0,0,0,13.938,0.771,1276,35.706345,51.266804,6,180,0
338521,2024-08-20 11:51:40,2024-08-20 11:51:37,8,48,TRUE,12.2,0,32,77.647,87,7.547,0,43,0,0,14.5,399,1,24,13,9300.105,0,0,0,13.938,0.771,1276,35.706345,51.266804,6,180,0
339521,2024-08-20 12:09:29,2024-08-20 11:51:40,8,48,FALSE,12.2,0,32,77.255,87,7.549,0,43,0,0,14.5,399,1,24,13,9300.105,0,0,0,13.938,0.771,1276,35.706345,51.266804,6,180,0
340521,2024-08-20 12:09:29,2024-08-20 11:51:40,8,48,FALSE,12.2,0,32,77.647,87,7.559,0,43,0,0,14.5,399,1,24,13,9300.105,0,0,0,13.938,0.771,1276,35.706345,51.266804,6,180,0
341521,2024-08-20 12:09:29,2024-08-20 11:51:40,8,48,FALSE,12.2,0,32,77.647,87,7.592,0,43,0,0,14.5,399,1,24,13,9300.105,0,0,0,13.938,0.771,1276,35.706345,51.266804,6,180,0
342521,2024-08-20 11:51:48,2024-08-20 11:51:43,8,51,TRUE,12.2,0,32,77.647,87,7.559,0,43,0,0,14.5,399,1,24,13,9300.105,0,0,0,13.938,0.771,1276,35.706345,51.266796,6,270,1.570796327
343521,2024-08-20 11:51:48,2024-08-20 11:51:43,8,51,TRUE,12.2,0,32,77.647,87,7.547,0,43,0,0,14.5,399,1,24,13,9300.105,0,0,0,13.938,0.771,1276,35.706345,51.266796,6,270,0
344521,2024-08-20 11:51:48,2024-08-20 11:51:43,8,51,TRUE,12.2,0,32,77.647,87,7.559,0,43,0,0,14.5,399,1,24,13,9300.105,0,0,0,13.938,0.771,1276,35.706345,51.266796,6,270,0
345521,2024-08-20 12:09:31,2024-08-20 11:51:46,8,51,FALSE,12.3,0,32,77.647,87,7.553,0,43,0,0,14.5,399,1,24,13,9300.105,0,0,0,13.938,0.771,1276,35.706348,51.266796,6,0,1.570796327
346521,2024-08-20 12:09:31,2024-08-20 11:51:46,8,51,FALSE,12.3,0,32,77.647,87,7.582,0,43,0,0,14.5,399,1,24,13,9300.105,0,0,0,13.938,0.771,1276,35.706348,51.266796,6,0,0
347521,2024-08-20 12:09:31,2024-08-20 11:51:46,8,51,FALSE,12.3,0,32,77.647,87,7.488,0,43,0,0,14.5,399,1,24,13,9300.105,0,0,0,13.938,0.771,1276,35.706348,51.266796,6,0,0
348521,2024-08-20 11:51:54,2024-08-20 11:51:49,8,48,TRUE,12.2,0,32,77.647,87,7.635,0,43,0,0,14.5,399,1,24,13,9300.105,0,0,0,13.938,0.771,1276,35.706352,51.266804,6,58.38,1.018923217
349521,2024-08-20 11:51:54,2024-08-20 11:51:49,8,48,TRUE,12.3,0,32,77.255,87,7.52,0,43,0,0,14.5,399,1,24,13,9300.105,0,0,0,13.938,0.771,1276,35.706352,51.266804,6,58.38,0
350521,2024-08-20 11:51:54,2024-08-20 11:51:49,8,48,TRUE,12.3,0,32,77.647,87,7.504,0,43,0,0,14.5,399,1,24,13,9300.105,0,0,0,13.938,0.771,1276,35.706352,51.266804,6,58.38,0
351521,2024-08-20 12:09:32,2024-08-20 11:51:52,8,48,FALSE,12.2,0,32,77.647,87,7.549,0,43,0,0,14.5,399,1,24,13,9300.105,0,0,0,13.938,0.771,1276,35.70636,51.266811,6,35.39,-0.401251195
352521,2024-08-20 12:09:32,2024-08-20 11:51:52,8,48,FALSE,12.3,0,32,77.647,87,7.531,0,43,0,0,14.5,399,1,24,13,9300.105,0,0,0,13.938,0.771,1276,35.70636,51.266811,6,35.39,0
353521,2024-08-20 12:09:32,2024-08-20 11:51:52,8,48,FALSE,12.2,0,32,77.647,87,7.568,0,43,0,0,14.5,399,1,24,13,9300.105,0,0,0,13.938,0.771,1276,35.70636,51.266811,6,35.39,0
354521,2024-08-20 11:51:57,2024-08-20 11:51:55,8,48,TRUE,12.2,0,32,77.647,87,7.576,0,43,0,0,14.5,399,1,24,13,9300.105,0,0,0,13.938,0.771,1276,35.706367,51.266811,6,0,-0.617672022
355521,2024-08-20 11:51:57,2024-08-20 11:51:55,8,48,TRUE,12.2,0,32,77.647,87,7.549,0,43,0,0,14.5,399,1,24,13,9300.105,0,0,0,13.938,0.771,1276,35.706367,51.266811,6,0,0
356521,2024-08-20 11:51:57,2024-08-20 11:51:55,8,48,TRUE,12.2,0,32,77.647,87,7.539,0,43,0,0,14.5,399,1,24,13,9300.105,0,0,0,13.938,0.771,1276,35.706367,51.266811,6,0,0
357521,2024-08-20 11:52:00,2024-08-20 11:51:58,8,48,TRUE,12.2,0,32,77.647,87,7.549,0,43,0,0,14.5,399,1,24,13,9300.105,0,0,0,13.938,0.771,1276,35.706375,51.26683,6,62.59,1.092401579
358521,2024-08-20 11:52:00,2024-08-20 11:51:58,8,48,TRUE,12.2,0,32,77.647,87,7.49,0,43,0,0,14.5,399,1,24,13,9300.105,0,0,0,13.938,0.771,1276,35.706375,51.26683,6,62.59,0
359521,2024-08-20 11:52:00,2024-08-20 11:51:58,8,48,TRUE,12.2,0,32,77.647,87,7.561,0,43,0,0,14.5,399,1,24,13,9300.105,0,0,0,13.938,0.771,1276,35.706375,51.26683,6,62.59,0
360521,2024-08-20 11:52:03,2024-08-20 11:52:01,8,48,TRUE,12.3,0,32,77.647,87,7.574,0,43,0,0,14.5,399,1,24,13,9300.105,0,0,0,13.938,0.771,1276,35.706387,51.266838,6,28.43,-0.596204472
361521,2024-08-20 11:52:03,2024-08-20 11:52:01,8,48,TRUE,12.2,0,32,77.647,87,7.568,0,43,0,0,14.5,399,1,24,13,9300.105,0,0,0,13.938,0.771,1276,35.706387,51.266838,6,28.43,0
362521,2024-08-20 11:52:03,2024-08-20 11:52:01,8,48,TRUE,12.2,0,32,77.647,87,7.598,0,43,0,0,14.5,399,1,24,13,9300.105,0,0,0,13.938,0.771,1276,35.706387,51.266838,6,28.43,0
363521,2024-08-20 11:52:07,2024-08-20 11:52:04,8,48,TRUE,12.2,0,32,77.647,87,7.531,0,43,0,0,14.5,399,1,24,13,9300.105,0,0,0,13.938,0.771,1276,35.706398,51.266846,6,30.56,0.037175513
364521,2024-08-20 11:52:07,2024-08-20 11:52:04,8,48,TRUE,12.2,0,32,77.647,87,7.5,0,43,0,0,14.5,399,1,24,13,9300.105,0,0,0,13.938,0.771,1276,35.706398,51.266846,6,30.56,0
365521,2024-08-20 11:52:07,2024-08-20 11:52:04,8,48,TRUE,12.2,0,32,77.647,87,7.527,0,43,0,0,14.5,399,1,24,13,9300.105,0,0,0,13.938,0.771,1276,35.706398,51.266846,6,30.56,0
366521,2024-08-20 11:52:09,2024-08-20 11:52:07,8,51,TRUE,12.2,0,32,77.647,87,7.607,0,43,0,0,14.5,399,1,24,13,9300.105,0,0,0,13.938,0.771,1276,35.706409,51.266853,6,27.33,-0.056374135
367521,2024-08-20 11:52:09,2024-08-20 11:52:07,8,51,TRUE,12.2,0,32,77.647,87,7.531,0,43,0,0,14.5,399,1,24,13,9300.105,0,0,0,13.938,0.771,1276,35.706409,51.266853,6,27.33,0
368521,2024-08-20 11:52:09,2024-08-20 11:52:07,8,51,TRUE,12.2,0,32,77.647,87,7.568,0,43,0,0,14.5,399,1,24,13,9300.105,0,0,0,13.938,0.771,1276,35.706409,51.266853,6,27.33,0
369521,2024-08-20 11:52:12,2024-08-20 11:52:10,8,51,TRUE,12.2,0,32,77.647,87,7.512,0,43,0,0,14.5,399,1,24,13,9300.105,0,0,0,13.938,0.771,1276,35.706409,51.266861,6,90,1.093797842
370521,2024-08-20 11:52:12,2024-08-20 11:52:10,8,51,TRUE,12.2,0,32,77.647,87,7.547,0,43,0,0,14.5,399,1,24,13,9300.105,0,0,0,13.938,0.771,1276,35.706409,51.266861,6,90,0
371521,2024-08-20 11:52:12,2024-08-20 11:52:10,8,51,TRUE,12.3,0,32,77.647,87,7.549,0,43,0,0,14.5,399,1,24,13,9300.105,0,0,0,13.938,0.771,1276,35.706409,51.266861,6,90,0
372521,2024-08-20 11:52:19,2024-08-20 11:52:13,8,51,TRUE,12.2,0,32,77.647,87,7.576,0,43,0,0,14.5,399,1,24,13,9300.105,0,0,0,13.938,0.771,1276,35.706409,51.266861,6,90,0
373521,2024-08-20 11:52:19,2024-08-20 11:52:13,8,51,TRUE,12.2,0,32,77.647,87,7.537,0,43,0,0,14.5,399,1,24,13,9300.105,0,0,0,13.938,0.771,1276,35.706409,51.266861,6,90,0
374521,2024-08-20 11:52:19,2024-08-20 11:52:13,8,51,TRUE,12.2,0,32,77.647,87,7.568,0,43,0,0,14.5,399,1,24,13,9300.105,0,0,0,13.938,0.771,1276,35.706409,51.266861,6,90,0
375521,2024-08-20 12:09:34,2024-08-20 11:52:16,8,51,FALSE,12.2,0,32,77.647,87,7.549,0,43,0,0,14.5,399,1,24,13,9300.105,0,0,0,13.938,0.771,1276,35.706406,51.266861,6,180,1.570796327
376521,2024-08-20 12:09:34,2024-08-20 11:52:16,8,51,FALSE,12.2,0,32,77.647,87,7.592,0,43,0,0,14.5,399,1,24,13,9300.105,0,0,0,13.938,0.771,1276,35.706406,51.266861,6,180,0
377521,2024-08-20 12:09:34,2024-08-20 11:52:16,8,51,FALSE,12.3,0,32,77.647,87,7.525,0,43,0,0,14.5,399,1,24,13,9300.105,0,0,0,13.938,0.771,1276,35.706406,51.266861,6,180,0
378521,2024-08-20 11:52:23,2024-08-20 11:52:19,8,48,TRUE,12.2,0,32,77.647,87,7.512,0,43,0,0,14.5,399,1,24,13,9300.105,0,0,0,13.938,0.771,1276,35.706402,51.266861,6,180,0
379521,2024-08-20 11:52:23,2024-08-20 11:52:19,8,48,TRUE,12.2,0,32,77.647,87,7.537,0,43,0,0,14.5,399,1,24,13,9300.105,0,0,0,13.938,0.771,1276,35.706402,51.266861,6,180,0
380521,2024-08-20 11:52:23,2024-08-20 11:52:19,8,48,TRUE,12.3,0,32,77.647,87,7.525,0,43,0,0,14.5,399,1,24,13,9300.105,0,0,0,13.938,0.771,1276,35.706402,51.266861,6,180,0
381521,2024-08-20 12:09:36,2024-08-20 11:52:22,8,48,FALSE,12.2,0,32,77.647,87,7.57,0,43,0,0,14.5,399,1,24,13,9300.105,0,0,0,13.938,0.771,1276,35.706398,51.266853,6,238.38,1.018923217
382521,2024-08-20 12:09:36,2024-08-20 11:52:22,8,48,FALSE,12.2,0,32,77.647,87,7.596,0,43,0,0,14.5,399,1,24,13,9300.105,0,0,0,13.938,0.771,1276,35.706398,51.266853,6,238.38,0
383521,2024-08-20 12:09:36,2024-08-20 11:52:22,8,48,FALSE,12.2,0,32,77.647,87,7.494,0,43,0,0,14.5,399,1,24,13,9300.105,0,0,0,13.938,0.771,1276,35.706398,51.266853,6,238.38,0
384521,2024-08-20 11:52:30,2024-08-20 11:52:25,8,51,TRUE,12.3,0,32,77.647,87,7.531,0,43,0,0,14.5,399,1,24,13,9300.105,0,0,0,13.938,0.771,1276,35.706394,51.266861,6,121.62,-2.037846435
385521,2024-08-20 11:52:30,2024-08-20 11:52:25,8,51,TRUE,12.2,0,32,77.647,87,7.559,0,43,0,0,14.5,399,1,24,13,9300.105,0,0,0,13.938,0.771,1276,35.706394,51.266861,6,121.62,0
386521,2024-08-20 11:52:30,2024-08-20 11:52:25,8,51,TRUE,12.3,0,32,77.647,87,7.568,0,43,0,0,14.5,399,1,24,13,9300.105,0,0,0,13.938,0.771,1276,35.706394,51.266861,6,121.62,0
387521,2024-08-20 12:09:37,2024-08-20 11:52:28,8,51,FALSE,12.2,0,32,77.647,87,7.57,0,43,0,0,14.5,399,1,24,13,9300.105,0,0,0,13.938,0.771,1276,35.706394,51.266853,6,270,2.589719544
388521,2024-08-20 12:09:37,2024-08-20 11:52:28,8,51,FALSE,12.2,0,32,77.647,87,7.559,0,43,0,0,14.5,399,1,24,13,9300.105,0,0,0,13.938,0.771,1276,35.706394,51.266853,6,270,0
389521,2024-08-20 12:09:37,2024-08-20 11:52:28,8,51,FALSE,12.2,0,32,77.647,87,7.506,0,43,0,0,14.5,399,1,24,13,9300.105,0,0,0,13.938,0.771,1276,35.706394,51.266853,6,270,0
390521,2024-08-20 11:52:34,2024-08-20 11:52:31,8,51,TRUE,12.2,0,32,77.647,87,7.617,0,43,0,0,14.5,399,1,24,13,9300.105,0,0,0,13.938,0.771,1276,35.706394,51.266853,6,270,0
391521,2024-08-20 11:52:34,2024-08-20 11:52:31,8,51,TRUE,12.2,0,32,77.647,87,7.537,0,43,0,0,14.5,399,1,24,13,9300.105,0,0,0,13.938,0.771,1276,35.706394,51.266853,6,270,0
392521,2024-08-20 11:52:34,2024-08-20 11:52:31,8,51,TRUE,12.3,0,32,77.647,87,7.57,0,43,0,0,14.5,399,1,24,13,9300.105,0,0,0,13.938,0.771,1276,35.706394,51.266853,6,270,0
393521,2024-08-20 12:09:38,2024-08-20 11:52:34,8,51,FALSE,12.2,0,32,77.647,87,7.531,0,43,0,0,14.5,399,1,24,13,9300.105,0,0,0,13.938,0.771,1276,35.706398,51.266846,6,305.13,0.613134166
394521,2024-08-20 12:09:38,2024-08-20 11:52:34,8,51,FALSE,12.2,0,32,77.647,87,7.512,0,43,0,0,14.5,399,1,24,13,9300.105,0,0,0,13.938,0.771,1276,35.706398,51.266846,6,305.13,0
395521,2024-08-20 12:09:38,2024-08-20 11:52:34,8,51,FALSE,12.2,0,32,77.647,87,7.525,0,43,0,0,14.5,399,1,24,13,9300.105,0,0,0,13.938,0.771,1276,35.706398,51.266846,6,305.13,0
396521,2024-08-20 11:52:41,2024-08-20 11:52:37,8,48,TRUE,12.2,0,32,77.647,87,7.57,0,43,0,0,14.5,399,1,24,13,9300.105,0,0,0,13.938,0.771,1276,35.706402,51.266838,6,301.62,-0.061261057
397521,2024-08-20 11:52:41,2024-08-20 11:52:37,8,48,TRUE,12.2,0,32,77.647,87,7.568,0,43,0,0,14.5,399,1,24,13,9300.105,0,0,0,13.938,0.771,1276,35.706402,51.266838,6,301.62,0
398521,2024-08-20 11:52:41,2024-08-20 11:52:37,8,48,TRUE,12.2,0,32,77.255,87,7.596,0,43,0,0,14.5,399,1,24,13,9300.105,0,0,0,13.938,0.771,1276,35.706402,51.266838,6,301.62,0
399521,2024-08-20 12:09:39,2024-08-20 11:52:40,8,48,FALSE,12.3,0,32,77.647,87,7.549,0,43,0,0,14.5,399,1,24,13,9300.105,0,0,0,13.938,0.771,1276,35.706402,51.266846,6,90,2.589719544
400521,2024-08-20 12:09:39,2024-08-20 11:52:40,8,48,FALSE,12.3,0,32,77.647,87,7.57,0,43,0,0,14.5,399,1,24,13,9300.105,0,0,0,13.938,0.771,1276,35.706402,51.266846,6,90,0
401521,2024-08-20 12:09:39,2024-08-20 11:52:40,8,48,FALSE,12.2,0,32,77.647,87,7.576,0,43,0,0,14.5,399,1,24,13,9300.105,0,0,0,13.938,0.771,1276,35.706402,51.266846,6,90,0
402521,2024-08-20 11:52:46,2024-08-20 11:52:43,8,48,TRUE,12.2,0,32,77.647,87,7.598,0,43,0,0,14.5,399,1,24,13,9300.105,0,0,0,13.938,0.771,1276,35.706402,51.266853,6,90,0
403521,2024-08-20 11:52:46,2024-08-20 11:52:43,8,48,TRUE,12.2,0,32,77.647,87,7.549,0,43,0,0,14.5,399,1,24,13,9300.105,0,0,0,13.938,0.771,1276,35.706402,51.266853,6,90,0
404521,2024-08-20 11:52:46,2024-08-20 11:52:43,8,48,TRUE,12.2,0,32,77.647,87,7.568,0,43,0,0,14.5,399,1,24,13,9300.105,0,0,0,13.938,0.771,1276,35.706402,51.266853,6,90,0
405521,2024-08-20 12:09:41,2024-08-20 11:52:46,8,48,FALSE,12.2,0,32,77.647,87,7.512,0,43,0,0,14.5,399,1,24,13,9300.105,0,0,0,13.938,0.771,1276,35.706402,51.266861,6,90,0
406521,2024-08-20 12:09:41,2024-08-20 11:52:46,8,48,FALSE,12.3,0,32,77.647,87,7.553,0,43,0,0,14.5,399,1,24,13,9300.105,0,0,0,13.938,0.771,1276,35.706402,51.266861,6,90,0
407521,2024-08-20 12:09:41,2024-08-20 11:52:46,8,48,FALSE,12.2,0,32,77.647,87,7.576,0,43,0,0,14.5,399,1,24,13,9300.105,0,0,0,13.938,0.771,1276,35.706402,51.266861,6,90,0
408521,2024-08-20 11:52:54,2024-08-20 11:52:49,8,48,TRUE,12.2,0,32,77.255,87,7.52,0,43,0,0,14.5,399,1,24,13,9300.105,0,0,0,13.938,0.771,1276,35.706398,51.266869,6,121.62,0.551873109
409521,2024-08-20 11:52:54,2024-08-20 11:52:49,8,48,TRUE,12.2,0,32,77.647,87,7.559,0,43,0,0,14.5,399,1,24,13,9300.105,0,0,0,13.938,0.771,1276,35.706398,51.266869,6,121.62,0
410521,2024-08-20 11:52:54,2024-08-20 11:52:49,8,48,TRUE,12.2,0,32,77.647,87,7.559,0,43,0,0,14.5,399,1,24,13,9300.105,0,0,0,13.938,0.771,1276,35.706398,51.266869,6,121.62,0
411521,2024-08-20 12:09:42,2024-08-20 11:52:52,8,48,FALSE,12.2,0,32,77.647,87,7.549,0,43,0,0,14.5,399,1,24,13,9300.105,0,0,0,13.938,0.771,1276,35.706406,51.266869,6,0,-2.122669436
412521,2024-08-20 12:09:42,2024-08-20 11:52:52,8,48,FALSE,12.2,0,32,77.647,87,7.525,0,43,0,0,14.5,399,1,24,13,9300.105,0,0,0,13.938,0.771,1276,35.706406,51.266869,6,0,0
413521,2024-08-20 12:09:42,2024-08-20 11:52:52,8,48,FALSE,12.3,0,32,77.647,87,7.576,0,43,0,0,14.5,399,1,24,13,9300.105,0,0,0,13.938,0.771,1276,35.706406,51.266869,6,0,0
414521,2024-08-20 11:52:57,2024-08-20 11:52:55,8,48,TRUE,12.2,0,32,77.255,87,7.568,0,43,0,0,14.5,399,1,24,13,9300.105,0,0,0,13.938,0.771,1276,35.706406,51.266869,6,0,0
415521,2024-08-20 11:52:57,2024-08-20 11:52:55,8,48,TRUE,12.2,0,32,77.647,87,7.57,0,43,0,0,14.5,399,1,24,13,9300.105,0,0,0,13.938,0.771,1276,35.706406,51.266869,6,0,0
416521,2024-08-20 11:52:57,2024-08-20 11:52:55,8,48,TRUE,12.3,0,32,77.647,87,7.576,0,43,0,0,14.5,399,1,24,13,9300.105,0,0,0,13.938,0.771,1276,35.706406,51.266869,6,0,0
417521,2024-08-20 11:53:01,2024-08-20 11:52:58,8,48,TRUE,12.2,0,32,77.647,87,7.525,0,43,0,0,14.5,399,1,24,13,9300.105,0,0,0,13.938,0.771,1276,35.706406,51.266861,6,270,-1.570796327
418521,2024-08-20 11:53:01,2024-08-20 11:52:58,8,48,TRUE,12.2,0,32,77.647,87,7.549,0,43,0,0,14.5,399,1,24,13,9300.105,0,0,0,13.938,0.771,1276,35.706406,51.266861,6,270,0
419521,2024-08-20 11:53:01,2024-08-20 11:52:58,8,48,TRUE,12.2,0,32,77.647,87,7.576,0,43,0,0,14.5,399,1,24,13,9300.105,0,0,0,13.938,0.771,1276,35.706406,51.266861,6,270,0
420521,2024-08-20 12:09:43,2024-08-20 11:53:01,8,48,FALSE,12.2,0,32,77.255,87,7.586,0,43,0,0,14.5,399,1,24,13,9300.105,0,0,0,13.938,0.771,1276,35.706406,51.266853,6,270,0
421521,2024-08-20 12:09:43,2024-08-20 11:53:01,8,48,FALSE,12.2,0,32,77.647,87,7.525,0,43,0,0,14.5,399,1,24,13,9300.105,0,0,0,13.938,0.771,1276,35.706406,51.266853,6,270,0
422521,2024-08-20 12:09:43,2024-08-20 11:53:01,8,48,FALSE,12.2,0,32,77.647,87,7.525,0,43,0,0,14.5,399,1,24,13,9300.105,0,0,0,13.938,0.771,1276,35.706406,51.266853,6,270,0
423521,2024-08-20 11:53:10,2024-08-20 11:53:04,8,48,TRUE,12.2,0,32,77.647,87,7.57,0,43,0,0,14.5,399,1,24,13,9300.105,0,0,0,13.938,0.771,1276,35.706406,51.266853,6,270,0
424521,2024-08-20 11:53:10,2024-08-20 11:53:04,8,48,TRUE,12.3,0,32,77.647,87,7.607,0,43,0,0,14.5,399,1,24,13,9300.105,0,0,0,13.938,0.771,1276,35.706406,51.266853,6,270,0
425521,2024-08-20 11:53:10,2024-08-20 11:53:04,8,48,TRUE,12.2,0,32,77.647,87,7.57,0,43,0,0,14.5,399,1,24,13,9300.105,0,0,0,13.938,0.771,1276,35.706406,51.266853,6,270,0
426521,2024-08-20 12:09:46,2024-08-20 11:53:07,8,48,FALSE,12.2,0,32,77.647,87,7.531,0,43,0,0,14.5,399,1,24,13,9300.105,0,0,0,13.938,0.771,1276,35.706402,51.266853,6,180,-1.570796327
427521,2024-08-20 12:09:46,2024-08-20 11:53:07,8,48,FALSE,12.2,0,32,77.255,87,7.547,0,43,0,0,14.5,399,1,24,13,9300.105,0,0,0,13.938,0.771,1276,35.706402,51.266853,6,180,0
428521,2024-08-20 12:09:46,2024-08-20 11:53:07,8,48,FALSE,12.2,0,32,77.255,87,7.576,0,43,0,0,14.5,399,1,24,13,9300.105,0,0,0,13.938,0.771,1276,35.706402,51.266853,6,180,0
429521,2024-08-20 12:09:48,2024-08-20 11:53:10,8,48,FALSE,12.2,0,32,77.255,87,7.607,0,43,0,0,14.5,399,1,24,13,9300.105,0,0,0,13.938,0.771,1276,35.706398,51.266853,6,180,0
430521,2024-08-20 12:09:48,2024-08-20 11:53:10,8,48,FALSE,12.2,0,32,77.647,87,7.568,0,43,0,0,14.5,399,1,24,13,9300.105,0,0,0,13.938,0.771,1276,35.706398,51.266853,6,180,0
431521,2024-08-20 12:09:48,2024-08-20 11:53:10,8,48,FALSE,12.2,0,32,77.647,87,7.527,0,43,0,0,14.5,399,1,24,13,9300.105,0,0,0,13.938,0.771,1276,35.706398,51.266853,6,180,0
432521,2024-08-20 11:53:17,2024-08-20 11:53:13,8,54,TRUE,12.2,0,32,77.647,87,7.568,0,43,0,0,14.5,399,1,24,13,9300.105,0,0,0,13.938,0.771,1276,35.706387,51.266846,6,207.33,0.476998485
433521,2024-08-20 11:53:17,2024-08-20 11:53:13,8,54,TRUE,12.2,0,32,77.255,87,7.525,0,43,0,0,14.5,399,1,24,13,9300.105,0,0,0,13.938,0.771,1276,35.706387,51.266846,6,207.33,0
434521,2024-08-20 11:53:17,2024-08-20 11:53:13,8,54,TRUE,12.2,0,32,77.647,87,7.547,0,43,0,0,14.5,399,1,24,13,9300.105,0,0,0,13.938,0.771,1276,35.706387,51.266846,6,207.33,0
435521,2024-08-20 12:09:49,2024-08-20 11:53:16,8,54,FALSE,12.2,0,32,77.647,87,7.617,0,43,0,0,14.5,399,1,24,13,9300.105,0,0,0,13.938,0.771,1276,35.706387,51.266846,6,207.33,0
436521,2024-08-20 12:09:49,2024-08-20 11:53:16,8,54,FALSE,12.2,0,32,77.647,87,7.512,0,43,0,0,14.5,399,1,24,13,9300.105,0,0,0,13.938,0.771,1276,35.706387,51.266846,6,207.33,0
437521,2024-08-20 12:09:49,2024-08-20 11:53:16,8,54,FALSE,12.2,0,32,77.647,87,7.482,0,43,0,0,14.5,399,1,24,13,9300.105,0,0,0,13.938,0.771,1276,35.706387,51.266846,6,207.33,0
438521,2024-08-20 12:09:56,2024-08-20 11:53:19,8,54,FALSE,12.2,96,32,77.647,87,7.57,0,43,0,0,14.5,399,1,24,13,9300.105,0,0,0,13.938,0.771,1276,35.706383,51.266838,6,238.38,0.541924733
439521,2024-08-20 12:09:56,2024-08-20 11:53:19,8,54,FALSE,12.2,96,32,77.647,87,7.576,0,43,0,0,14.5,399,1,24,13,9300.105,0,0,0,13.938,0.771,1276,35.706383,51.266838,6,238.38,0
440521,2024-08-20 12:09:56,2024-08-20 11:53:19,8,54,FALSE,12.2,96,32,77.647,87,7.57,0,43,0,0,14.5,399,1,24,13,9300.105,0,0,0,13.938,0.771,1276,35.706383,51.266838,6,238.38,0
441521,2024-08-20 12:09:51,2024-08-20 11:53:22,8,54,FALSE,12.2,96,32,77.647,87,7.592,0,43,0,0,14.5,399,1,24,13,9300.105,0,0,0,13.938,0.771,1276,35.706379,51.26683,6,238.38,0
442521,2024-08-20 12:09:51,2024-08-20 11:53:22,8,54,FALSE,12.2,96,32,77.647,87,7.576,0,43,0,0,14.5,399,1,24,13,9300.105,0,0,0,13.938,0.771,1276,35.706379,51.26683,6,238.38,0
