report_trip_number,trip_start_time,trip_end_time,data_count,trip_time,trip_distance,trip_idle_time,trip_speed_avg,trip_speed_std,trip_speed_max,trip_engine_speed_avg,trip_acceleration_avg,trip_deceleration_avg,trip_accelerator_pedal_position_avg,trip_accelerator_pedal_position_std,trip_coolant_temperature_avg,trip_coolant_temperature_start,trip_fuel_consumption_lit,trip_fuel_consumption_avg
100,2024-09-08 11:32:06,2024-09-08 11:56:05,2877,1437.984,9.969000000000051,967,24.982968369829685,22.465041343443612,86,1442.1155717761558,-0.0018808053535894328,-0.34128072810381194,9.882250955856795,15.162180054433467,80.8943343760862,71,1042984.859,484499.9728515815
101,2024-09-08 11:56:05,2024-09-08 11:56:47,87,43.0,0.0,83,0.22988505747126436,1.1175258118374538,6,588.3620689655172,-0.036110260386089575,-2.853147905876863,1.972632183908046,9.173937998374623,83.98850574712644,84,12881.75,1073864.6580459771
102,2024-09-08 17:05:37,2024-09-08 17:22:55,2080,1039.498,12.772999999999229,187,44.35913461538462,27.39282518809668,94,1654.3980769230768,0.005604339000053902,-0.2289675136635205,18.91548605769231,20.88953234228493,79.09711538461538,46,1139616.75,608472.1085831731
103,2024-09-08 19:06:27,2024-09-08 19:33:41,3271,1635.251,10.446000000000822,935,22.979211250382146,23.628253615511877,83,1305.503286456741,-0.005494767222999939,-0.5022823146668938,9.7692188933048,15.044034103952255,81.22928767960869,65,1091577.156,572044.8427847753
104,2024-09-08 19:33:41,2024-09-08 19:35:27,213,106.001,0.03899999999975989,147,1.2112676056338028,1.997041393910709,7,1154.5657276995305,-0.07374630642229561,-2.9778371365214253,8.951394366197182,16.79796555135466,80.67136150234742,80,65541.5,1136460.565140845
105,2024-09-09 08:09:10,2024-09-09 08:09:34,49,24.0,0.0039999999999054126,38,0.5918367346938775,1.1532267655535555,3,713.734693877551,2.3525850819295916e-05,,3.797265306122449,9.028717874038353,31.551020408163264,30,11613.75,8180.289673469387
106,2024-09-09 08:09:34,2024-09-09 08:09:36,11,7.0,0.0,11,0.0,0.0,0,750.5,0.0,,5.723181818181818,10.394412872482812,32.81818181818182,32,3445.7659999999996,14697.508454545454
107,2024-09-09 08:11:49,2024-09-09 08:11:59,21,10.0,0.0,21,0.0,0.0,0,726.4166666666666,0.0,,2.2285238095238094,7.131134479303048,38.23809523809524,38,3675.234,2532.325142857142
108,2024-09-09 08:11:59,2024-09-09 08:12:01,5,2.0,0.0,5,0.0,0.0,0,233.4,0.0,,11.909200000000002,18.800860903160793,38.2,38,353.578,4071.0532
109,2024-09-09 08:12:01,2024-09-09 08:21:54,83,41.0,0.0039999999999054126,75,0.4457831325301205,1.4163936689937848,6,633.605421686747,0.0,,9.984734939759036,22.40533191827144,39.80722891566265,38,15460.311999999998,16140.445481927709
10,2024-08-11 15:32:01,2024-08-11 15:32:11,19,9.0,0.0029999999997016857,17,0.631578947368421,1.8918106058538346,6,297.82894736842104,0.0,,0.0,0.0,84.0,84,933.875,1517751.0723684211
110,2024-09-09 08:21:54,2024-09-09 08:39:55,2162,1081.503,12.519000000000233,212,41.76086956521739,26.6716834765802,83,1559.0032377428306,0.004767201634652349,-0.26333763280208633,16.227882516188714,14.380786236834155,74.91165587419056,41,990462.469,517146.77303931536
111,2024-09-09 17:13:05,2024-09-09 17:35:11,2660,1329.651,9.487999999999374,1079,25.74473684210526,30.001903389009108,99,1238.668984962406,-0.007936545538171977,-0.6923941087357746,12.303998872180449,18.90706275720629,76.55,37,1219334.344,742047.8453898496
112,2024-09-10 08:24:19,2024-09-10 08:47:39,2804,1401.502,18.31999999999971,124,47.21647646219686,26.66177740072942,91,1681.6715406562055,-0.0019294598006656624,-0.17070668529659933,16.235366975748928,17.266259868886593,76.06098430813124,33,1362345.031,755176.5469547076
113,2024-09-10 14:37:22,2024-09-10 14:38:00,84,43.5,0.2390000000004875,28,18.904761904761905,15.163859259880745,39,1658.0,0.13381122105488347,-0.6133509925120301,15.308523809523809,17.076332486579112,41.392857142857146,39,52807.202999999994,25113.768226190477
114,2024-09-10 14:49:09,2024-09-10 14:56:21,868,433.504,0.8899999999994179,378,7.27073732718894,8.930810343346492,34,1003.8450460829494,-1.4769566045347038e-07,-1.1514957073021395,5.453861751152073,12.417878943293783,80.92511520737327,80,267690.25,755514.9899435485
115,2024-09-10 18:20:20,2024-09-10 18:41:38,2556,1277.65,11.219000000000051,844,31.699139280125195,29.34453971355763,93,1539.1035798122066,-0.026672425844376527,-0.49683656084628613,11.853310250391235,16.373343527718987,78.48748043818466,54,1056238.828,509097.9502124413
116,2024-09-10 18:41:40,2024-09-10 19:07:57,3153,1576.025,8.444999999999709,719,19.200444021566764,23.28572605425625,88,1179.3922454804947,-0.003852896618572543,-0.5163375320287014,7.805660957817951,13.737341327478296,81.41230574056455,83,920643.25,1571258.179947669
117,2024-09-10 19:07:57,2024-09-10 19:12:07,360,179.501,0.34400000000005093,177,6.7444444444444445,8.505690195816621,33,856.9534722222222,0.08948593963183593,-0.5804217093882286,3.5913166666666667,9.017537447094416,85.55,84,73572.125,2022100.3586805556
118,2024-09-10 19:12:07,2024-09-10 19:15:41,431,214.995,0.07100000000082218,377,1.2273781902552203,3.5033926870150274,17,495.9646171693735,-0.001853855525668227,-2.4077092609564725,1.5818352668213456,6.332963565658876,83.05104408352668,85,49975.625,39788.01840371229
119,2024-09-11 10:13:10,2024-09-11 10:27:48,1756,879.495,12.100999999999658,49,49.812072892938495,25.311866568962014,100,1655.5825740318908,-0.0013915903266010215,-0.235944680370902,17.58577334851936,20.46632293744856,73.90489749430525,39,972818.812,545697.8564083144
11,2024-08-11 15:32:11,2024-08-11 15:33:03,107,53.0,0.007999999999810825,105,0.11214953271028037,0.8164245889881666,6,673.4532710280374,-0.08808203701653626,-6.283185307179586,0.0,0.0,84.64485981308411,84,9344.375,1523756.7651869159
120,2024-09-11 10:59:06,2024-09-11 11:08:32,1136,567.498,8.319999999999709,123,52.99295774647887,27.77689502985415,101,1626.520906690141,-0.021353845656169327,-0.34208733510117634,17.474602112676056,25.064363467553225,80.0105633802817,73,685838.516,421120.6161927817
121,2024-09-11 17:12:32,2024-09-11 17:20:14,927,462.999,0.0,927,0.0,0.0,0,850.9822006472492,-0.08940794658307442,-4.027466471366325,0.0,0.0,65.86731391585761,45,168863.13999999998,108196.77803559869
122,2024-09-11 17:20:14,2024-09-11 17:34:57,1199,881.929,8.055000000000291,89,48.56463719766472,23.14256354844128,83,1738.0279399499584,-0.012625602769553821,-0.23596308998840318,16.916830692243536,17.933508474990663,80.26355296080067,78,637263.032,560265.4088657214
123,2024-09-11 17:34:57,2024-09-11 17:41:15,758,378.496,2.71100000000024,209,25.7532981530343,23.439087890858175,70,1475.5392480211083,-0.008775711863192079,-0.5947647258989188,12.278158311345646,18.154673048902715,80.43667546174143,84,352614.531,174955.20503562005
124,2024-09-11 19:52:44,2024-09-11 20:14:16,2588,1293.485,10.588999999999942,683,29.505409582689335,28.232201115883008,99,1360.127511591963,-0.005828185511609306,-0.8105220028024975,11.127355486862442,17.571405565017468,80.3918083462133,63,973775.625,596094.723366306
125,2024-09-14 08:14:13,2024-09-14 08:32:25,2188,1093.5,9.687000000000808,274,31.898080438756857,27.66046232462165,90,1468.9311014625227,-0.006781403266076875,-0.467840946707482,11.9779844606947,15.968770089654651,72.55987202925046,33,836054.047,452533.5871023766
126,2024-09-14 17:18:16,2024-09-14 17:18:45,64,33.5,0.019999999999527063,43,2.390625,4.16568440802968,13,916.9140625,-1.5684382230579688e-05,-0.0010038004627571,8.413687499999998,13.857404088050682,35.578125,34,19738.609,13424.159203125
127,2024-09-14 17:32:06,2024-09-14 17:32:06,1,0.0,0.0,1,0.0,,0,263.25,0.0079429130221054,,0.0,,82.0,82,0.0,380330.156
128,2024-09-14 17:33:56,2024-09-14 17:50:17,1916,980.448,7.878999999999905,372,29.562630480167016,27.381164881303246,92,1463.276748434238,-0.0014889222404433895,-0.4513915479564554,10.36394624217119,16.49481040137363,82.84446764091858,81,702862.532,399190.28028601245
129,2024-09-14 17:50:17,2024-09-14 17:50:55,77,38.0,0.0,73,0.22077922077922077,1.0339420810330557,6,526.7012987012987,-0.14376979713700822,-3.7699111843077517,2.261922077922078,7.86534558207251,85.0909090909091,85,9120.828,7869.002974025976
12,2024-08-11 15:33:05,2024-08-11 15:33:57,108,53.498,0.028000000000247383,106,0.1111111111111111,0.8126722199458094,6,517.3773148148148,-0.08726646259971647,-3.820874798465986,0.0,0.0,85.95370370370371,85,7096.375,1532555.695601852
130,2024-09-15 08:25:55,2024-09-15 08:41:18,1848,923.5,11.25800000000072,116,43.99025974025974,22.985033437902292,87,1767.9741612554112,-0.008702469667398117,-0.35107484579399334,17.10929329004329,17.761608826835005,72.50811688311688,27,906152.281,542523.5559063853
131,2024-09-15 10:52:59,2024-09-15 11:02:31,1146,572.491,8.645000000000437,3,54.57417102966841,19.845477204376134,81,1934.7742146596859,-0.005346891988997743,-0.08976398534330969,16.240364746945897,16.337847461697294,77.87696335078535,60,531854.3910000001,345484.7952748691
132,2024-09-15 11:02:31,2024-09-15 11:03:19,98,48.501,0.0,93,0.21428571428571427,1.0178813654973773,6,590.2372448979592,-0.1282282715750936,-2.734093179834157,0.7938877551020408,4.530494549556348,81.87755102040816,81,14095.812999999966,606615.949010204
133,2024-09-15 14:48:50,2024-09-15 14:49:02,26,12.5,0.0,25,0.07692307692307693,0.392232270276368,2,771.0576923076923,-0.00014771823963666153,-0.0038406742305532,1.5846923076923076,5.598303484229705,41.96153846153846,42,5520.0,5308.2345000000005
134,2024-09-15 14:49:02,2024-09-15 15:10:08,2533,1266.181,17.715000000000146,291,50.584682195025664,25.73871541925353,94,1911.9257797078562,0.013934991444240456,-0.10610001308427588,17.295630082905646,21.57406723640663,79.71733122779312,42,1519495.219,864269.8458349783
135,2024-09-15 15:10:08,2024-09-15 15:13:48,441,220.002,1.6480000000001382,75,26.90249433106576,19.446243342296466,61,1297.8860544217687,0.028495275734879776,-0.31274439904679385,12.935217687074827,19.69498456247529,85.02721088435374,90,190462.375,1633128.1541950114
136,2024-09-15 16:32:05,2024-09-15 17:05:35,3712,2011.606,17.95299999999952,747,34.9129849137931,27.444929764891143,95,1498.8307516163793,-0.01721781581938104,-0.5815686695044361,12.267536637931034,15.40570296175673,83.12015086206897,72,1427352.312,782624.2040872845
137,2024-09-15 17:05:37,2024-09-15 17:30:25,2979,1489.005,10.746000000000095,527,25.95031889895938,21.826831190940847,82,1435.5582410204768,-0.003948234052504657,-0.46770747356222436,12.560613628734474,15.957609291988089,84.55287009063444,85,1171924.234,501357.95951594494
138,2024-09-15 17:30:25,2024-09-15 17:31:19,109,53.999,0.011999999999716238,91,0.7889908256880734,1.895772072247885,7,754.0022935779816,-0.1334424304611958,-3.927994381307138,3.5168165137614675,8.310098323798957,90.73394495412845,90,21315.75,1187246.6869266054
139,2024-09-16 00:04:33,2024-09-16 00:16:48,1389,694.0,6.38300000000072,228,33.149748020158384,21.48253181557883,78,1205.187365010799,-0.008584277776665539,-0.36476605575834886,13.848103671706264,19.42361870362994,70.80345572354211,38,509474.141,299027.1732167027
13,2024-08-11 17:05:12,2024-08-11 17:33:19,3376,1687.65,13.902000000000044,1155,28.652251184834125,27.26448642677619,80,1366.8337529620853,0.000760985893640472,-0.9370076835714907,12.25721652843602,16.2179690582987,102.12825829383887,74,1719113.109,1087257.8197588862
140,2024-09-16 00:16:48,2024-09-16 00:17:24,75,37.0,0.0,73,0.16,0.9731531364728913,6,786.47,0.014721270464154822,-2.7102636177802615,4.21228,13.330457131676315,83.05333333333333,84,10974.484,10065.268426666666
141,2024-09-16 09:37:06,2024-09-16 09:58:22,2560,1279.676,6.777000000000044,348,18.94453125,16.29339875772856,67,1308.623046875,0.0015691767551670444,-0.26625543927011813,11.263236328125,15.036366108171663,73.696875,27,827468.391,482235.2306554687
142,2024-09-16 12:29:58,2024-09-16 12:48:32,2230,1114.572,6.186999999999898,402,19.8847533632287,17.859973037044778,77,1191.252466367713,-0.012302925853841865,-0.4863740202356386,7.986013901345291,13.570030194242799,79.89461883408072,56,651041.5,394236.6368412556
143,2024-09-16 12:48:32,2024-09-16 12:49:02,62,30.499,0.0,60,0.1935483870967742,1.068762263699852,6,478.383064516129,0.0,-1.363800277508369,2.0522096774193552,9.234488696181536,81.93548387096774,83,6428.875,684458.3689516129
144,2024-09-17 08:42:49,2024-09-17 08:43:13,56,31.5,0.12200000000029831,11,12.767857142857142,9.206699283039049,31,1272.611607142857,-1.7118362895564284e-05,-0.0009586283221516,18.370982142857144,17.812799638555184,25.964285714285715,25,42896.420999999995,16551.81725
145,2024-09-17 16:12:06,2024-09-17 16:25:56,1664,833.701,9.605999999999767,126,41.54927884615385,21.690768826295162,78,1779.6317608173076,0.010297421218247978,-0.21494256760934233,18.611748798076924,17.874406248169258,74.21875,35,934216.063,457231.3908100962
146,2024-09-18 01:11:19,2024-09-18 01:20:53,1152,575.494,7.171999999999571,86,44.97222222222222,25.35576765118364,85,1632.4305555555557,0.00621622252512927,-0.2614034895703006,13.974347222222223,21.039592072928592,70.98263888888889,35,456630.329,315397.33148871525
147,2024-09-18 08:46:01,2024-09-18 09:15:41,3560,1781.501,6366.332,319,46.72556179775281,27.449966612121127,94,1730.5676966292135,0.004656845505938478,-0.1669597211354073,16.654121348314607,17.483185130530412,77.99297752808988,35,1722795.031,911756.8828926965
148,2024-09-18 12:35:45,2024-09-18 12:49:41,1676,837.642,12.272999999999229,107,52.961217183770884,23.38391434766795,82,1931.5425119331742,0.006139453643995221,-0.1388629829967075,17.194496420047734,15.05411673977967,77.48329355608593,45,865711.765,469156.752804296
149,2024-09-18 17:53:41,2024-09-18 18:15:05,2575,1287.127,9.719000000000051,807,27.19495145631068,26.28549056284398,99,1263.6899029126214,-0.013081910132526055,-0.5513501303586225,12.600532038834952,18.731963548199076,78.98135922330097,40,1102387.984,689932.5435013592
14,2024-08-12 07:49:40,2024-08-12 07:50:06,58,30.5,0.018999999999323336,34,1.6379310344827587,2.091740447671143,6,1024.6853448275863,0.0,,10.704724137931034,15.148746149020955,37.36206896551724,37,17361.719,8086.73575862069
150,2024-09-18 18:15:05,2024-09-18 18:16:15,139,69.0,0.012000000000625732,119,0.6330935251798561,1.6468850038261162,7,914.2176258992806,-0.22594557547587596,-3.326766034313067,3.4466618705035974,8.397410014406647,80.07194244604317,79,32140.375,1127692.0251798562
151,2024-09-18 18:16:15,2024-09-18 18:16:19,10,4.5,0.0,10,0.0,0.0,0,456.75,8.881784197001253e-17,-1.914975255288178,8.2523,13.66219927838202,79.2,77,1238.125,1142494.375
152,2024-09-18 18:16:21,2024-09-18 18:17:21,124,61.5,0.0039999999999054126,110,0.3790322580645161,1.1447493561395228,6,756.4314516129032,-0.10134169850289657,-2.7674406040755954,2.3075725806451612,5.78285640615443,79.48387096774194,78,22937.25,1158710.4465725806
153,2024-09-19 08:55:44,2024-09-19 09:26:29,3642,1820.485,24.511999999999716,133,48.63316858868753,21.481812170193916,90,1606.7601592531576,0.003988451340319731,-0.14405283887525225,18.9904346512905,14.431243029548936,77.1317957166392,33,1686307.469,886552.9549360242
154,2024-09-19 09:41:03,2024-09-19 09:44:35,428,213.602,2.9179999999996653,1,49.401869158878505,20.679718792376924,80,1452.3317757009345,-0.008128537360287494,-0.24911521884415389,17.33605373831776,17.531856658162354,81.69158878504673,86,198733.92200000002,98255.17410747665
155,2024-09-19 15:36:51,2024-09-19 15:52:52,1928,963.632,9.746000000000095,411,36.510892116182575,27.826597872858596,90,1399.9941649377593,0.008600893089026661,-0.4599885396519372,15.025423236514523,16.85973381306339,73.86255186721992,37,835530.891,461975.9500181535
156,2024-09-20 19:57:53,2024-09-20 19:58:14,48,31.499,0.023000000000138243,25,3.5,4.2325989199333875,12,1592.03125,0.0003772952490598458,,9.820208333333333,12.438616188269416,28.3125,27,33791.0,20749.870375000002
157,2024-09-20 21:00:52,2024-09-20 21:21:47,250,1255.463,0.3899999999994179,119,11.2,15.12597701713487,48,1027.188,0.02122727166552115,-0.8947396846096618,10.624228,16.018036472983088,82.976,88,89713.25,3056193.761
158,2024-09-20 21:21:47,2024-09-20 22:26:40,7782,3892.557,64.94600000000082,933,60.38023644307376,33.021258784708,120,1646.963505525572,-0.00392691121308101,-0.2571236786123922,20.08594564379337,17.01349557132781,83.46787458236957,82,4877053.234,2934751.0641053715
159,2024-09-21 11:35:05,2024-09-21 11:38:46,448,225.502,1.0819999999994252,61,16.919642857142858,10.250891502983755,41,1301.4425223214287,0.009513169364655434,-0.2782752959379759,20.298207589285713,16.61702141499045,46.703125,30,215162.0,102474.35194419643
15,2024-08-12 09:24:08,2024-08-12 09:27:46,440,219.501,0.1289999999999054,316,1.6568181818181817,3.204204081163719,14,980.4369318181818,-0.050001563392522014,-2.6162207586404316,4.308770454545455,9.96330079392801,83.53181818181818,82,79129.36,46895.760195454546
160,2024-09-21 11:49:21,2024-09-21 11:49:21,1,0.0,0.0,0,6.0,,6,728.75,0.0,,0.0,,79.0,79,0.0,648362.0
161,2024-09-21 12:59:15,2024-09-21 13:10:30,1351,675.034,5.5,292,29.355292376017765,22.41820456780787,81,1219.8023686158401,-0.0177095075920419,-0.6151355822549548,13.569565507031829,17.772377016114906,80.11102886750555,78,535725.219,312628.4671547002
162,2024-09-21 13:10:30,2024-09-21 13:12:28,237,118.019,0.09400000000005093,171,2.8143459915611815,5.4023814678205,19,856.5379746835443,-0.03444388392406321,-2.0350672130915295,2.6890506329113926,8.258751008340436,80.9873417721519,78,49703.25,566489.9606962026
163,2024-09-22 10:10:18,2024-09-22 10:13:52,436,223.499,0.8980000000001382,140,13.68348623853211,12.247478849258256,38,1022.1198394495412,0.017055407968655213,-0.08633562033198587,7.207337155963302,13.706807776407961,41.158256880733944,29,131521.25,64454.31566284404
164,2024-09-22 12:30:19,2024-09-22 12:55:19,3004,1501.503,19.570999999999913,426,47.108189081225035,33.25795926283721,103,1713.488432090546,0.0013376186834332979,-0.32410479794752073,15.724710053262315,19.261194825971497,79.33655126498003,59,1572098.609,786242.1106181757
165,2024-09-22 12:59:47,2024-09-22 13:17:11,2092,1045.522,12.398000000000138,203,42.798279158699806,29.680096319819913,94,1655.111137667304,0.0012868493698445366,-0.3274913768707806,16.069018164435946,20.831649373235553,81.45363288718929,80,1109714.516,507943.5912939771
166,2024-09-22 14:58:17,2024-09-22 15:26:05,3340,1669.532,14.92199999999957,961,32.25538922155689,28.34358544498585,88,1531.4925149700598,-0.0016185190612157977,-0.4891553205069969,11.861784431137725,17.096640826238872,81.6682634730539,70,1342008.328,688928.0547670658
167,2024-09-22 18:51:07,2024-09-22 19:15:07,2884,1441.919,15.815999999999804,351,39.599514563106794,29.085270830774054,103,1596.7563280166435,-0.007243795854375713,-0.257887950420644,15.383648058252426,18.95998160889681,80.88800277392511,51,1436156.469,841272.6075194174
168,2024-09-22 21:27:19,2024-09-22 21:43:29,1504,972.745,6.192000000000007,201,29.638297872340427,20.658700963775036,69,1218.6695478723404,0.003532245997757469,-0.33134282058962566,16.86325265957447,20.214449459518313,77.54255319148936,61,627463.547,330491.4931841755
169,2024-09-22 21:43:31,2024-09-22 21:45:17,214,106.499,0.5309999999999491,28,17.88785046728972,11.281150594602412,35,1344.8656542056074,-0.018964335155526535,-0.9452752515934159,12.251602803738317,12.899346628145304,80.04672897196262,79,75262.953,47117.58907009346
16,2024-08-12 10:14:52,2024-08-12 10:26:22,1372,691.557,3.4960000000000946,656,18.22521865889213,24.054663729596825,77,1242.2527332361517,0.03270061140326739,-0.8640321098541547,10.059065597667638,19.5177786926219,86.35131195335276,76,515042.297,270585.4922776968
170,2024-09-23 07:43:44,2024-09-23 08:39:26,2159,3344.951,11.440999999999804,178,38.24733672996758,24.612943713272408,89,1363.0006947660954,-0.004368911542416596,-0.3171701035740891,16.95755581287633,16.358243217039874,71.57897174617878,33,907130.828,458370.57716535433
171,2024-09-23 08:39:28,2024-09-23 08:40:02,67,33.0,0.0,67,0.0,0.0,0,895.3507462686567,-0.03377081854157384,-5.404237495875241,0.42783582089552236,2.510940193325005,75.26865671641791,70,18840.219,10153.949865671642
172,2024-09-23 08:52:58,2024-09-23 09:06:00,1562,780.506,10.277000000000044,110,47.53393085787452,27.171869776520122,114,2036.391005121639,0.006577186372220151,-0.14592572111408575,14.871567221510883,15.52829656876883,83.43790012804098,80,812182.7039999999,440816.7351274008
173,2024-09-23 09:06:00,2024-09-23 09:18:11,1401,730.969,0.23400000000037835,1220,1.1962883654532477,3.751668266965847,26,947.7293004996432,-0.037325347904449774,-2.627684716064938,1.880688079942898,7.271145882021196,80.15274803711634,84,259969.25,956851.3359757317
174,2024-09-23 09:18:11,2024-09-23 09:18:15,10,4.532,0.0,9,0.6,1.8973665961010278,6,483.05,0.0,,0.0,0.0,78.8,78,806.6249999999999,1087.8811
175,2024-09-23 09:18:17,2024-09-23 09:18:19,7,3.0,0.0,4,2.5714285714285716,3.2071349029490928,6,477.9642857142857,0.0,,0.0,0.0,78.85714285714286,79,684.219,1907.9465714285714
176,2024-09-23 09:18:19,2024-09-23 10:02:07,90,2625.568,0.0,88,0.13333333333333333,0.8893881244738193,6,268.68333333333334,-0.10472599076926016,-4.188977274274403,0.36125555555555555,3.427171118835166,78.6,78,4413.172,6014.2473
177,2024-09-23 10:02:07,2024-09-23 10:02:41,71,35.001,0.0,71,0.0,0.0,0,790.6725352112676,-0.0034365778792789805,-0.2439970294288076,0.0,0.0,72.38028169014085,73,12853.876,6439.510140845071
178,2024-09-23 11:08:10,2024-09-23 11:38:01,1158,578.579,0.0,1155,0.015544041450777202,0.3051278934060061,6,826.8996113989638,-0.034864685080296394,-4.6518101887109236,0.0,0.0,78.58721934369603,78,191133.5,104514.95798100173
179,2024-09-23 11:38:01,2024-09-23 16:58:41,2674,1336.93,1.4729999999999563,2305,3.9588631264023935,11.878980026021717,86,967.7749626028422,-0.040957479271666285,-2.715327494868716,2.357268885564697,8.552255652201941,78.74420344053851,78,607487.844,283479.59812453255
17,2024-08-13 16:40:00,2024-08-13 16:41:26,82,40.5,0.023000000000138243,79,0.21951219512195122,1.1333811563319967,6,478.7987804878049,0.07824949506287543,-0.0039095912305555,0.0,0.0,40.19512195121951,39,9492.905999999999,7943.428975609756
180,2024-09-23 16:58:43,2024-09-23 17:19:33,2504,1251.768,12.819999999999709,430,36.95447284345048,27.384543598313797,114,1710.563698083067,0.0020269249521930846,-0.45669329995725666,18.734851038338658,27.16543086972467,77.004392971246,45,1449860.406,737291.2690411342
181,2024-09-23 19:14:27,2024-09-23 19:45:23,1722,1853.559,4.668000000000575,553,12.123693379790941,12.085369714374574,57,1449.6167247386759,-0.02442821171109721,-0.6010927669953761,10.3448768873403,13.347834319871485,77.92450638792103,57,1022840.922,387485.71064343787
182,2024-09-23 19:45:23,2024-09-23 19:54:48,326,566.548,2.5859999999993306,79,15.714723926380367,12.450081164413021,39,1518.2875766871166,0.01022883810601016,-0.09294924106139286,10.825530674846625,13.275809910706418,86.24233128834356,85,416235.062,204207.2091779141
183,2024-09-23 20:54:20,2024-09-23 21:00:30,744,371.503,1.9580000000005384,52,18.858870967741936,9.983443996930903,43,1509.680443548387,0.003954418320811673,-0.4522908715955983,9.151221774193548,13.573694840326752,80.75268817204301,77,228875.891,150387.28120698925
184,2024-09-23 21:02:38,2024-09-23 21:14:36,1440,719.531,3.175000000000182,297,15.743055555555555,11.259986859192342,42,1312.4428819444445,-0.005604989310563022,-0.56654182669153,8.837045138888888,13.806094375612348,84.74097222222223,86,422775.484,232067.14600069445
185,2024-09-24 05:53:48,2024-09-24 06:17:19,1541,770.253,6.121000000000095,243,28.599610642439973,20.129386023087882,80,1564.7876378974693,-0.006419500795639597,-0.32480669116021793,17.55787216093446,21.367461207357614,73.12524334847501,36,689826.438,404698.1121421155
186,2024-09-24 06:17:19,2024-09-24 06:38:03,2491,1245.002,10.152999999999338,1101,29.471698113207548,32.89377301404017,107,1448.6620835006022,-0.03476386616335337,-0.8568225090082292,12.236774387796066,19.697874712987105,86.51344841429145,83,929326.594,599558.8874560416
187,2024-09-24 06:38:05,2024-09-24 06:38:07,6,2.5,0.0,6,0.0,0.0,0,285.2083333333333,-1.0471975511965976,-6.283185307179586,0.0,0.0,94.83333333333333,94,0.0,931226.625
188,2024-09-24 06:38:07,2024-09-24 06:38:13,11,5.0,0.0,11,0.0,0.0,0,148.63636363636363,0.0,,20.446181818181817,36.68732855583295,95.18181818181819,94,0.0,931226.625
189,2024-09-24 06:38:13,2024-09-24 06:38:15,5,2.0,0.0,5,0.0,0.0,0,342.1,0.0,,33.404,39.5915200579619,95.4,96,0.0,931226.625
18,2024-08-13 16:41:28,2024-08-13 16:42:04,80,45.621,0.09799999999995634,32,6.4875,7.4323850883324,25,1130.321875,0.0,,22.7054625,27.09947664165751,43.2375,41,43251.532,14123.883399999997
190,2024-09-24 06:38:15,2024-09-24 06:38:21,14,6.499,0.0,14,0.0,0.0,0,116.66071428571429,0.0,,0.0,0.0,95.07142857142857,95,0.0,931226.625
191,2024-09-24 06:38:23,2024-09-24 06:38:29,16,7.5,0.0,16,0.0,0.0,0,116.65625,0.19634954084936207,,16.820812500000002,9.299948438701154,95.5,95,0.0,931226.625
192,2024-09-24 06:38:31,2024-09-24 06:38:33,5,2.0,0.0,5,0.0,0.0,0,323.2,0.6283185307179586,,43.5736,49.574358818849085,95.0,94,0.0,931226.625
193,2024-09-24 06:38:33,2024-09-24 06:38:43,22,10.5,0.0,22,0.0,0.0,0,48.5,0.0,,0.0,0.0,95.68181818181819,95,0.0,931226.625
194,2024-09-24 06:38:43,2024-09-24 06:39:03,41,20.0,0.0,41,0.0,0.0,0,26.103658536585368,-0.15324842212633139,-6.283185307179586,0.0,0.0,94.7560975609756,96,0.0,931226.625
195,2024-09-24 09:47:31,2024-09-24 09:58:57,1376,687.496,2.0150000000003274,883,10.537790697674419,17.65998115686679,61,998.8288517441861,-0.007312306077642831,-1.2111308235656675,4.977276889534884,12.555244693998866,73.95421511627907,56,369099.782,154870.86811264534
196,2024-09-24 10:30:09,2024-09-24 10:30:39,63,30.998,0.042999999999665306,29,4.714285714285714,4.729552155803975,13,1047.142857142857,-2.517924623388889e-06,-0.0001586292512735,4.584555555555555,11.980129113389252,74.55555555555556,77,13330.030999999999,10711.30877777778
197,2024-09-24 10:30:39,2024-09-24 10:32:25,213,106.199,0.0430000000005748,158,1.4131455399061033,2.806363382790155,11,824.4659624413146,0.013059651463983874,-1.9717460558666848,3.3312816901408455,11.36914125528134,77.89201877934272,75,39400.828,40797.60915023475
198,2024-09-24 10:40:48,2024-09-24 10:48:12,892,445.497,1.5349999999998545,553,12.397982062780269,20.507963369870243,75,1162.3318385650225,-0.04126718392001471,-1.7039285876959804,8.236655829596412,20.244305781530894,80.46860986547085,78,325106.25,236196.73704372192
199,2024-09-24 11:16:46,2024-09-24 11:38:54,2660,1329.624,6.610000000000582,1312,17.911278195488723,22.676768423220576,82,1450.075469924812,-0.01264811901012156,-0.9520956334394872,9.440771428571429,16.618010931755208,79.36278195488721,75,1125719.562,608523.339930451
19,2024-08-14 14:32:59,2024-08-14 14:33:17,40,19.5,0.023000000000138243,37,0.45,1.600480697021511,6,141.68125,-5.2623851046025004e-06,-0.0002104954041841,0.0,0.0,55.625,55,1147.0780000000013,38481.75875
1,2024-08-11 11:51:41,2024-08-11 11:53:12,181,90.055,0.020000000000436557,179,0.06629834254143646,0.6289515963070906,6,830.146408839779,-0.010640690672992104,-3.9678315214839093,1.0190165745856352,3.422480520965812,54.83425414364641,51,31859.436999999998,18290.746430939227
200,2024-09-24 13:20:48,2024-09-24 13:34:19,1628,813.578,9.561999999999898,85,42.41461916461917,26.189643721691503,92,1712.671375921376,0.006322911963808816,-0.22854198999283665,19.26556941031941,20.04670825495658,79.0485257985258,66,1044839.391,548874.8455202703
201,2024-09-25 00:27:08,2024-09-25 00:34:24,874,436.494,5.665000000000873,48,46.859267734553775,21.58723716984128,84,1781.7951945080092,0.008985007235188002,-0.20037324524534036,18.15449885583524,22.25830446814571,63.004576659038904,35,456839.36000000004,231731.96009496567
202,2024-09-25 10:24:12,2024-09-25 10:45:08,2513,1256.004,6785.129,71,52.75766016713092,23.753489645085427,88,1657.6054516514127,0.001597287245769248,-0.17613222352400243,19.100709112614407,15.314208010036367,75.9025069637883,35,1203503.313,675683.6612136889
203,2024-09-25 10:45:08,2024-09-25 10:45:52,91,45.0,0.0,89,0.13186813186813187,0.8845437142490931,6,501.09615384615387,-0.17261498096647215,-3.3869161332501165,0.0,0.0,83.0,83,11763.0,1236034.5425824176
204,2024-09-25 14:26:59,2024-09-25 14:43:29,1984,991.626,15.472999999999956,63,56.39616935483871,24.63038530813475,101,1940.7358870967741,0.0131081587898637,-0.06937040051823279,21.97220614919355,19.26541679572494,77.65020161290323,44,1479054.516,850995.6556784275
205,2024-09-26 03:12:39,2024-09-26 03:14:17,200,99.525,0.8589999999994689,18,30.855,18.69522753708326,58,1379.775,0.04996931921439327,-1.0983107650050032,12.902085,18.979546538889842,40.16,32,69071.031,65184.52711
206,2024-09-26 03:14:19,2024-09-26 03:22:07,940,469.499,5.519000000000233,111,42.42765957446809,22.419565870321865,80,1639.4912234042554,-0.026403349529402438,-0.5114181227525789,16.40495,20.343615365283892,68.84787234042552,47,425517.13999999996,334941.18734255317
207,2024-09-30 08:32:54,2024-09-30 08:32:56,7,3.0,0.0,7,0.0,0.0,0,510.85714285714283,-0.11605069554605282,-0.817163155783745,0.0,0.0,19.0,19,739.7340000000004,13292.493428571426
208,2024-09-30 08:32:56,2024-09-30 08:33:16,41,20.001,0.0039999999999054126,30,1.0,1.8027756377319946,6,916.9939024390244,-0.30649684425266277,-3.049020390064014,1.931829268292683,7.987998904301499,20.024390243902438,19,11898.640000000001,20666.19782926829
209,2024-09-30 08:33:18,2024-09-30 08:34:52,190,94.498,0.02400000000034197,148,0.8210526315789474,1.6100146068443901,6,1023.7118421052631,1.0029062087207009e-05,-3.291202277070747,12.075294736842109,16.25066550651802,28.268421052631577,21,64251.562999999995,61660.81153684209
20,2024-08-18 17:14:34,2024-08-18 17:15:03,64,63.499,0.042999999999665306,55,0.421875,1.0511473323401026,3,969.74609375,0.0,,7.395234375,15.218093238028846,33.171875,32,38891.375,11003.352265624999
210,2024-09-30 08:34:52,2024-09-30 08:34:54,5,2.0,0.0,5,0.0,0.0,0,59.3,0.9368927424705561,,0.31920000000000004,0.713752898417933,36.0,36,120.25,90069.359
211,2024-09-30 08:34:54,2024-09-30 08:37:06,265,132.021,0.0039999999999054126,257,0.0830188679245283,0.485289607791604,4,643.0801886792453,-0.07289319527425767,-2.8206687327851525,0.4808830188679245,2.595068491369739,40.99245283018868,36,36752.344,114711.01315471697
212,2024-09-30 08:37:08,2024-09-30 08:38:50,208,103.501,0.0039999999999054126,203,0.07692307692307693,0.5048998119837357,4,600.2079326923077,-0.005991178297711308,-2.6594828476389023,0.7021538461538461,2.8472446050438465,46.55288461538461,44,29132.843999999997,146646.7716923077
213,2024-10-01 08:14:06,2024-10-01 08:15:10,132,65.501,0.023000000000138243,95,1.303030303030303,2.327857823166241,8,813.435606060606,9.390473212057577e-06,,12.574060606060605,21.030520524663306,29.015151515151516,24,35767.562000000005,43611.87156818182
214,2024-10-01 08:19:42,2024-10-01 08:38:05,2208,1104.111,12.347999999999956,167,40.37817028985507,28.141135881216403,101,1539.025588768116,0.0049556241243167475,-0.2691200832594092,16.926266757246378,15.858127089150752,74.37726449275362,35,944351.391,579545.5927617754
215,2024-10-01 10:13:18,2024-10-01 10:14:18,124,61.707,0.05099999999947613,79,2.9193548387096775,4.684513101168264,16,1217.5685483870968,0.08308342170343169,,7.519209677419355,13.067178666927354,62.346774193548384,61,31629.078,24109.013193548384
216,2024-10-01 17:13:33,2024-10-01 17:34:27,2516,1257.699,9.746000000000095,656,27.924880763116057,29.12332591432227,100,1310.1824324324325,0.003544772030015463,-0.48079360670913596,12.824636327503974,16.87952896017548,74.88155802861685,30,897814.172,528955.7032436407
217,2024-10-02 08:16:45,2024-10-02 08:32:39,1912,955.584,12.32799999999952,58,46.60512552301255,22.674232312765252,83,1452.5231433054394,0.010317791725913473,-0.1714494194070855,18.771095711297075,16.296365035065055,69.7473849372385,26,805573.438,451124.43663441425
218,2024-10-02 09:43:52,2024-10-02 09:49:01,620,309.649,0.042999999999665306,561,0.4935483870967742,1.7561220833084559,14,692.9483870967742,-0.06446391493954541,-2.760666608501138,0.8689048387096774,4.803011911358774,71.50645161290322,64,90820.218,52051.96242258065
21,2024-08-18 17:29:33,2024-08-18 17:43:29,1674,836.649,13.148000000000138,85,56.7347670250896,28.118550123778466,88,1913.4271206690562,-0.006211405574664477,-0.19902946199107707,17.495041218637994,18.09817346620944,87.40143369175627,86,895752.0,1207998.1664127838
22,2024-08-18 21:31:36,2024-08-18 21:33:30,224,115.5,0.02400000000034197,222,0.05357142857142857,0.5656741002557856,6,608.9787946428571,-0.06300274882847959,-3.423120699589643,0.2895803571428571,3.0117405590965944,56.80357142857143,52,21020.406000000003,28248.53829017857
23,2024-08-19 07:46:32,2024-08-19 08:08:44,1636,1333.504,16.940999999999804,62,42.05440097799511,30.176120724259977,105,1937.257334963325,0.0023926610690141606,-0.14593221658524405,15.00085696821516,16.1327210699502,77.85941320293398,32,1375368.156,727149.8733881417
25,2024-08-21 13:58:15,2024-08-21 14:11:12,1512,769.692,0.5189999999993233,976,2.3313492063492065,3.4712579943418023,12,876.0853174603175,-0.03845263314838623,-1.6685505685679487,2.1988075396825395,5.109760774834671,69.75132275132275,40,321001.907,161633.10069444444
26,2024-08-21 14:29:14,2024-08-21 14:46:45,1974,1052.596,9.938000000000102,500,36.367781155015194,28.32661033296514,77,1515.9912613981762,-8.025965823730661e-05,-0.5144933140777896,17.731729989868292,24.11052829318192,85.09878419452887,80,1062003.328,481689.784183384
27,2024-08-21 14:46:45,2024-08-21 15:08:05,2561,1279.992,19.311999999999898,29,54.520499804763766,26.187031423017284,113,1758.4023818820774,0.0057650654221166045,-0.11435876775395043,13.446612651308083,17.281245519820374,87.45411948457634,89,891047.813,449041.14515697
28,2024-08-21 15:08:05,2024-08-21 15:10:01,119,58.999,0.0820000000003347,46,4.907563025210084,4.0692971879729996,11,642.1176470588235,-0.036162048770732924,-0.8602727883080048,5.69853781512605,14.257436635670778,90.52100840336135,89,20094.062000000034,908876.4674537815
29,2024-08-21 15:10:01,2024-08-21 15:10:01,1,0.0,0.0,0,6.0,,6,1001.25,0.0,,0.0,,93.0,93,0.0,912980.0
2,2024-08-11 11:53:12,2024-08-11 12:00:12,649,350.001,0.1639999999997599,532,1.164869029275809,2.7237407935208005,10,968.7449922958398,-0.07197345348739763,-1.9533346340618412,1.976184899845917,4.5074792402807375,75.14175654853621,60,138229.672,111462.668009245
30,2024-08-21 15:15:53,2024-08-21 15:38:05,2666,1332.493,11.734000000000378,798,31.777569392348088,25.44094510918681,77,1536.5770817704426,0.0035351755291708068,-0.36075251876927633,13.364294823705926,16.11086355227735,91.76744186046511,93,929427.672,542816.4488323331
31,2024-09-01 09:29:25,2024-09-01 09:32:51,416,207.5,0.0,415,0.014423076923076924,0.2941742027072758,6,649.0787259615385,-0.044124050166125785,-3.079783064794166,0.0,0.0,35.79086538461539,26,42566.64,38322.72186057692
32,2024-09-01 14:09:53,2024-09-01 14:20:14,1248,623.626,1.9299999999993815,881,11.12900641025641,22.01046317432445,78,1102.2734375,-0.021961435380929057,-2.135315224465832,6.428415865384615,16.965414857835277,64.70352564102564,33,407854.609,218004.23318669872
33,2024-09-01 14:24:57,2024-09-01 14:35:06,1219,609.272,5.871000000000095,127,34.66119770303528,24.775528783033913,90,1720.473338802297,0.018482797473377065,-0.25514193129493107,14.869963084495488,22.908094838165972,84.47169811320755,80,658993.687,396997.62870795734
34,2024-09-01 14:35:06,2024-09-01 14:36:02,113,56.001,0.0,111,0.10619469026548672,0.7946566178725859,6,591.8650442477876,0.0,,0.0,0.0,85.17699115044248,85,13282.875,674447.9640796462
35,2024-09-01 14:45:21,2024-09-01 15:06:45,2571,1284.986,14.022999999999229,311,39.39323220536756,28.787544879189475,92,1762.6815441462466,0.0003391440769103102,-0.2680293027895569,14.293686892259823,17.832924081356786,85.64955270322831,84,1275742.984,777819.8623072734
36,2024-09-01 15:06:45,2024-09-01 15:08:11,171,85.0,0.0,168,0.10526315789473684,0.7900307632055511,6,768.4561403508771,-0.05511566058929462,-4.1887902047863905,0.0,0.0,84.39181286549707,84,29093.125,1315423.6133040935
37,2024-09-01 15:08:11,2024-09-01 15:09:30,115,57.0,0.0,112,0.1565217391304348,0.9605490420809139,6,560.7369565217391,-0.08195459096321199,-3.141592653589793,0.0,0.0,84.04347826086956,84,14344.875,1338442.1119565216
38,2024-09-01 15:09:32,2024-09-01 15:09:52,41,20.001,0.0,39,0.2926829268292683,1.3085087397305446,6,556.5426829268292,-0.22987263318949705,-4.71238898038469,0.0,0.0,85.60975609756098,85,4163.25,2764.8498048780484
39,2024-09-01 15:09:52,2024-09-01 15:10:00,16,7.5,0.0,14,0.75,2.04939015319192,6,555.796875,-0.7853981633974483,-4.1887902047863905,0.0,0.0,85.25,86,1684.375,5514.3642500000005
3,2024-08-11 12:00:12,2024-08-11 12:12:32,636,739.277,0.5,216,5.20440251572327,4.60356378091691,18,1010.9634433962265,-0.04939611090549988,-1.4035625248254462,4.208649371069183,6.711047911743445,83.13993710691824,81,130897.313,71236.95090880503
40,2024-09-01 15:10:00,2024-09-01 15:10:52,107,53.0,0.0,105,0.11214953271028037,0.8164245889881666,6,574.1004672897196,-0.05872135801102417,-3.141592653589793,0.0,0.0,83.95327102803738,85,9185.093,11962.283084112149
41,2024-09-01 15:10:54,2024-09-01 15:11:32,46,38.453,0.0,44,0.2608695652173913,1.2371074256541725,6,188.20108695652175,0.06829549246934333,-3.141592653589793,0.0,0.0,83.95652173913044,83,1520.296000000002,16808.67219565218
42,2024-09-01 16:59:31,2024-09-01 16:59:33,7,3.0,0.0,7,0.0,0.0,0,181.39285714285714,-0.00015154558699295714,-0.0010608191089507,2.5944285714285718,6.864212794320576,68.57142857142857,68,106.25,12006.830571428569
43,2024-09-01 16:59:33,2024-09-01 17:01:50,153,136.954,0.0,150,0.11764705882352941,0.834622326111985,6,482.4934640522876,0.05198571547182064,-1.9245745661741473,1.678359477124183,8.576401386649618,71.20261437908496,69,12676.046999999999,21858.333248366012
44,2024-09-01 18:44:06,2024-09-01 18:51:36,904,451.521,4.2150000000001455,31,33.62721238938053,19.50419129148674,99,1640.6753318584072,0.0277945190058618,-0.19959506884043018,17.196198008849557,20.489415314573062,77.61172566371681,55,469133.641,254533.2020884956
45,2024-09-01 18:58:04,2024-09-01 19:00:57,348,173.634,0.6989999999996144,93,14.339080459770114,14.036591590367506,46,1132.1716954022988,-0.006505829026654011,-0.6092180837164458,7.510336206896552,13.365474006227164,83.35632183908046,85,97328.235,56695.73157183908
46,2024-09-01 20:15:36,2024-09-01 20:30:26,1784,891.706,9.136999999999716,416,36.98206278026906,29.77183213690386,92,1708.2232343049327,0.008398041388963854,-0.2847878685234855,13.514721973094172,17.941682813198987,84.96860986547085,70,806188.8740000001,451654.62978475343
47,2024-09-01 20:35:22,2024-09-01 20:39:23,260,129.501,0.0,257,0.06923076923076923,0.6420101340142634,6,725.175,-0.05797446750739934,-5.497787143782138,0.0,0.0,85.73846153846154,92,37911.0,21693.36480769231
48,2024-09-01 20:39:23,2024-09-01 20:42:34,281,139.997,0.5080000000007203,88,12.907473309608541,12.322974233121577,39,1328.5160142348755,0.0335268243650464,-0.7042431513027612,8.998252669039145,13.475924977139911,84.25622775800711,85,88804.938,61288.9390355872
49,2024-09-01 20:42:34,2024-09-01 20:43:00,54,26.5,0.0,52,0.2222222222222222,1.1437552625579166,6,332.7175925925926,0.05817764173314432,,0.30794444444444447,2.262920274041191,86.94444444444444,87,3026.422,3914.302925925926
4,2024-08-11 12:12:32,2024-08-11 12:19:22,822,410.506,0.39800000000013824,447,3.127737226277372,4.041138572698601,18,981.2302311435523,-0.11710683830205366,-2.0598114574489688,3.7904793187347936,6.6220540006675,86.78223844282239,84,177844.0,95227.64581265206
50,2024-09-01 21:23:30,2024-09-01 21:31:42,988,493.497,0.0,986,0.012145748987854251,0.2698159735574855,6,732.8539979757085,-0.041337713636307546,-3.5360451409250038,0.0,0.0,84.34514170040485,81,122602.87500000001,85008.89234514169
51,2024-09-01 21:38:20,2024-09-01 21:41:21,364,181.63,0.22299999999995634,233,4.3708791208791204,7.0552583439160745,24,1005.3317307692307,0.0023989995089035137,-1.296624934736066,5.426211538461538,12.968102321895842,91.29945054945055,89,70723.953,41640.28906318681
52,2024-09-01 21:41:23,2024-09-01 21:48:23,691,420.974,1.9569999999994252,144,20.319826338639654,14.037440535275378,53,1457.8563675832127,-7.896295146867953e-08,-0.49423378442822685,9.395688856729379,13.930592749756617,87.5151953690304,96,230066.79700000002,197224.69878437044
53,2024-09-01 21:48:25,2024-09-01 21:55:57,905,452.017,2.375,261,18.829834254143645,17.549922297534167,60,1312.1223756906077,-0.015973183303231258,-0.6567845303234019,10.784391160220995,19.137369381227565,89.53259668508288,91,335202.328,195377.8441624309
54,2024-09-01 22:03:52,2024-09-01 22:05:47,209,104.201,0.0,207,0.05741626794258373,0.5855265742536017,6,439.5418660287081,0.07103419623638303,-2.520063917023841,0.0,0.0,90.44497607655502,94,14097.375,9840.863985645934
55,2024-09-01 22:05:51,2024-09-01 22:07:15,169,84.0,0.0,167,0.07100591715976332,0.6507684514062829,6,523.2248520710059,0.011333280006737143,-2.537778545569835,0.0,0.0,91.97041420118343,91,14028.688,8969.464426035502
56,2024-09-01 22:15:14,2024-09-01 22:30:23,1755,907.943,0.14800000000013824,1618,0.582905982905983,2.152229251792906,13,851.0579772079772,-0.05841055119799735,-2.8632187978822925,0.5391373219373219,3.8731323898929437,88.8017094017094,93,288777.875,147324.7588831909
57,2024-09-01 22:30:23,2024-09-02 00:55:39,17088,8543.4,132.63699999999972,1376,56.165320692883896,32.169979620045595,120,1976.1506027621722,0.0006677402533379092,-0.11268566352402772,17.106833801498126,18.68513419154957,88.34609082397004,93,9295082.062,4577941.920935803
58,2024-09-02 00:55:39,2024-09-02 02:01:36,5231,2614.982,39.84400000000005,1739,55.20684381571401,45.03736327562496,126,1709.0573504110114,-0.03340717480853207,-0.5801591075748305,17.18506021793156,21.146338599720295,87.03421907857006,91,3034068.016,1666055.9462328425
59,2024-09-02 02:01:36,2024-09-02 04:23:58,17079,8543.089,159.9370000000008,947,67.79313777153229,29.975154793462494,131,2224.8761051583815,-0.0022791076376507255,-0.13360140912402285,18.593747643304642,19.8140610971252,84.76134434100358,88,10532511.922,5359792.676660109
5,2024-08-11 14:23:18,2024-08-11 14:26:41,412,205.696,0.18800000000010186,290,2.75,4.7057582368776245,17,854.4393203883495,-0.05118161850327691,-2.4585374877262662,2.3702063106796114,5.97684407391166,73.98543689320388,66,77581.781,43090.6595631068
60,2024-09-02 12:03:59,2024-09-02 12:47:26,5212,2609.658,27.187999999999192,1289,37.64888718342287,29.03117873286227,95,1713.8690042210285,-0.013056275848616242,-0.4076462029094093,13.96827359938603,19.072665692239127,79.05717574827321,34,3092523.703,1458559.4128603223
61,2024-09-02 15:09:16,2024-09-02 15:10:31,155,77.102,0.0,155,0.0,0.0,0,802.266129032258,-0.054665797251869305,-2.6413277264835426,1.367283870967742,7.448064629424809,55.55483870967742,53,24967.937,15751.47096129032
62,2024-09-02 15:10:31,2024-09-02 15:32:11,2601,1300.004,16.968000000000757,139,47.13879277201077,24.554499006599983,88,1926.5334486735871,0.001207891477655973,-0.16108252883734717,18.15302499038831,17.98925654723047,82.67589388696655,60,1783925.734,887759.608798539
63,2024-09-02 15:32:19,2024-09-02 16:03:31,3745,1871.987,11.890999999999622,2064,22.942056074766356,28.83998564400892,95,1396.3362483311082,-0.023488336081980036,-0.723179058467947,8.355831508678238,15.030811233682646,83.80961281708946,86,1548856.906,611125.1671682243
64,2024-09-03 01:37:02,2024-09-03 01:41:32,541,269.997,0.0,539,0.022181146025878003,0.364472795935722,6,683.6312384473198,-0.003730681602599337,-3.630475243702968,0.09783364140480591,0.7342430229277178,37.78558225508318,28,80028.922,44858.799763401104
65,2024-09-03 11:53:11,2024-09-03 11:54:23,146,72.499,0.0,143,0.1232876712328767,0.8541211329653356,6,847.0462328767123,0.028040086903061978,-2.1191777284753712,3.054520547945205,11.10178507561248,31.171232876712327,28,26442.187,17698.555965753425
66,2024-09-03 12:07:28,2024-09-03 13:33:32,10328,5163.482,26.402000000000044,4522,18.388749031758326,25.69615640552655,96,1314.306182223083,-0.01186463700085292,-0.5824045885035088,8.590529047250193,16.6234494162938,80.23828427575523,35,4655167.391,2525436.966150852
67,2024-09-03 13:39:02,2024-09-03 13:39:02,1,0.0,0.0,1,0.0,,0,1919.0,0.0,,23.883,,88.0,88,0.0,4785407.0
68,2024-09-03 15:13:46,2024-09-03 15:57:23,5231,2615.896,23.360000000000582,1207,32.21047600841139,28.354635037164144,92,1599.9398776524565,-0.010213732149807501,-0.400047659109148,14.565060217931562,20.376242570845605,83.05123303383674,69,3350484.297,1543806.4721431849
69,2024-09-03 15:57:23,2024-09-03 16:06:51,986,568.424,5.604999999999563,166,41.07403651115619,28.746990049186245,94,1770.0474137931035,-0.012744722580221466,-0.461046175206822,16.028196754563897,20.516670563099456,84.0182555780933,83,687576.75,3803170.8886916838
6,2024-08-11 14:27:48,2024-08-11 14:33:01,626,312.524,0.023000000000138243,624,0.019169329073482427,0.3388686307137165,6,828.2679712460064,-0.04927507956211779,-3.9272649149154546,0.2624984025559105,2.961493432036873,83.15654952076677,82,111483.172,60178.60674440894
70,2024-09-04 08:54:54,2024-09-04 08:57:18,292,145.498,0.0,290,0.0410958904109589,0.49570959696089834,6,635.1155821917808,-0.08140041489292608,-4.756004793228939,0.0,0.0,36.24657534246575,29,30151.922000000002,31236.490065068498
71,2024-09-04 09:12:01,2024-09-04 09:13:31,183,91.199,0.0,180,0.09289617486338798,0.7240786681932709,6,631.4330601092896,0.013180484931354465,-4.407654492986479,0.0,0.0,40.92896174863388,38,19835.125,12992.645644808741
72,2024-09-04 09:24:38,2024-09-04 10:04:48,4824,2411.651,18.590000000000146,1633,27.815713101160863,24.754465703119205,85,1463.6649564676618,-0.00639717886311158,-0.4345205492014103,12.621266998341625,18.113928529555288,80.84349087893864,42,2130198.266,1176729.7318951078
73,2024-09-04 10:07:06,2024-09-04 11:58:15,13328,6669.565,68.0039999999999,2747,36.81227490996399,30.39360647835869,110,1705.5443614945978,-0.008715919983734654,-0.3526527040228222,14.662781812725092,20.739724740146432,86.2577280912365,86,8363343.031,4918785.635315277
74,2024-09-04 16:05:49,2024-09-04 18:24:39,8848,8329.773,80.46100000000024,2529,33.51164104882459,29.36914180641876,103,1618.7851491862568,-0.0036532719288200587,-0.19001281817348842,12.796237341772153,18.573649189965966,86.18015370705244,45,9187420.938,5426463.048499774
75,2024-09-05 17:13:57,2024-09-05 17:14:13,33,16.0,0.0039999999999054126,31,0.12121212121212122,0.4846116845975598,2,884.3712121212121,-9.692308442612122e-06,-0.0003198461786062,4.896424242424242,14.241485030603162,31.363636363636363,31,7384.813,7001.224848484848
76,2024-09-05 17:14:13,2024-09-05 17:14:30,39,25.0,0.007999999999810825,18,1.5384615384615385,1.5016859620922545,4,1086.75,-0.0016372358821469767,-3.563845977288955,5.358923076923078,14.013786729286524,33.30769230769231,32,15634.046999999999,16712.10658974359
77,2024-09-05 20:06:25,2024-09-05 20:08:36,268,133.778,0.0430000000005748,205,1.1119402985074627,2.2607560558335202,10,845.7630597014926,0.02695459854212809,-1.6545532950951816,9.971123134328359,23.38527859973092,43.55223880597015,36,59382.109,41306.12880597015
78,2024-09-06 00:21:00,2024-09-06 00:47:16,3156,1577.669,12.011999999999716,818,27.435361216730037,22.50155700679452,78,1500.8553548795944,-0.00269014608001078,-0.3679925810279193,13.085215462610899,16.842582991460603,74.29816223067174,30,1351434.484,644628.1340104562
79,2024-09-06 01:10:20,2024-09-06 01:27:26,2056,1027.689,10.557999999999993,283,37.06857976653696,21.936685382554916,86,1802.2062256809338,0.006646806332987055,-0.21735590696764573,14.589460603112839,17.049189388138274,84.24610894941634,85,1032877.516,570066.6031741245
7,2024-08-11 14:33:01,2024-08-11 14:57:19,2914,1458.523,21.426000000000386,246,53.114275909402885,29.463989122941182,119,1815.0584248455732,-0.0043122400084353515,-0.28246722674642016,16.378356211393275,16.835351931021727,84.98798901853122,86,1411561.375,910863.188714825
80,2024-09-06 12:16:24,2024-09-06 12:16:50,60,31.501,0.01599999999962165,36,1.4666666666666666,1.863718414268533,5,980.2625,7.741394584003334e-06,,7.968983333333332,18.11478110431767,29.233333333333334,28,20358.656000000003,14985.55655
81,2024-09-06 13:19:42,2024-09-06 13:38:09,852,425.504,4.902000000000044,55,41.56220657276995,20.924398160247286,77,1855.5965375586854,-0.0235267642178756,-0.3099805947641626,16.858836854460094,20.58577523357999,88.7699530516432,91,466035.125,274625.166298122
82,2024-09-06 13:38:09,2024-09-06 13:47:00,740,369.495,4.480999999999767,146,43.77162162162162,30.329458521383895,99,1880.702027027027,-0.004861921243325826,-0.3597523121562577,15.922466216216216,18.463721277419175,85.81891891891892,93,395162.84400000004,228427.43192432434
83,2024-09-06 13:47:00,2024-09-06 13:52:46,693,346.001,1.3239999999996144,349,13.75036075036075,17.74383440949993,51,1184.7106782106782,-0.027948036190392118,-0.8335627865700771,7.1723795093795095,13.335557519657673,89.41991341991341,88,163707.0,106141.14657142857
84,2024-09-06 13:52:46,2024-09-06 13:52:52,14,6.5,0.0,12,0.8571428571428571,2.178819117607689,6,563.6071428571429,0.2243994752564138,,0.0,0.0,94.92857142857143,94,1241.2190000000119,165372.8862142857
85,2024-09-06 13:52:54,2024-09-06 13:53:16,46,22.5,0.0,44,0.2608695652173913,1.2371074256541728,6,395.2771739130435,0.06829549246934333,,0.0,0.0,93.69565217391305,95,3225.2030000000086,168258.54752173915
86,2024-09-06 13:53:16,2024-09-06 13:53:44,56,27.499,0.0,54,0.21428571428571427,1.1235380110782467,6,628.1160714285714,-0.16829960644231035,-6.283185307179586,0.0,0.0,91.875,93,4765.860000000015,172170.78405357143
87,2024-09-06 13:53:44,2024-09-06 13:54:18,68,33.502,0.0,66,0.17647058823529413,1.0212836007455943,6,383.0882352941176,-0.13859967589366734,-6.283185307179586,0.0,0.0,91.51470588235294,91,4050.9530000000086,177227.90697058817
88,2024-09-06 13:54:18,2024-09-06 13:55:18,122,60.5,0.00800000000072032,108,0.5327868852459017,1.5276213142747732,6,487.80737704918033,0.10300303782261616,-0.43790310932537735,0.7797704918032787,3.9997755655773757,92.48360655737704,92,9551.125,184615.12795081973
89,2024-09-06 23:05:06,2024-09-07 01:04:12,13835,6921.145,86.83599999999933,815,45.32265992049151,25.98193293340263,103,1907.3626852186483,0.0014640274816748173,-0.17005613471957753,18.133039465124686,18.379983763993952,83.73762197325624,32,8484804.281,4058206.3654089626
8,2024-08-11 14:59:41,2024-08-11 15:04:53,628,313.501,0.027000000000043656,625,0.027070063694267517,0.3923913698194292,6,799.7209394904459,-0.031105798790615764,-3.4359371437865414,0.0,0.0,90.27866242038216,89,105303.516,56093.04010509555
90,2024-09-07 01:04:12,2024-09-07 02:26:02,9815,4908.079,118.29300000000057,60,87.35934793683138,22.742535126872312,134,2578.1414416709117,0.0007007328164642825,-0.07952705177779186,27.191138461538465,18.8075834852433,87.01854304635762,94,10380554.297,5202620.689773306
91,2024-09-07 07:51:52,2024-09-07 08:14:23,2708,1353.608,8.96100000000024,843,23.823485967503693,29.05720652332644,93,1469.832440915805,-0.005469353785133077,-0.5789680763542152,11.744002584933531,16.90206851485602,82.15509601181684,40,1021019.672,653834.5040738552
92,2024-09-07 13:27:11,2024-09-07 13:43:59,2016,1009.488,13.528000000000247,198,48.392361111111114,28.5828962232092,100,1980.9413442460318,-0.0032173546995263418,-0.2981462869355674,16.33324107142857,18.761986694695572,78.94642857142857,50,1287127.109,691929.9288090278
93,2024-09-07 18:08:15,2024-09-07 18:31:29,2792,1395.506,6022.652,591,25.398638968481375,23.30714422642633,87,1470.8139326647565,-0.009274963448726956,-0.44248566340945267,13.27761676217765,20.79743954719064,84.24820916905445,65,1294297.906,901795.4935537248
94,2024-09-07 21:30:16,2024-09-07 21:48:30,2139,1095.104,14.886999999999716,219,50.34361851332398,27.610179319493405,101,1742.6962365591398,0.007482584008279054,-0.23162759291688353,17.641253389434315,18.703983875103408,78.52454417952315,50,1111531.938,620108.552546517
95,2024-09-07 21:48:30,2024-09-07 21:48:56,53,26.0,0.0,51,0.22641509433962265,1.1542814853665828,6,320.75,0.010965936621020965,-2.8509953331327376,0.0,0.0,86.83018867924528,86,2841.9530000000004,3702.042509433962
96,2024-09-08 08:09:00,2024-09-08 08:26:22,2088,1043.495,12.324999999999818,294,42.66427203065134,29.973056537577648,102,1651.760296934866,0.004927567126523968,-0.323928953568633,15.822240900383141,17.921968829173597,76.30172413793103,35,1020328.203,639566.0857313218
97,2024-09-08 09:22:17,2024-09-08 09:39:11,2032,1015.488,13.465000000000146,180,47.87204724409449,25.749070647959613,86,1668.1849163385828,0.0009546066102748689,-0.16807208220524944,16.780958661417323,20.834252966800847,82.13041338582677,74,1080459.25,517497.6970068898
98,2024-09-08 09:39:13,2024-09-08 09:40:15,128,63.499,0.03499999999985448,97,2.109375,4.860631459900697,21,908.552734375,0.018208692836822055,-1.5711841777397846,4.357390625,10.802649671490343,86.6875,86,28752.0,1116941.505859375
99,2024-09-08 09:52:54,2024-09-08 09:59:42,820,409.75,4.512000000000626,59,39.68658536585366,21.581898206746747,74,1740.235975609756,0.024066965618076405,-0.12318469514751723,16.557199999999998,20.841701382896357,83.46341463414635,90,457290.032,266054.9048780488
9,2024-08-11 15:05:46,2024-08-11 15:32:01,3146,1575.452,20.625,637,47.29942784488239,34.16294043078839,111,1878.914971392244,-0.0032624829694442047,-0.39410296444977405,15.561965670692942,16.4223456373771,86.51207883026065,95,1515583.656,925951.6177355371
