time,timestamp_received,timestamp,trip,signal,isLive,Battery_voltage,Fuel_level,Intake_manifold_absolute_pressure,Throttle_position,Accelerator_pedal_position,Coolant_temperature,Vehicle_Speed,Engine_speed,Target_air_fuel_ratio,Current_gear_shift_position_(Current_gear),Cumulative_mileage,Clutch_torque,Trip_fuel_consumption,RON_factor,0313,0314,033d,0345,0348,0409,040a,altitude,latitude,longitude,satelites,bearing,angular_speed,correct_altitude,slope
4802497,2024-09-04 17:25:53,2024-09-04 17:25:52,74,45,True,9.571,67.733,179,100.154,55.542,86,77,2462.25,10.5,4.0,5571.199,167.75,6335818.5,0.0,,,,,,,,-7,37.373421,49.358406,12,88.18,-0.0032114058236694,-22.4,0.0
4802997,2024-09-04 17:25:53,2024-09-04 17:25:52,74,45,True,9.571,67.94,177,98.926,52.863,86,78,2490.5,10.6,4.0,5571.211,181.812,6339040.0,0.0,,,,,,,,-7,37.373421,49.358406,12,88.18,0.0,-22.4,0.0
4803497,2024-09-04 17:25:53,2024-09-04 17:25:52,74,45,True,9.643,67.813,173,26.158,39.612,86,80,2555.0,11.6,4.0,5571.223,150.688,6343045.5,0.0,,,,,,,,-7,37.373421,49.358406,12,88.18,0.0,-22.4,0.0
4803997,2024-09-04 17:25:53,2024-09-04 17:25:52,74,45,True,9.786,68.012,90,14.502,29.306,86,81,2579.25,14.5,4.0,5571.234,89.062,6345373.0,0.0,,,,,,,,-7,37.373421,49.358406,12,88.18,0.0,-22.4,0.0
