time,timestamp_received,timestamp,trip,signal,isLive,Battery_voltage,Fuel_level,Intake_manifold_absolute_pressure,Throttle_position,Accelerator_pedal_position,Coolant_temperature,Vehicle_Speed,Engine_speed,Target_air_fuel_ratio,Current_gear_shift_position_(Current_gear),Cumulative_mileage,Clutch_torque,Trip_fuel_consumption,RON_factor,0313,0314,033d,0345,0348,0409,040a,altitude,latitude,longitude,satelites,bearing,angular_speed,correct_altitude,slope
2178491,2024-09-04 16:42:29,2024-09-04 16:42:29,74,80,True,9.0,74.728,41,9.139,0.0,83,18,2370.5,14.5,1.0,5540.785,-30.625,2948133.25,0.0,,,,,,,,58,37.512753,49.140301,12,108.09,-3.742768322898057e-05,42.0,0.0
2178991,2024-09-04 16:42:29,2024-09-04 16:42:29,74,80,True,9.0,75.373,42,8.822,0.0,83,17,2192.25,14.5,1.0,5540.785,-42.0,2948190.0,0.0,,,,,,,,58,37.512753,49.140301,12,108.09,0.0,42.0,0.0
2179491,2024-09-04 16:42:29,2024-09-04 16:42:29,74,80,True,9.071,76.11,37,7.574,11.24,83,16,2105.5,12.4,1.0,5540.789,4.5,2948395.0,0.0,,,,,,,,58,37.512753,49.140301,12,108.09,0.0,42.0,0.0
2179991,2024-09-04 16:42:29,2024-09-04 16:42:29,74,80,True,9.0,75.597,40,7.4,11.307,83,15,1910.5,14.5,1.0,5540.789,5.812,2948840.25,0.0,,,,,,,,58,37.512753,49.140301,12,108.09,0.0,42.0,0.0
