time,timestamp_received,timestamp,trip,signal,isLive,Battery_voltage,Fuel_level,Intake_manifold_absolute_pressure,Throttle_position,Accelerator_pedal_position,Coolant_temperature,Vehicle_Speed,Engine_speed,Target_air_fuel_ratio,Current_gear_shift_position_(Current_gear),Cumulative_mileage,Clutch_torque,Trip_fuel_consumption,RON_factor,0313,0314,033d,0345,0348,0409,040a,altitude,latitude,longitude,satelites,bearing,angular_speed,correct_altitude,slope
2393435,2024-09-23 19:54:23,2024-09-23 19:54:23,182,96,True,8.714,38.922,41,4.143,0.0,92,0,1101.25,14.5,14.0,6718.789,-3.562,412618.938,0.175,,,,,,,,1275,35.715595,51.405128,12,51.91,0.3624001658841026,1245.5,0.0
2393935,2024-09-23 19:54:23,2024-09-23 19:54:23,182,96,True,8.714,38.716,42,4.316,0.0,92,0,995.25,14.5,14.0,6718.789,1.125,412743.594,0.175,,,,,,,,1275,35.715595,51.405128,12,51.91,0.0,1245.5,0.0
2394435,2024-09-23 19:54:23,2024-09-23 19:54:23,182,96,True,8.786,38.139,44,3.828,0.0,92,0,879.25,14.5,14.0,6718.789,3.938,412916.812,0.175,,,,,,,,1275,35.715595,51.405128,12,51.91,0.0,1245.5,0.0
2394935,2024-09-23 19:54:23,2024-09-23 19:54:23,182,96,True,8.786,37.776,44,6.117,21.466,92,0,946.5,14.5,14.0,6718.789,14.438,413087.781,0.175,,,,,,,,1275,35.715595,51.405128,12,51.91,0.0,1245.5,0.0
