time,timestamp_received,timestamp,trip,signal,isLive,Battery_voltage,Fuel_level,Intake_manifold_absolute_pressure,Throttle_position,Accelerator_pedal_position,Coolant_temperature,Vehicle_Speed,Engine_speed,Target_air_fuel_ratio,Current_gear_shift_position_(Current_gear),Cumulative_mileage,Clutch_torque,Trip_fuel_consumption,RON_factor,0313,0314,033d,0345,0348,0409,040a,altitude,latitude,longitude,satelites,bearing,angular_speed,correct_altitude,slope
4690495,2024-09-04 17:24:02,2024-09-04 17:24:02,74,29,True,9.714,65.649,174,100.068,64.49,86,70,3155.0,10.9,3.0,5569.066,185.062,6124878.0,0.0,,,,,,,,-9,37.383556,49.342449,12,175.96,0.0002327105669325,-22.4,0.0
4690995,2024-09-04 17:24:02,2024-09-04 17:24:02,74,29,True,9.571,65.28,149,17.977,0.0,86,72,3271.75,14.6,3.0,5569.078,-2.562,6128671.5,0.0,,,,,,,,-9,37.383556,49.342449,12,175.96,0.0,-22.4,0.0
4691495,2024-09-04 17:24:02,2024-09-04 17:24:02,74,29,True,9.714,65.929,38,3.936,0.0,86,72,2755.0,14.5,4.0,5569.086,-9.312,6130138.5,0.0,,,,,,,,-9,37.383556,49.342449,12,175.96,0.0,-22.4,0.0
4691995,2024-09-04 17:24:02,2024-09-04 17:24:02,74,29,True,9.714,67.179,31,3.381,0.0,86,72,2194.75,14.5,4.0,5569.098,-9.938,6130305.0,0.0,,,,,,,,-9,37.383556,49.342449,12,175.96,0.0,-22.4,0.0
