time,timestamp_received,timestamp,trip,signal,isLive,Battery_voltage,Fuel_level,Intake_manifold_absolute_pressure,Throttle_position,Accelerator_pedal_position,Coolant_temperature,Vehicle_Speed,Engine_speed,Target_air_fuel_ratio,Current_gear_shift_position_(Current_gear),Cumulative_mileage,Clutch_torque,Trip_fuel_consumption,RON_factor,0313,0314,033d,0345,0348,0409,040a,altitude,latitude,longitude,satelites,bearing,angular_speed,correct_altitude,slope
4122494,2024-09-04 17:14:33,2024-09-04 17:14:33,74,32,True,9.643,67.355,53,8.426,24.524,85,58,1920.0,14.5,4.0,5559.363,36.5,5064500.5,0.0,,,,,,,,-9,37.419968,49.276646,12,98.0,0.0192028890806221,-21.9,0.0
4122994,2024-09-04 17:14:33,2024-09-04 17:14:33,74,32,True,9.643,64.934,63,9.961,25.244,85,59,1829.0,14.5,4.0,5559.371,41.625,5064960.0,0.0,,,,,,,,-9,37.419968,49.276646,12,98.0,0.0,-21.9,0.0
4123494,2024-09-04 17:14:33,2024-09-04 17:14:33,74,32,True,9.571,62.636,71,12.166,29.602,86,59,1859.25,14.5,4.0,5559.379,57.375,5065579.5,0.0,,,,,,,,-9,37.419968,49.276646,12,98.0,0.0,-21.9,0.0
4123994,2024-09-04 17:14:33,2024-09-04 17:14:33,74,32,True,9.5,58.53,86,16.197,35.968,85,59,1867.75,14.5,4.0,5559.387,81.625,5066384.0,0.0,,,,,,,,-9,37.419968,49.276646,12,98.0,0.0,-21.9,0.0
