time,timestamp_received,timestamp,trip,signal,isLive,Battery_voltage,Fuel_level,Intake_manifold_absolute_pressure,Throttle_position,Accelerator_pedal_position,Coolant_temperature,Vehicle_Speed,Engine_speed,Target_air_fuel_ratio,Current_gear_shift_position_(Current_gear),Cumulative_mileage,Clutch_torque,Trip_fuel_consumption,RON_factor,0313,0314,033d,0345,0348,0409,040a,altitude,latitude,longitude,satelites,bearing,angular_speed,correct_altitude,slope
232503,2024-09-04 16:09:43,2024-09-04 16:09:43,74,64,True,9.286,85.136,39,7.021,0.0,83,73,1742.25,14.5,5.0,5521.27,-37.125,452868.625,0.0,,,,,,,,48,37.633034,49.035896,10,151.82,-0.0172438530097039,9.4,0.0
233003,2024-09-04 16:09:43,2024-09-04 16:09:43,74,64,True,9.357,85.603,38,6.855,0.0,83,72,1720.75,14.5,5.0,5521.277,-37.188,452868.625,0.0,,,,,,,,48,37.633034,49.035896,10,151.82,0.0,9.4,0.0
233503,2024-09-04 16:09:43,2024-09-04 16:09:43,74,64,True,9.357,86.258,38,6.795,0.0,84,71,1695.5,14.5,5.0,5521.289,-37.312,452868.625,0.0,,,,,,,,48,37.633034,49.035896,10,151.82,0.0,9.4,0.0
234003,2024-09-04 16:09:43,2024-09-04 16:09:43,74,64,True,9.286,85.789,38,6.203,0.0,83,69,1628.25,14.5,5.0,5521.297,-37.25,452868.625,0.0,,,,,,,,48,37.633034,49.035896,10,151.82,0.0,9.4,0.0
