time,timestamp_received,timestamp,trip,signal,isLive,Battery_voltage,Fuel_level,Intake_manifold_absolute_pressure,Throttle_position,Accelerator_pedal_position,Coolant_temperature,Vehicle_Speed,Engine_speed,Target_air_fuel_ratio,Current_gear_shift_position_(Current_gear),Cumulative_mileage,Clutch_torque,Trip_fuel_consumption,RON_factor,0313,0314,033d,0345,0348,0409,040a,altitude,latitude,longitude,satelites,bearing,angular_speed,correct_altitude,slope
7998610,2024-09-04 18:19:09,2024-09-04 18:19:09,74,58,True,9.5,72.691,38,1.994,0.0,90,0,653.0,14.5,13.0,5597.504,0.688,9132954.0,0.0,,,,,,,,1,37.37981,49.568394,12,270.0,0.0,-21.9,0.0
7999110,2024-09-04 18:19:09,2024-09-04 18:19:09,74,58,True,9.5,72.598,39,2.021,0.0,90,0,652.0,14.5,13.0,5597.504,0.438,9133025.0,0.0,,,,,,,,1,37.37981,49.568394,12,270.0,0.0,-21.9,0.0
7999610,2024-09-04 18:19:09,2024-09-04 18:19:09,74,58,True,9.5,72.515,38,2.322,0.0,90,0,665.0,14.5,13.0,5597.504,-2.375,9133119.0,0.0,,,,,,,,1,37.37981,49.568394,12,270.0,0.0,-21.9,0.0
8000110,2024-09-04 18:19:09,2024-09-04 18:19:09,74,58,True,9.5,72.44,38,2.217,0.0,90,0,665.25,14.5,13.0,5597.504,-1.375,9133214.0,0.0,,,,,,,,1,37.37981,49.568394,12,270.0,0.0,-21.9,0.0
