time,timestamp_received,timestamp,trip,signal,isLive,Battery_voltage,Fuel_level,Intake_manifold_absolute_pressure,Throttle_position,Accelerator_pedal_position,Coolant_temperature,Vehicle_Speed,Engine_speed,Target_air_fuel_ratio,Current_gear_shift_position_(Current_gear),Cumulative_mileage,Clutch_torque,Trip_fuel_consumption,RON_factor,0313,0314,033d,0345,0348,0409,040a,altitude,latitude,longitude,satelites,bearing,angular_speed,correct_altitude,slope
476505,2024-09-04 16:13:47,2024-09-04 16:13:47,74,51,True,9.286,84.07,78,22.707,60.995,85,80,2561.0,14.5,4.0,5525.41,87.938,990453.75,0.0,,,,,,,,63,37.603088,49.053188,12,181.54,-0.0548033385126219,35.4,0.0
477005,2024-09-04 16:13:47,2024-09-04 16:13:47,74,51,True,9.214,85.075,112,36.395,87.482,85,80,2563.75,13.9,4.0,5525.422,113.562,991634.375,0.0,,,,,,,,63,37.603088,49.053188,12,181.54,0.0,35.4,0.0
477505,2024-09-04 16:13:47,2024-09-04 16:13:47,74,51,True,9.286,85.195,144,48.521,95.468,85,81,2562.25,11.5,4.0,5525.434,144.75,994045.312,0.0,,,,,,,,63,37.603088,49.053188,12,181.54,0.0,35.4,0.0
478005,2024-09-04 16:13:47,2024-09-04 16:13:47,74,51,True,9.357,85.852,161,90.625,92.062,86,82,2609.0,10.6,4.0,5525.445,158.375,997546.938,0.0,,,,,,,,63,37.603088,49.053188,12,181.54,0.0,35.4,0.0
