time,timestamp_received,timestamp,trip,signal,isLive,Battery_voltage,Fuel_level,Intake_manifold_absolute_pressure,Throttle_position,Accelerator_pedal_position,Coolant_temperature,Vehicle_Speed,Engine_speed,Target_air_fuel_ratio,Current_gear_shift_position_(Current_gear),Cumulative_mileage,Clutch_torque,Trip_fuel_consumption,RON_factor,0313,0314,033d,0345,0348,0409,040a,altitude,latitude,longitude,satelites,bearing,angular_speed,correct_altitude,slope
7858614,2024-09-04 18:16:49,2024-09-04 18:16:49,74,61,True,9.643,73.076,37,2.074,0.0,91,0,643.25,14.5,13.0,5597.504,2.75,9107977.0,0.0,,,,,,,,2,37.379799,49.568382,12,0.0,0.0,-21.9,0.0
7859114,2024-09-04 18:16:49,2024-09-04 18:16:49,74,61,True,9.571,73.063,37,2.016,0.0,92,0,654.75,14.5,13.0,5597.504,2.5,9108040.0,0.0,,,,,,,,2,37.379799,49.568382,12,0.0,0.0,-21.9,0.0
7859614,2024-09-04 18:16:49,2024-09-04 18:16:49,74,61,True,9.643,73.051,37,2.016,0.0,92,0,653.75,14.5,13.0,5597.504,2.5,9108128.0,0.0,,,,,,,,2,37.379799,49.568382,12,0.0,0.0,-21.9,0.0
7860114,2024-09-04 18:16:49,2024-09-04 18:16:49,74,61,True,9.643,73.079,36,2.029,0.0,91,0,645.25,14.5,13.0,5597.504,3.0,9108215.0,0.0,,,,,,,,2,37.379799,49.568382,12,0.0,0.0,-21.9,0.0
