time,timestamp_received,timestamp,trip,signal,isLive,Battery_voltage,Fuel_level,Intake_manifold_absolute_pressure,Throttle_position,Accelerator_pedal_position,Coolant_temperature,Vehicle_Speed,Engine_speed,Target_air_fuel_ratio,Current_gear_shift_position_(Current_gear),Cumulative_mileage,Clutch_torque,Trip_fuel_consumption,RON_factor,0313,0314,033d,0345,0348,0409,040a,altitude,latitude,longitude,satelites,bearing,angular_speed,correct_altitude,slope
3904492,2024-09-04 17:10:55,2024-09-04 17:10:55,74,58,True,9.643,72.777,80,12.939,24.701,87,31,2234.0,14.5,2.0,5556.23,64.188,4714649.5,0.0,,,,,,,,-3,37.429539,49.248314,12,196.06,0.0075398223686155,-14.3,0.0
3904992,2024-09-04 17:10:55,2024-09-04 17:10:55,74,58,True,9.643,72.01,55,7.158,0.0,87,32,2295.0,14.5,2.0,5556.234,-0.875,4715399.0,0.0,,,,,,,,-3,37.429539,49.248314,12,196.06,0.0,-14.3,0.0
3905492,2024-09-04 17:10:55,2024-09-04 17:10:55,74,58,True,9.571,72.691,34,7.072,0.0,87,32,2202.75,14.5,2.0,5556.238,-9.125,4715751.5,0.0,,,,,,,,-3,37.429539,49.248314,12,196.06,0.0,-14.3,0.0
3905992,2024-09-04 17:10:55,2024-09-04 17:10:55,74,58,True,9.571,73.422,34,5.9,0.0,87,32,1897.75,14.5,2.0,5556.242,-10.75,4716038.5,0.0,,,,,,,,-3,37.429539,49.248314,12,196.06,0.0,-14.3,0.0
