time,timestamp_received,timestamp,trip,signal,isLive,Battery_voltage,Fuel_level,Intake_manifold_absolute_pressure,Throttle_position,Accelerator_pedal_position,Coolant_temperature,Vehicle_Speed,Engine_speed,Target_air_fuel_ratio,Current_gear_shift_position_(Current_gear),Cumulative_mileage,Clutch_torque,Trip_fuel_consumption,RON_factor,0313,0314,033d,0345,0348,0409,040a,altitude,latitude,longitude,satelites,bearing,angular_speed,correct_altitude,slope
2820493,2024-09-04 16:52:51,2024-09-04 16:52:51,74,80,True,9.5,78.191,40,8.432,0.0,84,79,2496.75,14.5,4.0,5542.547,-39.125,3378055.75,0.0,,,,,,,,40,37.507683,49.15984,12,107.61,-0.0066322511575783,23.7,0.0
2820993,2024-09-04 16:52:51,2024-09-04 16:52:51,74,80,True,9.571,78.49,41,8.516,0.0,84,77,2444.0,14.5,4.0,5542.547,-37.938,3378055.75,0.0,,,,,,,,40,37.507683,49.15984,12,107.61,0.0,23.7,0.0
2821493,2024-09-04 16:52:51,2024-09-04 16:52:51,74,80,True,9.571,78.915,48,8.059,0.0,84,75,2377.25,14.5,4.0,5542.559,-37.812,3378055.75,0.0,,,,,,,,40,37.507683,49.15984,12,107.61,0.0,23.7,0.0
2821993,2024-09-04 16:52:51,2024-09-04 16:52:51,74,80,True,9.571,79.455,46,7.721,0.0,84,73,2307.75,14.5,4.0,5542.57,-37.625,3378055.75,0.0,,,,,,,,40,37.507683,49.15984,12,107.61,0.0,23.7,0.0
