time,timestamp_received,timestamp,trip,signal,isLive,Battery_voltage,Fuel_level,Intake_manifold_absolute_pressure,Throttle_position,Accelerator_pedal_position,Coolant_temperature,Vehicle_Speed,Engine_speed,Target_air_fuel_ratio,Current_gear_shift_position_(Current_gear),Cumulative_mileage,Clutch_torque,Trip_fuel_consumption,RON_factor,0313,0314,033d,0345,0348,0409,040a,altitude,latitude,longitude,satelites,bearing,angular_speed,correct_altitude,slope
8296605,2024-09-04 18:24:07,2024-09-04 18:24:07,74,61,True,9.571,72.916,37,1.953,0.0,89,0,635.5,14.5,13.0,5597.504,3.875,9186064.0,0.0,,,,,,,,0,37.379807,49.568424,12,180.0,0.0,-21.9,0.0
8297105,2024-09-04 18:24:07,2024-09-04 18:24:07,74,61,True,9.643,72.919,38,2.1,0.0,89,0,650.0,14.5,13.0,5597.504,0.688,9186136.0,0.0,,,,,,,,0,37.379807,49.568424,12,180.0,0.0,-21.9,0.0
8297605,2024-09-04 18:24:07,2024-09-04 18:24:07,74,61,True,9.643,72.921,36,1.75,0.0,89,0,644.75,14.5,13.0,5597.504,1.188,9186230.0,0.0,,,,,,,,0,37.379807,49.568424,12,180.0,0.0,-21.9,0.0
8298105,2024-09-04 18:24:07,2024-09-04 18:24:07,74,61,True,9.643,72.923,36,2.016,0.0,88,0,659.0,14.5,13.0,5597.504,1.0,9186318.0,0.0,,,,,,,,0,37.379807,49.568424,12,180.0,0.0,-21.9,0.0
