time,timestamp_received,timestamp,trip,signal,isLive,Battery_voltage,Fuel_level,Intake_manifold_absolute_pressure,Throttle_position,Accelerator_pedal_position,Coolant_temperature,Vehicle_Speed,Engine_speed,Target_air_fuel_ratio,Current_gear_shift_position_(Current_gear),Cumulative_mileage,Clutch_torque,Trip_fuel_consumption,RON_factor,0313,0314,033d,0345,0348,0409,040a,altitude,latitude,longitude,satelites,bearing,angular_speed,correct_altitude,slope
2680491,2024-09-04 16:50:31,2024-09-04 16:50:30,74,45,True,9.143,76.169,51,4.256,0.0,83,0,858.75,14.5,13.0,5541.082,-2.688,3206051.5,0.0,,,,,,,,55,37.511822,49.143913,12,270.0,1.142701967865728,39.3,0.0
2680991,2024-09-04 16:50:31,2024-09-04 16:50:30,74,45,True,9.0,76.16,51,4.238,0.0,84,0,856.25,14.5,13.0,5541.082,-2.75,3206214.75,0.0,,,,,,,,55,37.511822,49.143913,12,270.0,0.0,39.3,0.0
2681491,2024-09-04 16:50:31,2024-09-04 16:50:30,74,45,True,9.071,76.152,51,4.205,0.0,84,0,853.5,14.5,13.0,5541.082,-2.688,3206407.5,0.0,,,,,,,,55,37.511822,49.143913,12,270.0,0.0,39.3,0.0
2681991,2024-09-04 16:50:31,2024-09-04 16:50:30,74,45,True,9.143,76.144,51,4.152,0.0,84,0,859.5,14.5,13.0,5541.082,-2.812,3206601.5,0.0,,,,,,,,55,37.511822,49.143913,12,270.0,0.0,39.3,0.0
