time,timestamp_received,timestamp,trip,signal,isLive,Battery_voltage,Fuel_level,Intake_manifold_absolute_pressure,Throttle_position,Accelerator_pedal_position,Coolant_temperature,Vehicle_Speed,Engine_speed,Target_air_fuel_ratio,Current_gear_shift_position_(Current_gear),Cumulative_mileage,Clutch_torque,Trip_fuel_consumption,RON_factor,0313,0314,033d,0345,0348,0409,040a,altitude,latitude,longitude,satelites,bearing,angular_speed,correct_altitude,slope
4492497,2024-09-04 17:22:02,2024-09-04 17:22:01,74,-1,True,9.786,73.593,35,4.316,0.0,86,66,2064.0,14.5,4.0,5566.125,-12.312,5833352.5,0.0,,,,,,,,-9,37.393375,49.321144,12,56.04,0.0003823102171035,-17.5,0.0
4492997,2024-09-04 17:22:02,2024-09-04 17:22:01,74,-1,True,9.714,73.999,38,4.125,0.0,86,65,2069.75,13.7,4.0,5566.133,-20.062,5833430.5,0.0,,,,,,,,-9,37.393375,49.321144,12,56.04,0.0,-17.5,0.0
4493497,2024-09-04 17:22:02,2024-09-04 17:22:01,74,-1,True,9.786,74.56,36,3.762,14.932,86,65,2031.5,14.5,4.0,5566.141,15.25,5833580.0,0.0,,,,,,,,-9,37.393375,49.321144,12,56.04,0.0,-17.5,0.0
4493997,2024-09-04 17:22:02,2024-09-04 17:22:01,74,-1,True,9.714,74.79,38,5.312,14.932,86,65,2047.0,14.5,4.0,5566.152,25.438,5833906.5,0.0,,,,,,,,-9,37.393375,49.321144,12,56.04,0.0,-17.5,0.0
