time,timestamp_received,timestamp,trip,signal,isLive,Battery_voltage,Fuel_level,Intake_manifold_absolute_pressure,Throttle_position,Accelerator_pedal_position,Coolant_temperature,Vehicle_Speed,Engine_speed,Target_air_fuel_ratio,Current_gear_shift_position_(Current_gear),Cumulative_mileage,Clutch_torque,Trip_fuel_consumption,RON_factor,0313,0314,033d,0345,0348,0409,040a,altitude,latitude,longitude,satelites,bearing,angular_speed,correct_altitude,slope
753388,2024-08-19 07:58:37,2024-08-19 07:58:32,23,67,True,9.286,19.986,31,9.967,5.64,86,91,2875.75,14.5,4.0,4890.07,-4.062,780143.125,0.316,,,,,,,,1244,35.724625,51.163288,12,103.52,0.011938052083641,1219.6,0.0
753888,2024-08-19 07:58:37,2024-08-19 07:58:32,23,67,True,9.286,20.536,32,10.76,8.13,86,91,2870.75,14.5,4.0,4890.086,0.625,780441.0,0.316,,,,,,,,1244,35.724625,51.163288,12,103.52,0.0,1219.6,0.0
754388,2024-08-19 07:58:37,2024-08-19 07:58:32,23,67,True,9.214,21.11,32,10.537,11.667,86,90,2851.5,14.5,4.0,4890.098,-0.312,780831.0,0.316,,,,,,,,1244,35.724625,51.163288,12,103.52,0.0,1219.6,0.0
754888,2024-08-19 07:58:37,2024-08-19 07:58:32,23,67,True,9.214,21.627,31,9.975,6.195,86,90,2835.25,14.5,4.0,4890.109,-4.375,781202.25,0.316,,,,,,,,1244,35.724625,51.163288,12,103.52,0.0,1219.6,0.0
