time,timestamp_received,timestamp,trip,signal,isLive,Battery_voltage,Fuel_level,Intake_manifold_absolute_pressure,Throttle_position,Accelerator_pedal_position,Coolant_temperature,Vehicle_Speed,Engine_speed,Target_air_fuel_ratio,Current_gear_shift_position_(Current_gear),Cumulative_mileage,Clutch_torque,Trip_fuel_consumption,RON_factor,0313,0314,033d,0345,0348,0409,040a,altitude,latitude,longitude,satelites,bearing,angular_speed,correct_altitude,slope
1229387,2024-08-19 08:06:32,2024-08-19 08:06:28,23,93,True,9.286,24.659,36,7.17,12.946,88,49,1556.25,14.5,4.0,4899.488,2.812,1351168.0,0.216,,,,,,,,1242,35.705467,51.264683,12,104.33,-0.0081681408993335,1239.8,0.0
1229887,2024-08-19 08:06:32,2024-08-19 08:06:28,23,93,True,9.214,24.859,37,8.633,11.392,88,49,1539.75,14.5,4.0,4899.496,7.188,1351409.75,0.216,,,,,,,,1242,35.705467,51.264683,12,104.33,0.0,1239.8,0.0
1230387,2024-08-19 08:06:32,2024-08-19 08:06:28,23,93,True,9.214,24.569,40,8.633,11.392,88,49,1559.25,14.5,4.0,4899.5,9.562,1351717.0,0.216,,,,,,,,1242,35.705467,51.264683,12,104.33,0.0,1239.8,0.0
1230887,2024-08-19 08:06:32,2024-08-19 08:06:28,23,93,True,9.214,23.877,37,6.766,0.491,88,49,1536.5,14.5,4.0,4899.508,0.312,1352013.75,0.216,,,,,,,,1242,35.705467,51.264683,12,104.33,0.0,1239.8,0.0
