time,timestamp_received,timestamp,trip,signal,isLive,Battery_voltage,Fuel_level,Intake_manifold_absolute_pressure,Throttle_position,Accelerator_pedal_position,Coolant_temperature,Vehicle_Speed,Engine_speed,Target_air_fuel_ratio,Current_gear_shift_position_(Current_gear),Cumulative_mileage,Clutch_torque,Trip_fuel_consumption,RON_factor,0313,0314,033d,0345,0348,0409,040a,altitude,latitude,longitude,satelites,bearing,angular_speed,correct_altitude,slope
1314411,2024-09-23 19:36:25,2024-09-23 19:36:25,181,70,True,9.357,43.134,35,4.91,0.0,83,23,1727.75,14.5,2.0,6715.742,-7.75,914895.25,0.175,,,,,,,,1236,35.702713,51.388672,12,85.45,-0.0095644043009289,1218.4,0.0
1314911,2024-09-23 19:36:25,2024-09-23 19:36:25,181,70,True,9.071,43.565,32,4.17,0.0,84,22,1614.0,14.5,2.0,6715.742,-8.438,915040.062,0.175,,,,,,,,1236,35.702713,51.388672,12,85.45,0.0,1218.4,0.0
1315411,2024-09-23 19:36:25,2024-09-23 19:36:25,181,70,True,9.429,44.111,30,3.625,4.819,84,21,1549.75,14.5,2.0,6715.746,-0.688,915191.438,0.175,,,,,,,,1236,35.702713,51.388672,12,85.45,0.0,1218.4,0.0
1315911,2024-09-23 19:36:25,2024-09-23 19:36:25,181,70,True,9.214,43.974,30,4.818,20.175,84,21,1526.75,14.5,2.0,6715.746,9.562,915335.188,0.175,,,,,,,,1236,35.702713,51.388672,12,85.45,0.0,1218.4,0.0
