time,timestamp_received,timestamp,trip,signal,isLive,Battery_voltage,Fuel_level,Intake_manifold_absolute_pressure,Throttle_position,Accelerator_pedal_position,Coolant_temperature,Vehicle_Speed,Engine_speed,Target_air_fuel_ratio,Current_gear_shift_position_(Current_gear),Cumulative_mileage,Clutch_torque,Trip_fuel_consumption,RON_factor,0313,0314,033d,0345,0348,0409,040a,altitude,latitude,longitude,satelites,bearing,angular_speed,correct_altitude,slope
3462493,2024-09-04 17:03:33,2024-09-04 17:03:33,74,25,True,9.571,75.751,36,3.828,0.0,87,12,1197.25,14.5,1.0,5551.348,-12.688,4187298.5,0.0,,,,,,,,0,37.464531,49.227573,12,124.15,0.0041887902047865,-15.1,0.0
3462993,2024-09-04 17:03:33,2024-09-04 17:03:33,74,25,True,9.571,77.0,39,2.6,0.0,87,10,1021.75,14.5,1.0,5551.348,-7.062,4187423.0,0.0,,,,,,,,0,37.464531,49.227573,12,124.15,0.0,-15.1,0.0
3463493,2024-09-04 17:03:33,2024-09-04 17:03:33,74,25,True,9.571,77.104,40,3.535,0.0,86,10,911.25,14.5,1.0,5551.352,-0.25,4187569.25,0.0,,,,,,,,0,37.464531,49.227573,12,124.15,0.0,-15.1,0.0
3463993,2024-09-04 17:03:33,2024-09-04 17:03:33,74,25,True,9.571,77.079,41,3.301,0.0,86,9,918.5,14.5,1.0,5551.352,-4.5,4187724.5,0.0,,,,,,,,0,37.464531,49.227573,12,124.15,0.0,-15.1,0.0
