time,timestamp_received,timestamp,trip,signal,isLive,Battery_voltage,Fuel_level,Intake_manifold_absolute_pressure,Throttle_position,Accelerator_pedal_position,Coolant_temperature,Vehicle_Speed,Engine_speed,Target_air_fuel_ratio,Current_gear_shift_position_(Current_gear),Cumulative_mileage,Clutch_torque,Trip_fuel_consumption,RON_factor,0313,0314,033d,0345,0348,0409,040a,altitude,latitude,longitude,satelites,bearing,angular_speed,correct_altitude,slope
3232495,2024-09-04 16:59:43,2024-09-04 16:59:43,74,41,True,9.071,75.082,160,99.855,49.167,86,78,2465.5,11.0,4.0,5547.598,138.562,3893223.0,0.0,,,,,,,,12,37.477867,49.192585,12,164.97,-0.0032114058236696,8.7,0.0
3232995,2024-09-04 16:59:43,2024-09-04 16:59:43,74,41,True,9.071,74.986,164,57.219,43.372,85,79,2510.75,11.0,4.0,5547.609,143.688,3895994.25,0.0,,,,,,,,12,37.477867,49.192585,12,164.97,0.0,8.7,0.0
3233495,2024-09-04 16:59:43,2024-09-04 16:59:43,74,41,True,9.071,74.938,152,47.734,39.923,85,80,2533.5,11.8,4.0,5547.617,133.938,3899302.5,0.0,,,,,,,,12,37.477867,49.192585,12,164.97,0.0,8.7,0.0
3233995,2024-09-04 16:59:43,2024-09-04 16:59:43,74,41,True,9.071,74.189,119,16.934,14.908,85,81,2572.75,14.5,4.0,5547.629,84.5,3902074.75,0.0,,,,,,,,12,37.477867,49.192585,12,164.97,0.0,8.7,0.0
