time,timestamp_received,timestamp,trip,signal,isLive,Battery_voltage,Fuel_level,Intake_manifold_absolute_pressure,Throttle_position,Accelerator_pedal_position,Coolant_temperature,Vehicle_Speed,Engine_speed,Target_air_fuel_ratio,Current_gear_shift_position_(Current_gear),Cumulative_mileage,Clutch_torque,Trip_fuel_consumption,RON_factor,0313,0314,033d,0345,0348,0409,040a,altitude,latitude,longitude,satelites,bearing,angular_speed,correct_altitude,slope
516505,2024-09-04 16:14:27,2024-09-04 16:14:27,74,29,True,9.214,84.461,36,6.348,0.0,86,67,1891.5,14.5,4.0,5526.301,-8.375,1077800.625,0.0,,,,,,,,62,37.596569,49.058643,12,131.99,-0.0401425727958695,36.2,0.0
517005,2024-09-04 16:14:27,2024-09-04 16:14:27,74,29,True,9.214,84.289,34,5.615,0.0,85,67,1687.25,14.5,5.0,5526.309,-7.438,1078037.75,0.0,,,,,,,,62,37.596569,49.058643,12,131.99,0.0,36.2,0.0
517505,2024-09-04 16:14:27,2024-09-04 16:14:27,74,29,True,9.214,84.292,38,6.201,0.0,86,67,1503.75,14.5,5.0,5526.32,-0.562,1078284.0,0.0,,,,,,,,62,37.596569,49.058643,12,131.99,0.0,36.2,0.0
518005,2024-09-04 16:14:27,2024-09-04 16:14:27,74,29,True,9.214,84.647,39,5.584,0.0,85,64,1394.5,14.5,6.0,5526.328,-22.25,1078539.25,0.0,,,,,,,,62,37.596569,49.058643,12,131.99,0.0,36.2,0.0
