time,timestamp_received,timestamp,trip,signal,isLive,Battery_voltage,Fuel_level,Intake_manifold_absolute_pressure,Throttle_position,Accelerator_pedal_position,Coolant_temperature,Vehicle_Speed,Engine_speed,Target_air_fuel_ratio,Current_gear_shift_position_(Current_gear),Cumulative_mileage,Clutch_torque,Trip_fuel_consumption,RON_factor,0313,0314,033d,0345,0348,0409,040a,altitude,latitude,longitude,satelites,bearing,angular_speed,correct_altitude,slope
4678495,2024-09-04 17:23:51,2024-09-04 17:23:51,74,29,True,9.571,74.4,48,3.258,0.0,86,33,695.0,14.5,5.0,5568.91,12.312,6078854.0,0.0,,,,,,,,-8,37.38501,49.342319,12,175.68,-0.0004188790204786,-22.6,0.0
4678995,2024-09-04 17:23:51,2024-09-04 17:23:51,74,29,True,9.5,74.411,47,4.922,33.942,86,34,824.5,14.5,4.0,5568.918,16.625,6078971.5,0.0,,,,,,,,-8,37.38501,49.342319,12,175.68,0.0,-22.6,0.0
4679495,2024-09-04 17:23:51,2024-09-04 17:23:51,74,29,True,9.571,74.813,55,9.914,16.229,86,33,1776.0,14.5,2.0,5568.922,31.25,6079233.0,0.0,,,,,,,,-8,37.38501,49.342319,12,175.68,0.0,-22.6,0.0
4679995,2024-09-04 17:23:51,2024-09-04 17:23:51,74,29,True,9.571,74.626,61,10.873,16.599,86,32,2387.25,14.5,2.0,5568.926,37.812,6079722.0,0.0,,,,,,,,-8,37.38501,49.342319,12,175.68,0.0,-22.6,0.0
