time,timestamp_received,timestamp,trip,signal,isLive,Battery_voltage,Fuel_level,Intake_manifold_absolute_pressure,Throttle_position,Accelerator_pedal_position,Coolant_temperature,Vehicle_Speed,Engine_speed,Target_air_fuel_ratio,Current_gear_shift_position_(Current_gear),Cumulative_mileage,Clutch_torque,Trip_fuel_consumption,RON_factor,0313,0314,033d,0345,0348,0409,040a,altitude,latitude,longitude,satelites,bearing,angular_speed,correct_altitude,slope
6508614,2024-09-04 17:54:19,2024-09-04 17:54:19,74,90,True,9.143,69.356,65,10.539,0.0,89,54,2453.5,14.5,3.0,5590.238,10.0,8230884.5,0.0,,,,,,,,-8,37.348057,49.55209,12,20.18,-0.0057944931166212,-20.7,0.0
6509114,2024-09-04 17:54:19,2024-09-04 17:54:19,74,90,True,9.357,70.068,53,8.74,0.0,88,54,2461.5,14.5,3.0,5590.246,-4.0,8231390.0,0.0,,,,,,,,-8,37.348057,49.55209,12,20.18,0.0,-20.7,0.0
6509614,2024-09-04 17:54:19,2024-09-04 17:54:19,74,90,True,9.5,70.826,47,7.992,0.0,88,54,2405.5,14.5,3.0,5590.25,-25.375,8231911.0,0.0,,,,,,,,-8,37.348057,49.55209,12,20.18,0.0,-20.7,0.0
6510114,2024-09-04 17:54:19,2024-09-04 17:54:19,74,90,True,9.429,71.508,48,6.807,13.763,88,53,2406.25,12.5,3.0,5590.258,9.688,8232060.0,0.0,,,,,,,,-8,37.348057,49.55209,12,20.18,0.0,-20.7,0.0
