time,timestamp_received,timestamp,trip,signal,isLive,Battery_voltage,Fuel_level,Intake_manifold_absolute_pressure,Throttle_position,Accelerator_pedal_position,Coolant_temperature,Vehicle_Speed,Engine_speed,Target_air_fuel_ratio,Current_gear_shift_position_(Current_gear),Cumulative_mileage,Clutch_torque,Trip_fuel_consumption,RON_factor,0313,0314,033d,0345,0348,0409,040a,altitude,latitude,longitude,satelites,bearing,angular_speed,correct_altitude,slope
1871429,2024-09-23 19:45:40,2024-09-23 19:45:40,182,100,True,8.857,41.082,92,39.264,39.932,84,0,1374.5,14.4,13.0,6716.203,53.188,7180.297,0.175,,,,,,,,1255,35.704914,51.39064,12,180.0,0.0,1221.1,0.0
1871929,2024-09-23 19:45:40,2024-09-23 19:45:40,182,100,True,8.857,41.092,85,22.549,27.228,86,0,1912.5,14.4,13.0,6716.203,52.75,7907.734,0.175,,,,,,,,1255,35.704914,51.39064,12,180.0,0.0,1221.1,0.0
1872429,2024-09-23 19:45:40,2024-09-23 19:45:40,182,100,True,8.857,40.316,97,23.771,25.537,87,0,2179.25,14.4,13.0,6716.203,61.812,8950.484,0.175,,,,,,,,1255,35.704914,51.39064,12,180.0,0.0,1221.1,0.0
1872929,2024-09-23 19:45:40,2024-09-23 19:45:40,182,100,True,8.857,40.245,62,12.744,13.751,86,0,2439.25,14.4,13.0,6716.203,22.812,9987.0,0.175,,,,,,,,1255,35.704914,51.39064,12,180.0,0.0,1221.1,0.0
