time,timestamp_received,timestamp,trip,signal,isLive,Battery_voltage,Fuel_level,Intake_manifold_absolute_pressure,Throttle_position,Accelerator_pedal_position,Coolant_temperature,Vehicle_Speed,Engine_speed,Target_air_fuel_ratio,Current_gear_shift_position_(Current_gear),Cumulative_mileage,Clutch_torque,Trip_fuel_consumption,RON_factor,0313,0314,033d,0345,0348,0409,040a,altitude,latitude,longitude,satelites,bearing,angular_speed,correct_altitude,slope
813388,2024-08-19 07:59:37,2024-08-19 07:59:32,23,80,True,9.429,19.377,107,41.0,39.221,86,25,3372.75,13.9,1.0,4890.828,133.75,817329.688,0.316,,,,,,,,1242,35.72316,51.171101,12,103.02,-0.0024434609527922,1219.4,0.0
813888,2024-08-19 07:59:37,2024-08-19 07:59:32,23,80,True,9.429,17.91,31,5.898,0.0,86,30,3483.5,14.5,1.0,4890.828,-4.625,819350.375,0.316,,,,,,,,1242,35.72316,51.171101,12,103.02,0.0,1219.4,0.0
814388,2024-08-19 07:59:37,2024-08-19 07:59:32,23,80,True,9.429,17.178,22,4.873,0.0,86,30,2787.0,14.5,2.0,4890.836,-15.125,819515.375,0.316,,,,,,,,1242,35.72316,51.171101,12,103.02,0.0,1219.4,0.0
814888,2024-08-19 07:59:37,2024-08-19 07:59:32,23,80,True,9.286,16.911,20,3.578,0.0,85,30,2113.0,14.5,2.0,4890.84,-16.688,819679.25,0.316,,,,,,,,1242,35.72316,51.171101,12,103.02,0.0,1219.4,0.0
