time,timestamp_received,timestamp,trip,signal,isLive,Battery_voltage,Fuel_level,Intake_manifold_absolute_pressure,Throttle_position,Accelerator_pedal_position,Coolant_temperature,Vehicle_Speed,Engine_speed,Target_air_fuel_ratio,Current_gear_shift_position_(Current_gear),Cumulative_mileage,Clutch_torque,Trip_fuel_consumption,RON_factor,0313,0314,033d,0345,0348,0409,040a,altitude,latitude,longitude,satelites,bearing,angular_speed,correct_altitude,slope
1752499,2024-09-04 16:35:09,2024-09-04 16:35:09,74,-1,True,8.929,78.827,50,4.01,0.0,84,0,851.0,14.5,13.0,5540.527,-3.188,2736125.25,0.0,,,,,,,,60,37.513515,49.137344,12,90.0,0.0,41.9,0.0
1752999,2024-09-04 16:35:09,2024-09-04 16:35:09,74,-1,True,8.929,78.827,49,3.979,0.0,84,0,861.75,14.5,13.0,5540.527,-3.188,2736276.5,0.0,,,,,,,,60,37.513515,49.137344,12,90.0,0.0,41.9,0.0
1753499,2024-09-04 16:35:09,2024-09-04 16:35:09,74,-1,True,9.0,78.827,49,4.107,0.0,84,0,853.75,14.5,13.0,5540.527,-3.25,2736467.5,0.0,,,,,,,,60,37.513515,49.137344,12,90.0,0.0,41.9,0.0
1753999,2024-09-04 16:35:09,2024-09-04 16:35:09,74,-1,True,9.0,78.826,50,4.039,0.0,84,0,847.75,14.5,13.0,5540.527,-3.125,2736654.25,0.0,,,,,,,,60,37.513515,49.137344,12,90.0,0.0,41.9,0.0
