time,timestamp_received,timestamp,trip,signal,isLive,Battery_voltage,Fuel_level,Intake_manifold_absolute_pressure,Throttle_position,Accelerator_pedal_position,Coolant_temperature,Vehicle_Speed,Engine_speed,Target_air_fuel_ratio,Current_gear_shift_position_(Current_gear),Cumulative_mileage,Clutch_torque,Trip_fuel_consumption,RON_factor,0313,0314,033d,0345,0348,0409,040a,altitude,latitude,longitude,satelites,bearing,angular_speed,correct_altitude,slope
3740492,2024-09-04 17:08:11,2024-09-04 17:08:11,74,64,True,9.571,74.037,130,20.086,26.81,86,77,2427.75,13.7,4.0,5553.855,101.25,4532486.5,0.0,,,,,,,,-5,37.450233,49.24728,12,174.13,0.0103323491718063,-18.5,0.0
3740992,2024-09-04 17:08:11,2024-09-04 17:08:11,74,64,True,9.643,73.104,80,14.443,25.54,87,77,2453.5,14.5,4.0,5553.867,65.5,4533496.0,0.0,,,,,,,,-5,37.450233,49.24728,12,174.13,0.0,-18.5,0.0
3741492,2024-09-04 17:08:11,2024-09-04 17:08:11,74,64,True,9.643,73.284,66,13.496,27.56,87,78,2461.75,14.5,4.0,5553.879,48.25,4534212.0,0.0,,,,,,,,-5,37.450233,49.24728,12,174.13,0.0,-18.5,0.0
3741991,2024-09-04 17:08:11,2024-09-04 17:08:11,74,64,True,9.643,73.446,79,17.828,39.581,87,78,2475.25,14.5,4.0,5553.891,77.625,4534996.0,0.0,,,,,,,,-5,37.450233,49.24728,12,174.13,0.0,-18.5,0.0
