time,timestamp_received,timestamp,trip,signal,isLive,Battery_voltage,Fuel_level,Intake_manifold_absolute_pressure,Throttle_position,Accelerator_pedal_position,Coolant_temperature,Vehicle_Speed,Engine_speed,Target_air_fuel_ratio,Current_gear_shift_position_(Current_gear),Cumulative_mileage,Clutch_torque,Trip_fuel_consumption,RON_factor,0313,0314,033d,0345,0348,0409,040a,altitude,latitude,longitude,satelites,bearing,angular_speed,correct_altitude,slope
1432410,2024-09-23 19:38:21,2024-09-23 19:38:21,181,67,True,8.786,38.869,63,6.371,0.0,85,0,881.25,14.5,13.0,6716.195,-7.188,994208.688,0.175,,,,,,,,1253,35.705029,51.390659,12,349.49,-0.0120078652537207,1224.5,0.0
1432910,2024-09-23 19:38:21,2024-09-23 19:38:21,181,67,True,8.714,38.942,62,6.371,0.0,85,0,881.0,14.5,13.0,6716.195,-6.562,994395.0,0.175,,,,,,,,1253,35.705029,51.390659,12,349.49,0.0,1224.5,0.0
1433410,2024-09-23 19:38:21,2024-09-23 19:38:21,181,67,True,8.929,39.323,62,6.371,0.0,85,0,883.75,14.5,13.0,6716.195,-6.812,994612.125,0.175,,,,,,,,1253,35.705029,51.390659,12,349.49,0.0,1224.5,0.0
1433910,2024-09-23 19:38:21,2024-09-23 19:38:21,181,67,True,8.714,39.547,93,26.059,53.433,85,0,1002.0,14.5,13.0,6716.195,47.0,994874.938,0.175,,,,,,,,1253,35.705029,51.390659,12,349.49,0.0,1224.5,0.0
