time,timestamp_received,timestamp,trip,signal,isLive,Battery_voltage,Fuel_level,Intake_manifold_absolute_pressure,Throttle_position,Accelerator_pedal_position,Coolant_temperature,Vehicle_Speed,Engine_speed,Target_air_fuel_ratio,Current_gear_shift_position_(Current_gear),Cumulative_mileage,Clutch_torque,Trip_fuel_consumption,RON_factor,0313,0314,033d,0345,0348,0409,040a,altitude,latitude,longitude,satelites,bearing,angular_speed,correct_altitude,slope
5206610,2024-09-04 17:32:37,2024-09-04 17:32:37,74,45,True,9.571,67.66,90,13.586,28.751,88,32,2370.0,14.5,2.0,5577.207,90.562,6915541.5,0.0,,,,,,,,-6,37.353268,49.42033,12,114.8,-0.0132075232619222,-16.0,0.0
5207110,2024-09-04 17:32:37,2024-09-04 17:32:37,74,45,True,9.571,67.953,86,13.184,28.287,88,34,2441.25,14.5,2.0,5577.211,85.562,6916333.0,0.0,,,,,,,,-6,37.353268,49.42033,12,114.8,0.0,-16.0,0.0
5207610,2024-09-04 17:32:37,2024-09-04 17:32:37,74,45,True,9.714,67.589,82,12.979,28.064,88,36,2591.25,14.5,2.0,5577.219,80.688,6917449.5,0.0,,,,,,,,-6,37.353268,49.42033,12,114.8,0.0,-16.0,0.0
5208110,2024-09-04 17:32:37,2024-09-04 17:32:37,74,45,True,9.714,67.3,78,12.871,28.064,88,37,2730.5,14.5,2.0,5577.223,76.125,6918511.0,0.0,,,,,,,,-6,37.353268,49.42033,12,114.8,0.0,-16.0,0.0
