time,timestamp_received,timestamp,trip,signal,isLive,Battery_voltage,Fuel_level,Intake_manifold_absolute_pressure,Throttle_position,Accelerator_pedal_position,Coolant_temperature,Vehicle_Speed,Engine_speed,Target_air_fuel_ratio,Current_gear_shift_position_(Current_gear),Cumulative_mileage,Clutch_torque,Trip_fuel_consumption,RON_factor,0313,0314,033d,0345,0348,0409,040a,altitude,latitude,longitude,satelites,bearing,angular_speed,correct_altitude,slope
6302609,2024-09-04 17:50:55,2024-09-04 17:50:55,74,51,True,9.571,72.037,88,18.389,42.093,87,45,2029.25,14.5,3.0,5588.816,88.25,8072795.5,0.0,,,,,,,,-9,37.342293,49.540104,12,71.01,0.0043284165449459,-21.2,0.0
6303109,2024-09-04 17:50:56,2024-09-04 17:50:55,74,51,True,9.571,72.206,104,20.354,29.944,87,45,2055.25,14.5,3.0,5588.824,94.438,8073752.0,0.0,,,,,,,,-9,37.342293,49.540104,12,71.01,0.0,-21.2,0.0
6303609,2024-09-04 17:50:56,2024-09-04 17:50:55,74,51,True,9.5,71.181,90,14.266,26.538,87,47,2119.75,14.5,3.0,5588.832,77.375,8074943.0,0.0,,,,,,,,-9,37.342293,49.540104,12,71.01,0.0,-21.2,0.0
6304109,2024-09-04 17:50:56,2024-09-04 17:50:55,74,51,True,9.5,71.083,82,13.623,25.272,87,48,2186.75,14.5,3.0,5588.836,70.062,8075946.0,0.0,,,,,,,,-9,37.342293,49.540104,12,71.01,0.0,-21.2,0.0
