time,timestamp_received,timestamp,trip,signal,isLive,Battery_voltage,Fuel_level,Intake_manifold_absolute_pressure,Throttle_position,Accelerator_pedal_position,Coolant_temperature,Vehicle_Speed,Engine_speed,Target_air_fuel_ratio,Current_gear_shift_position_(Current_gear),Cumulative_mileage,Clutch_torque,Trip_fuel_consumption,RON_factor,0313,0314,033d,0345,0348,0409,040a,altitude,latitude,longitude,satelites,bearing,angular_speed,correct_altitude,slope
1141388,2024-08-19 08:05:04,2024-08-19 08:05:00,23,100,True,9.429,22.759,59,13.262,16.858,89,71,2228.75,14.5,4.0,4897.492,48.5,1236339.25,0.266,,,,,,,,1242,35.70956,51.243149,12,103.08,0.0006283185307179,1237.0,0.0
1141888,2024-08-19 08:05:04,2024-08-19 08:05:00,23,100,True,9.357,22.091,40,9.877,8.804,89,71,2240.75,14.5,4.0,4897.504,20.25,1236728.0,0.266,,,,,,,,1242,35.70956,51.243149,12,103.08,0.0,1237.0,0.0
1142388,2024-08-19 08:05:04,2024-08-19 08:05:00,23,100,True,9.357,22.549,30,7.992,4.581,89,71,2245.0,14.5,4.0,4897.512,7.75,1237019.25,0.266,,,,,,,,1242,35.70956,51.243149,12,103.08,0.0,1237.0,0.0
1142888,2024-08-19 08:05:04,2024-08-19 08:05:00,23,100,True,9.429,22.49,26,7.715,25.562,89,70,2222.5,14.5,4.0,4897.523,5.875,1237264.0,0.266,,,,,,,,1242,35.70956,51.243149,12,103.08,0.0,1237.0,0.0
