time,timestamp_received,timestamp,trip,signal,isLive,Battery_voltage,Fuel_level,Intake_manifold_absolute_pressure,Throttle_position,Accelerator_pedal_position,Coolant_temperature,Vehicle_Speed,Engine_speed,Target_air_fuel_ratio,Current_gear_shift_position_(Current_gear),Cumulative_mileage,Clutch_torque,Trip_fuel_consumption,RON_factor,0313,0314,033d,0345,0348,0409,040a,altitude,latitude,longitude,satelites,bearing,angular_speed,correct_altitude,slope
8166606,2024-09-04 18:21:57,2024-09-04 18:21:57,74,61,True,9.643,72.571,36,1.928,0.0,92,0,656.5,14.5,13.0,5597.504,2.188,9162536.0,0.0,,,,,,,,2,37.379826,49.568401,12,0.0,0.0,-21.9,0.0
8167106,2024-09-04 18:21:57,2024-09-04 18:21:57,74,61,True,9.571,72.569,36,2.172,0.0,92,0,632.0,14.5,13.0,5597.504,2.438,9162606.0,0.0,,,,,,,,2,37.379826,49.568401,12,0.0,0.0,-21.9,0.0
8167606,2024-09-04 18:21:57,2024-09-04 18:21:57,74,61,True,9.571,72.567,37,1.891,0.0,92,0,646.0,14.5,13.0,5597.504,5.312,9162693.0,0.0,,,,,,,,2,37.379826,49.568401,12,0.0,0.0,-21.9,0.0
8168106,2024-09-04 18:21:57,2024-09-04 18:21:57,74,61,True,9.714,72.565,36,1.809,0.0,92,0,646.0,14.5,13.0,5597.504,6.0,9162781.0,0.0,,,,,,,,2,37.379826,49.568401,12,0.0,0.0,-21.9,0.0
