time,timestamp_received,timestamp,trip,signal,isLive,Battery_voltage,Fuel_level,Intake_manifold_absolute_pressure,Throttle_position,Accelerator_pedal_position,Coolant_temperature,Vehicle_Speed,Engine_speed,Target_air_fuel_ratio,Current_gear_shift_position_(Current_gear),Cumulative_mileage,Clutch_torque,Trip_fuel_consumption,RON_factor,0313,0314,033d,0345,0348,0409,040a,altitude,latitude,longitude,satelites,bearing,angular_speed,correct_altitude,slope
5504612,2024-09-04 17:37:35,2024-09-04 17:37:35,74,41,True,9.714,75.097,31,4.625,0.0,89,28,2043.25,14.5,2.0,5579.793,-20.75,7192689.0,0.0,,,,,,,,-5,37.353554,49.443726,12,170.45,0.0058643062867007,-21.0,0.0
5505112,2024-09-04 17:37:35,2024-09-04 17:37:35,74,41,True,9.643,75.273,29,4.352,0.0,89,27,1951.5,14.5,2.0,5579.793,-20.625,7192689.0,0.0,,,,,,,,-5,37.353554,49.443726,12,170.45,0.0,-21.0,0.0
5505612,2024-09-04 17:37:35,2024-09-04 17:37:35,74,41,True,9.643,75.511,30,4.424,0.0,89,26,1902.75,12.2,2.0,5579.797,-20.812,7192689.0,0.0,,,,,,,,-5,37.353554,49.443726,12,170.45,0.0,-21.0,0.0
5506112,2024-09-04 17:37:35,2024-09-04 17:37:35,74,41,True,9.571,75.646,28,2.686,0.0,88,26,1850.5,12.2,2.0,5579.801,-6.438,7192784.5,0.0,,,,,,,,-5,37.353554,49.443726,12,170.45,0.0,-21.0,0.0
