time,timestamp_received,timestamp,trip,signal,isLive,Battery_voltage,Fuel_level,Intake_manifold_absolute_pressure,Throttle_position,Accelerator_pedal_position,Coolant_temperature,Vehicle_Speed,Engine_speed,Target_air_fuel_ratio,Current_gear_shift_position_(Current_gear),Cumulative_mileage,Clutch_torque,Trip_fuel_consumption,RON_factor,0313,0314,033d,0345,0348,0409,040a,altitude,latitude,longitude,satelites,bearing,angular_speed,correct_altitude,slope
833388,2024-08-19 07:59:56,2024-08-19 07:59:52,23,87,True,9.429,18.467,55,14.211,23.157,86,60,2728.75,14.5,3.0,4891.066,44.125,849526.0,0.316,,,,,,,,1242,35.722656,51.17374,12,103.44,0.000659346606309,1217.1,0.0
833888,2024-08-19 07:59:56,2024-08-19 07:59:52,23,87,True,9.357,18.581,47,13.623,20.526,86,61,2748.25,14.5,3.0,4891.074,36.562,850127.125,0.316,,,,,,,,1242,35.722656,51.17374,12,103.44,0.0,1217.1,0.0
834388,2024-08-19 07:59:56,2024-08-19 07:59:52,23,87,True,9.429,19.115,42,12.66,18.951,86,61,2769.25,14.5,3.0,4891.082,27.438,850709.625,0.316,,,,,,,,1242,35.722656,51.17374,12,103.44,0.0,1217.1,0.0
834888,2024-08-19 07:59:56,2024-08-19 07:59:52,23,87,True,9.429,19.596,38,11.475,21.323,86,61,2775.0,14.5,3.0,4891.094,21.188,851196.0,0.316,,,,,,,,1242,35.722656,51.17374,12,103.44,0.0,1217.1,0.0
