time,timestamp_received,timestamp,trip,signal,isLive,Battery_voltage,Fuel_level,Intake_manifold_absolute_pressure,Throttle_position,Accelerator_pedal_position,Coolant_temperature,Vehicle_Speed,Engine_speed,Target_air_fuel_ratio,Current_gear_shift_position_(Current_gear),Cumulative_mileage,Clutch_torque,Trip_fuel_consumption,RON_factor,0313,0314,033d,0345,0348,0409,040a,altitude,latitude,longitude,satelites,bearing,angular_speed,correct_altitude,slope
6128611,2024-09-04 17:47:59,2024-09-04 17:47:59,74,74,True,9.571,66.517,33,1.834,0.0,87,29,805.75,14.5,4.0,5587.008,0.125,7887119.0,0.0,,,,,,,,-8,37.338913,49.520149,12,90.0,0.0249931148885586,-20.2,0.0
6129111,2024-09-04 17:47:59,2024-09-04 17:47:59,74,74,True,9.714,67.63,34,2.184,0.0,87,28,817.25,14.5,4.0,5587.012,2.188,7887225.5,0.0,,,,,,,,-8,37.338913,49.520149,12,90.0,0.0,-20.2,0.0
6129611,2024-09-04 17:47:59,2024-09-04 17:47:59,74,74,True,9.714,68.24,34,1.723,0.0,87,27,817.75,14.5,4.0,5587.016,0.062,7887370.5,0.0,,,,,,,,-8,37.338913,49.520149,12,90.0,0.0,-20.2,0.0
6130111,2024-09-04 17:47:59,2024-09-04 17:47:59,74,74,True,9.786,67.612,32,2.734,39.49,86,28,795.75,14.5,4.0,5587.02,15.188,7887496.0,0.0,,,,,,,,-8,37.338913,49.520149,12,90.0,0.0,-20.2,0.0
