time,timestamp_received,timestamp,trip,signal,isLive,Battery_voltage,Fuel_level,Intake_manifold_absolute_pressure,Throttle_position,Accelerator_pedal_position,Coolant_temperature,Vehicle_Speed,Engine_speed,Target_air_fuel_ratio,Current_gear_shift_position_(Current_gear),Cumulative_mileage,Clutch_torque,Trip_fuel_consumption,RON_factor,0313,0314,033d,0345,0348,0409,040a,altitude,latitude,longitude,satelites,bearing,angular_speed,correct_altitude,slope
1088409,2024-09-23 19:32:37,2024-09-23 19:32:37,181,100,True,9.0,43.693,53,10.271,0.0,84,0,2035.0,14.5,13.0,6714.84,8.188,726139.812,0.175,,,,,,,,1232,35.700726,51.380566,12,58.38,-0.2207492437922428,1209.5,0.0
1088909,2024-09-23 19:32:37,2024-09-23 19:32:37,181,100,True,8.929,43.716,50,8.369,0.0,83,0,1593.25,14.5,13.0,6714.84,7.375,726377.438,0.175,,,,,,,,1232,35.700726,51.380566,12,58.38,0.0,1209.5,0.0
1089409,2024-09-23 19:32:37,2024-09-23 19:32:37,181,100,True,8.929,43.776,53,7.863,0.0,84,0,1252.25,14.5,13.0,6714.84,4.688,726639.125,0.175,,,,,,,,1232,35.700726,51.380566,12,58.38,0.0,1209.5,0.0
1089909,2024-09-23 19:32:37,2024-09-23 19:32:37,181,100,True,9.0,43.829,50,6.096,10.812,84,0,1104.75,14.5,13.0,6714.84,18.0,726938.438,0.175,,,,,,,,1232,35.700726,51.380566,12,58.38,0.0,1209.5,0.0
