time,timestamp_received,timestamp,trip,signal,isLive,Battery_voltage,Fuel_level,Intake_manifold_absolute_pressure,Throttle_position,Accelerator_pedal_position,Coolant_temperature,Vehicle_Speed,Engine_speed,Target_air_fuel_ratio,Current_gear_shift_position_(Current_gear),Cumulative_mileage,Clutch_torque,Trip_fuel_consumption,RON_factor,0313,0314,033d,0345,0348,0409,040a,altitude,latitude,longitude,satelites,bearing,angular_speed,correct_altitude,slope
1428410,2024-09-23 19:38:17,2024-09-23 19:38:17,181,67,True,8.857,35.78,97,16.268,20.648,82,5,1231.75,14.5,1.0,6716.191,56.062,992069.0,0.175,,,,,,,,1253,35.704994,51.390667,12,351.21,-0.0613657765001203,1221.1,0.0
1428910,2024-09-23 19:38:17,2024-09-23 19:38:17,181,67,True,8.786,35.653,75,8.809,13.483,85,6,1438.0,14.5,1.0,6716.191,35.188,992486.25,0.175,,,,,,,,1253,35.704994,51.390667,12,351.21,0.0,1221.1,0.0
1429410,2024-09-23 19:38:17,2024-09-23 19:38:17,181,67,True,8.857,35.539,62,7.283,0.0,84,7,1224.0,14.5,1.0,6716.191,20.125,992799.0,0.175,,,,,,,,1253,35.704994,51.390667,12,351.21,0.0,1221.1,0.0
1429910,2024-09-23 19:38:17,2024-09-23 19:38:17,181,67,True,8.714,35.946,58,6.201,0.0,83,7,1068.0,14.5,1.0,6716.195,-2.5,993052.938,0.175,,,,,,,,1253,35.704994,51.390667,12,351.21,0.0,1221.1,0.0
