time,timestamp_received,timestamp,trip,signal,isLive,Battery_voltage,Fuel_level,Intake_manifold_absolute_pressure,Throttle_position,Accelerator_pedal_position,Coolant_temperature,Vehicle_Speed,Engine_speed,Target_air_fuel_ratio,Current_gear_shift_position_(Current_gear),Cumulative_mileage,Clutch_torque,Trip_fuel_consumption,RON_factor,0313,0314,033d,0345,0348,0409,040a,altitude,latitude,longitude,satelites,bearing,angular_speed,correct_altitude,slope
4022495,2024-09-04 17:12:53,2024-09-04 17:12:53,74,67,True,9.571,63.929,171,99.854,77.57,88,86,2737.0,10.5,4.0,5557.16,158.062,4877866.5,0.0,,,,,,,,-3,37.427681,49.256649,12,106.06,-0.0004886921905583,-10.4,0.0
4022995,2024-09-04 17:12:53,2024-09-04 17:12:53,74,67,True,9.571,64.321,176,100.391,74.71,88,87,2739.0,10.5,4.0,5557.172,161.375,4881206.5,0.0,,,,,,,,-3,37.427681,49.256649,12,106.06,0.0,-10.4,0.0
4023495,2024-09-04 17:12:53,2024-09-04 17:12:53,74,67,True,9.571,65.3,178,100.09,68.143,88,88,2820.5,10.4,4.0,5557.184,165.625,4885608.5,0.0,,,,,,,,-3,37.427681,49.256649,12,106.06,0.0,-10.4,0.0
4023995,2024-09-04 17:12:53,2024-09-04 17:12:53,74,67,True,9.571,65.868,178,99.758,63.434,88,90,2835.75,10.5,4.0,5557.195,166.875,4890169.0,0.0,,,,,,,,-3,37.427681,49.256649,12,106.06,0.0,-10.4,0.0
