time,timestamp_received,timestamp,trip,signal,isLive,Battery_voltage,Fuel_level,Intake_manifold_absolute_pressure,Throttle_position,Accelerator_pedal_position,Coolant_temperature,Vehicle_Speed,Engine_speed,Target_air_fuel_ratio,Current_gear_shift_position_(Current_gear),Cumulative_mileage,Clutch_torque,Trip_fuel_consumption,RON_factor,0313,0314,033d,0345,0348,0409,040a,altitude,latitude,longitude,satelites,bearing,angular_speed,correct_altitude,slope
4726497,2024-09-04 17:24:37,2024-09-04 17:24:37,74,29,True,9.714,88.263,52,11.281,20.087,87,73,2306.75,14.5,4.0,5569.859,47.938,6191470.0,0.0,,,,,,,,-8,37.376675,49.343929,12,136.64,-0.1617622233555721,-22.2,0.0
4726997,2024-09-04 17:24:37,2024-09-04 17:24:37,74,29,True,9.786,88.77,45,9.939,16.763,87,73,2312.5,14.5,4.0,5569.871,25.0,6191892.0,0.0,,,,,,,,-8,37.376675,49.343929,12,136.64,0.0,-22.2,0.0
4727497,2024-09-04 17:24:37,2024-09-04 17:24:37,74,29,True,9.714,88.834,45,9.578,13.788,87,73,2299.75,14.5,4.0,5569.879,21.875,6192406.0,0.0,,,,,,,,-8,37.376675,49.343929,12,136.64,0.0,-22.2,0.0
4727997,2024-09-04 17:24:37,2024-09-04 17:24:37,74,29,True,9.357,88.029,53,11.922,26.151,87,73,2311.75,14.5,4.0,5569.891,34.562,6192910.5,0.0,,,,,,,,-8,37.376675,49.343929,12,136.64,0.0,-22.2,0.0
