time,timestamp_received,timestamp,trip,signal,isLive,Battery_voltage,Fuel_level,Intake_manifold_absolute_pressure,Throttle_position,Accelerator_pedal_position,Coolant_temperature,Vehicle_Speed,Engine_speed,Target_air_fuel_ratio,Current_gear_shift_position_(Current_gear),Cumulative_mileage,Clutch_torque,Trip_fuel_consumption,RON_factor,0313,0314,033d,0345,0348,0409,040a,altitude,latitude,longitude,satelites,bearing,angular_speed,correct_altitude,slope
1164409,2024-09-23 19:33:54,2024-09-23 19:33:54,181,100,True,8.929,42.651,95,30.523,32.053,81,0,1205.75,14.5,13.0,6714.84,62.688,768195.625,0.175,,,,,,,,1235,35.700756,51.380581,12,39.08,0.5006379996609511,1209.5,0.0
1164909,2024-09-23 19:33:54,2024-09-23 19:33:54,181,100,True,8.786,42.19,74,9.018,10.489,81,0,1506.0,14.5,13.0,6714.84,43.25,768781.625,0.175,,,,,,,,1235,35.700756,51.380581,12,39.08,0.0,1209.5,0.0
1165409,2024-09-23 19:33:54,2024-09-23 19:33:54,181,100,True,8.857,41.775,59,7.525,3.015,81,0,1076.75,14.5,13.0,6714.84,38.5,769125.312,0.175,,,,,,,,1235,35.700756,51.380581,12,39.08,0.0,1209.5,0.0
1165909,2024-09-23 19:33:54,2024-09-23 19:33:54,181,100,True,8.929,41.558,94,26.191,32.922,82,0,1015.25,14.5,13.0,6714.84,56.0,769365.75,0.175,,,,,,,,1235,35.700756,51.380581,12,39.08,0.0,1209.5,0.0
