time,timestamp_received,timestamp,trip,signal,isLive,Battery_voltage,Fuel_level,Intake_manifold_absolute_pressure,Throttle_position,Accelerator_pedal_position,Coolant_temperature,Vehicle_Speed,Engine_speed,Target_air_fuel_ratio,Current_gear_shift_position_(Current_gear),Cumulative_mileage,Clutch_torque,Trip_fuel_consumption,RON_factor,0313,0314,033d,0345,0348,0409,040a,altitude,latitude,longitude,satelites,bearing,angular_speed,correct_altitude,slope
4106495,2024-09-04 17:14:17,2024-09-04 17:14:17,74,38,True,9.714,73.744,34,4.98,9.521,86,81,2606.25,12.2,4.0,5559.047,9.688,5056341.0,0.0,,,,,,,,-7,37.4202,49.273159,12,93.22,-0.0175929188601027,-17.4,0.0
4106995,2024-09-04 17:14:17,2024-09-04 17:14:17,74,38,True,9.714,73.978,33,5.182,3.857,86,80,2546.75,14.1,4.0,5559.059,11.125,5056737.0,0.0,,,,,,,,-7,37.4202,49.273159,12,93.22,0.0,-17.4,0.0
4107495,2024-09-04 17:14:17,2024-09-04 17:14:17,74,38,True,9.786,74.188,37,5.654,0.0,86,79,2549.0,14.5,4.0,5559.07,-14.25,5057125.5,0.0,,,,,,,,-7,37.4202,49.273159,12,93.22,0.0,-17.4,0.0
4107995,2024-09-04 17:14:17,2024-09-04 17:14:17,74,38,True,9.786,74.651,40,5.553,0.0,86,79,2496.75,14.5,4.0,5559.082,-22.125,5057242.5,0.0,,,,,,,,-7,37.4202,49.273159,12,93.22,0.0,-17.4,0.0
