time,timestamp_received,timestamp,trip,signal,isLive,Battery_voltage,Fuel_level,Intake_manifold_absolute_pressure,Throttle_position,Accelerator_pedal_position,Coolant_temperature,Vehicle_Speed,Engine_speed,Target_air_fuel_ratio,Current_gear_shift_position_(Current_gear),Cumulative_mileage,Clutch_torque,Trip_fuel_consumption,RON_factor,0313,0314,033d,0345,0348,0409,040a,altitude,latitude,longitude,satelites,bearing,angular_speed,correct_altitude,slope
2279435,2024-09-23 19:52:42,2024-09-23 19:52:42,182,67,True,9.071,37.639,37,6.164,0.0,90,23,1679.0,14.5,2.0,6718.285,5.188,328465.656,0.175,,,,,,,,1255,35.714706,51.403214,12,68.25,-0.0060338525568946,1244.5,0.0
2279935,2024-09-23 19:52:42,2024-09-23 19:52:42,182,67,True,9.0,40.228,37,6.176,0.0,90,22,1534.75,14.5,2.0,6718.285,10.812,328644.75,0.175,,,,,,,,1255,35.714706,51.403214,12,68.25,0.0,1244.5,0.0
2280435,2024-09-23 19:52:42,2024-09-23 19:52:42,182,67,True,8.929,41.107,33,4.986,0.0,89,19,1549.0,14.5,2.0,6718.289,-5.75,328899.531,0.175,,,,,,,,1255,35.714706,51.403214,12,68.25,0.0,1244.5,0.0
2280935,2024-09-23 19:52:42,2024-09-23 19:52:42,182,67,True,8.929,41.428,33,3.027,0.0,90,17,1340.25,14.5,2.0,6718.293,-7.375,329105.531,0.175,,,,,,,,1255,35.714706,51.403214,12,68.25,0.0,1244.5,0.0
