time,timestamp_received,timestamp,trip,signal,isLive,Battery_voltage,Fuel_level,Intake_manifold_absolute_pressure,Throttle_position,Accelerator_pedal_position,Coolant_temperature,Vehicle_Speed,Engine_speed,Target_air_fuel_ratio,Current_gear_shift_position_(Current_gear),Cumulative_mileage,Clutch_torque,Trip_fuel_consumption,RON_factor,0313,0314,033d,0345,0348,0409,040a,altitude,latitude,longitude,satelites,bearing,angular_speed,correct_altitude,slope
1179387,2024-08-19 08:05:42,2024-08-19 08:05:38,23,87,True,9.429,24.205,26,7.674,0.0,89,93,2934.5,14.5,4.0,4898.379,-26.5,1308141.375,0.216,,,,,,,,1242,35.707836,51.252743,12,101.81,-0.0006981317007976,1240.3,0.0
1179887,2024-08-19 08:05:42,2024-08-19 08:05:38,23,87,True,9.429,24.451,26,7.623,0.0,89,92,2898.75,12.7,4.0,4898.391,-26.625,1308141.375,0.216,,,,,,,,1242,35.707836,51.252743,12,101.81,0.0,1240.3,0.0
1180387,2024-08-19 08:05:42,2024-08-19 08:05:38,23,87,True,9.357,24.634,24,7.869,18.756,89,91,2876.75,12.7,4.0,4898.402,0.25,1308365.625,0.216,,,,,,,,1242,35.707836,51.252743,12,101.81,0.0,1240.3,0.0
1180887,2024-08-19 08:05:42,2024-08-19 08:05:38,23,87,True,9.357,24.562,33,11.633,32.407,89,91,2869.25,12.9,4.0,4898.414,18.75,1308777.0,0.216,,,,,,,,1242,35.707836,51.252743,12,101.81,0.0,1240.3,0.0
