time,timestamp_received,timestamp,trip,signal,isLive,Battery_voltage,Fuel_level,Intake_manifold_absolute_pressure,Throttle_position,Accelerator_pedal_position,Coolant_temperature,Vehicle_Speed,Engine_speed,Target_air_fuel_ratio,Current_gear_shift_position_(Current_gear),Cumulative_mileage,Clutch_torque,Trip_fuel_consumption,RON_factor,0313,0314,033d,0345,0348,0409,040a,altitude,latitude,longitude,satelites,bearing,angular_speed,correct_altitude,slope
1258409,2024-09-23 19:35:27,2024-09-23 19:35:27,181,80,True,9.214,36.679,49,10.07,15.57,84,32,2298.25,14.5,2.0,6715.484,29.312,872034.812,0.175,,,,,,,,1240,35.702595,51.385872,12,90.0,0.0176627320301826,1221.0,0.0
1258909,2024-09-23 19:35:27,2024-09-23 19:35:27,181,80,True,9.286,36.854,43,9.389,12.585,85,32,2331.0,14.5,2.0,6715.484,21.312,872349.125,0.175,,,,,,,,1240,35.702595,51.385872,12,90.0,0.0,1221.0,0.0
1259409,2024-09-23 19:35:27,2024-09-23 19:35:27,181,80,True,9.357,38.973,42,8.096,7.101,84,32,2345.25,14.5,2.0,6715.488,16.5,872745.812,0.175,,,,,,,,1240,35.702595,51.385872,12,90.0,0.0,1221.0,0.0
1259909,2024-09-23 19:35:27,2024-09-23 19:35:27,181,80,True,9.357,39.036,36,7.656,1.331,84,33,2359.0,14.5,2.0,6715.492,10.062,873106.125,0.175,,,,,,,,1240,35.702595,51.385872,12,90.0,0.0,1221.0,0.0
