time,timestamp_received,timestamp,trip,signal,isLive,Battery_voltage,Fuel_level,Intake_manifold_absolute_pressure,Throttle_position,Accelerator_pedal_position,Coolant_temperature,Vehicle_Speed,Engine_speed,Target_air_fuel_ratio,Current_gear_shift_position_(Current_gear),Cumulative_mileage,Clutch_torque,Trip_fuel_consumption,RON_factor,0313,0314,033d,0345,0348,0409,040a,altitude,latitude,longitude,satelites,bearing,angular_speed,correct_altitude,slope
2069426,2024-09-23 19:48:59,2024-09-23 19:48:59,182,90,True,8.929,42.167,43,5.998,0.0,84,4,1217.75,14.5,1.0,6717.246,-13.625,161391.25,0.175,,,,,,,,1255,35.709072,51.39835,12,90.0,0.0616409225233762,1231.5,0.0
2069926,2024-09-23 19:48:59,2024-09-23 19:48:59,182,90,True,8.929,42.264,45,5.184,0.0,84,4,1048.25,14.5,1.0,6717.246,-11.062,161547.641,0.175,,,,,,,,1255,35.709072,51.39835,12,90.0,0.0,1231.5,0.0
2070426,2024-09-23 19:48:59,2024-09-23 19:48:59,182,90,True,9.0,42.469,46,4.639,0.0,84,4,951.25,14.5,1.0,6717.246,-5.75,161749.234,0.175,,,,,,,,1255,35.709072,51.39835,12,90.0,0.0,1231.5,0.0
2070926,2024-09-23 19:48:59,2024-09-23 19:48:59,182,90,True,9.071,42.183,47,4.852,0.0,84,3,903.25,14.5,1.0,6717.246,-5.5,161927.656,0.175,,,,,,,,1255,35.709072,51.39835,12,90.0,0.0,1231.5,0.0
