time,timestamp_received,timestamp,trip,signal,isLive,Battery_voltage,Fuel_level,Intake_manifold_absolute_pressure,Throttle_position,Accelerator_pedal_position,Coolant_temperature,Vehicle_Speed,Engine_speed,Target_air_fuel_ratio,Current_gear_shift_position_(Current_gear),Cumulative_mileage,Clutch_torque,Trip_fuel_consumption,RON_factor,0313,0314,033d,0345,0348,0409,040a,altitude,latitude,longitude,satelites,bearing,angular_speed,correct_altitude,slope
1342410,2024-09-23 19:36:51,2024-09-23 19:36:51,181,67,True,9.071,46.335,45,3.094,0.0,84,9,1146.0,14.5,1.0,6715.918,-6.938,932782.75,0.175,,,,,,,,1236,35.702835,51.390583,12,86.28,0.0016015962547712,1214.0,0.0
1342910,2024-09-23 19:36:51,2024-09-23 19:36:51,181,67,True,9.071,46.799,40,3.012,0.0,85,8,909.5,14.5,1.0,6715.918,11.812,932895.0,0.175,,,,,,,,1236,35.702835,51.390583,12,86.28,0.0,1214.0,0.0
1343410,2024-09-23 19:36:51,2024-09-23 19:36:51,181,67,True,9.143,46.551,41,3.084,0.0,85,8,817.25,14.5,1.0,6715.922,17.188,933018.438,0.175,,,,,,,,1236,35.702835,51.390583,12,86.28,0.0,1214.0,0.0
1343910,2024-09-23 19:36:51,2024-09-23 19:36:51,181,67,True,9.071,46.17,41,2.979,0.0,85,7,819.0,14.5,1.0,6715.922,15.875,933160.875,0.175,,,,,,,,1236,35.702835,51.390583,12,86.28,0.0,1214.0,0.0
