time,timestamp_received,timestamp,trip,signal,isLive,Battery_voltage,Fuel_level,Intake_manifold_absolute_pressure,Throttle_position,Accelerator_pedal_position,Coolant_temperature,Vehicle_Speed,Engine_speed,Target_air_fuel_ratio,Current_gear_shift_position_(Current_gear),Cumulative_mileage,Clutch_torque,Trip_fuel_consumption,RON_factor,0313,0314,033d,0345,0348,0409,040a,altitude,latitude,longitude,satelites,bearing,angular_speed,correct_altitude,slope
1987426,2024-09-23 19:47:36,2024-09-23 19:47:36,182,67,True,9.0,41.162,37,5.273,0.0,83,34,1632.5,14.5,3.0,6716.734,-20.812,115750.438,0.175,,,,,,,,1255,35.707554,51.393032,12,76.5,-0.0444532080575925,1231.0,0.0
1987926,2024-09-23 19:47:36,2024-09-23 19:47:36,182,67,True,9.071,41.712,35,4.191,0.0,83,32,1237.25,14.5,3.0,6716.734,-11.5,115907.797,0.175,,,,,,,,1255,35.707554,51.393032,12,76.5,0.0,1231.0,0.0
1988426,2024-09-23 19:47:36,2024-09-23 19:47:36,182,67,True,9.071,41.816,36,3.061,0.0,83,31,1298.5,14.5,3.0,6716.738,-12.812,116078.312,0.175,,,,,,,,1255,35.707554,51.393032,12,76.5,0.0,1231.0,0.0
1988926,2024-09-23 19:47:36,2024-09-23 19:47:36,182,67,True,9.143,42.183,28,3.012,0.0,82,30,1356.25,14.5,3.0,6716.742,-13.75,116220.391,0.175,,,,,,,,1255,35.707554,51.393032,12,76.5,0.0,1231.0,0.0
