time,timestamp_received,timestamp,trip,signal,isLive,Battery_voltage,Fuel_level,Intake_manifold_absolute_pressure,Throttle_position,Accelerator_pedal_position,Coolant_temperature,Vehicle_Speed,Engine_speed,Target_air_fuel_ratio,Current_gear_shift_position_(Current_gear),Cumulative_mileage,Clutch_torque,Trip_fuel_consumption,RON_factor,0313,0314,033d,0345,0348,0409,040a,altitude,latitude,longitude,satelites,bearing,angular_speed,correct_altitude,slope
324503,2024-09-04 16:11:18,2024-09-04 16:11:18,74,54,True,9.214,81.065,123,29.248,45.593,85,88,2774.5,13.5,4.0,5523.227,123.375,684899.688,0.0,,,,,,,,46,37.619053,49.047672,12,138.05,0.0002093557679321,15.2,0.0
325003,2024-09-04 16:11:18,2024-09-04 16:11:18,74,54,True,9.214,80.802,129,32.826,34.268,85,89,2801.5,13.5,4.0,5523.242,128.125,686967.938,0.0,,,,,,,,46,37.619053,49.047672,12,138.05,0.0,15.2,0.0
325503,2024-09-04 16:11:18,2024-09-04 16:11:18,74,54,True,9.214,80.526,83,14.764,24.173,85,89,2819.5,14.5,4.0,5523.254,65.688,688923.812,0.0,,,,,,,,46,37.619053,49.047672,12,138.05,0.0,15.2,0.0
326003,2024-09-04 16:11:18,2024-09-04 16:11:18,74,54,True,9.214,80.12,63,14.502,21.185,85,89,2821.0,14.5,4.0,5523.266,45.25,689753.562,0.0,,,,,,,,46,37.619053,49.047672,12,138.05,0.0,15.2,0.0
