time,timestamp_received,timestamp,trip,signal,isLive,Battery_voltage,Fuel_level,Intake_manifold_absolute_pressure,Throttle_position,Accelerator_pedal_position,Coolant_temperature,Vehicle_Speed,Engine_speed,Target_air_fuel_ratio,Current_gear_shift_position_(Current_gear),Cumulative_mileage,Clutch_torque,Trip_fuel_consumption,RON_factor,0313,0314,033d,0345,0348,0409,040a,altitude,latitude,longitude,satelites,bearing,angular_speed,correct_altitude,slope
1068504,2024-09-04 16:23:39,2024-09-04 16:23:39,74,48,True,9.5,78.425,34,7.461,0.0,86,79,2484.25,14.5,4.0,5535.105,-15.312,2065632.0,0.0,,,,,,,,42,37.547428,49.1143,12,183.35,0.0034906585039886,28.6,0.0
1069003,2024-09-04 16:23:39,2024-09-04 16:23:39,74,48,True,9.5,78.583,34,7.043,0.0,86,78,2436.5,14.5,4.0,5535.105,-23.75,2065689.0,0.0,,,,,,,,42,37.547428,49.1143,12,183.35,0.0,28.6,0.0
1069503,2024-09-04 16:23:39,2024-09-04 16:23:39,74,48,True,9.5,78.724,33,6.855,0.0,86,77,2444.0,14.5,4.0,5535.117,-23.812,2065689.0,0.0,,,,,,,,42,37.547428,49.1143,12,183.35,0.0,28.6,0.0
1070003,2024-09-04 16:23:39,2024-09-04 16:23:39,74,48,True,9.5,78.734,28,4.91,14.938,86,76,2473.75,14.5,4.0,5535.129,4.062,2065736.5,0.0,,,,,,,,42,37.547428,49.1143,12,183.35,0.0,28.6,0.0
