time,timestamp_received,timestamp,trip,signal,isLive,Battery_voltage,Fuel_level,Intake_manifold_absolute_pressure,Throttle_position,Accelerator_pedal_position,Coolant_temperature,Vehicle_Speed,Engine_speed,Target_air_fuel_ratio,Current_gear_shift_position_(Current_gear),Cumulative_mileage,Clutch_torque,Trip_fuel_consumption,RON_factor,0313,0314,033d,0345,0348,0409,040a,altitude,latitude,longitude,satelites,bearing,angular_speed,correct_altitude,slope
2732490,2024-09-04 16:51:23,2024-09-04 16:51:23,74,45,True,9.143,75.416,112,28.836,33.392,83,28,2039.25,14.3,2.0,5541.223,88.75,3244712.25,0.0,,,,,,,,55,37.511406,49.1455,12,107.66,-0.0103323491718065,38.9,0.0
2732990,2024-09-04 16:51:23,2024-09-04 16:51:23,74,45,True,9.071,74.659,114,21.379,27.145,83,30,2192.0,14.5,2.0,5541.227,85.375,3246029.5,0.0,,,,,,,,55,37.511406,49.1455,12,107.66,0.0,38.9,0.0
2733490,2024-09-04 16:51:23,2024-09-04 16:51:23,74,45,True,9.071,73.703,76,14.293,24.734,83,32,2315.75,14.5,2.0,5541.23,55.875,3247183.25,0.0,,,,,,,,55,37.511406,49.1455,12,107.66,0.0,38.9,0.0
2733990,2024-09-04 16:51:23,2024-09-04 16:51:23,74,45,True,9.071,73.862,72,14.795,22.116,83,33,2424.25,14.5,2.0,5541.238,51.5,3248022.0,0.0,,,,,,,,55,37.511406,49.1455,12,107.66,0.0,38.9,0.0
