time,timestamp_received,timestamp,trip,signal,isLive,Battery_voltage,Fuel_level,Intake_manifold_absolute_pressure,Throttle_position,Accelerator_pedal_position,Coolant_temperature,Vehicle_Speed,Engine_speed,Target_air_fuel_ratio,Current_gear_shift_position_(Current_gear),Cumulative_mileage,Clutch_torque,Trip_fuel_consumption,RON_factor,0313,0314,033d,0345,0348,0409,040a,altitude,latitude,longitude,satelites,bearing,angular_speed,correct_altitude,slope
1246409,2024-09-23 19:35:21,2024-09-23 19:35:20,181,61,True,9.143,41.475,44,7.539,4.956,83,25,1890.25,12.2,2.0,6715.414,9.875,861941.375,0.175,,,,,,,,1243,35.702579,51.385075,12,87.3,0.0074079530473536,1221.1,0.0
1246909,2024-09-23 19:35:21,2024-09-23 19:35:20,181,61,True,9.214,41.21,41,6.752,0.0,84,24,1828.0,14.5,2.0,6715.414,-0.75,862273.375,0.175,,,,,,,,1243,35.702579,51.385075,12,87.3,0.0,1221.1,0.0
1247409,2024-09-23 19:35:21,2024-09-23 19:35:20,181,61,True,9.214,41.52,42,8.172,0.0,83,24,1727.5,14.5,2.0,6715.418,-9.562,862591.688,0.175,,,,,,,,1243,35.702579,51.385075,12,87.3,0.0,1221.1,0.0
1247909,2024-09-23 19:35:21,2024-09-23 19:35:20,181,61,True,9.357,41.486,44,7.666,0.0,84,23,1693.0,12.2,2.0,6715.422,-18.0,862823.938,0.175,,,,,,,,1243,35.702579,51.385075,12,87.3,0.0,1221.1,0.0
