time,timestamp_received,timestamp,trip,signal,isLive,Battery_voltage,Fuel_level,Intake_manifold_absolute_pressure,Throttle_position,Accelerator_pedal_position,Coolant_temperature,Vehicle_Speed,Engine_speed,Target_air_fuel_ratio,Current_gear_shift_position_(Current_gear),Cumulative_mileage,Clutch_torque,Trip_fuel_consumption,RON_factor,0313,0314,033d,0345,0348,0409,040a,altitude,latitude,longitude,satelites,bearing,angular_speed,correct_altitude,slope
5330610,2024-09-04 17:34:41,2024-09-04 17:34:41,74,45,True,9.429,68.712,70,14.014,33.212,89,29,2137.25,14.5,2.0,5578.324,65.062,7036304.5,0.0,,,,,,,,-8,37.352585,49.432487,12,79.81,-0.0225496539357668,-18.9,0.0
5331109,2024-09-04 17:34:41,2024-09-04 17:34:41,74,45,True,9.5,67.606,71,15.318,34.222,89,30,2208.0,14.5,2.0,5578.324,68.375,7036905.0,0.0,,,,,,,,-8,37.352585,49.432487,12,79.81,0.0,-18.9,0.0
5331609,2024-09-04 17:34:41,2024-09-04 17:34:41,74,45,True,9.5,66.61,82,16.902,35.324,89,31,2312.25,14.5,2.0,5578.328,79.75,7037832.0,0.0,,,,,,,,-8,37.352585,49.432487,12,79.81,0.0,-18.9,0.0
5332109,2024-09-04 17:34:41,2024-09-04 17:34:41,74,45,True,9.5,66.184,90,18.23,35.373,89,33,2417.5,14.5,2.0,5578.332,87.938,7039003.5,0.0,,,,,,,,-8,37.352585,49.432487,12,79.81,0.0,-18.9,0.0
