time,timestamp_received,timestamp,trip,signal,isLive,Battery_voltage,Fuel_level,Intake_manifold_absolute_pressure,Throttle_position,Accelerator_pedal_position,Coolant_temperature,Vehicle_Speed,Engine_speed,Target_air_fuel_ratio,Current_gear_shift_position_(Current_gear),Cumulative_mileage,Clutch_torque,Trip_fuel_consumption,RON_factor,0313,0314,033d,0345,0348,0409,040a,altitude,latitude,longitude,satelites,bearing,angular_speed,correct_altitude,slope
4098495,2024-09-04 17:14:09,2024-09-04 17:14:09,74,38,True,9.714,65.789,87,13.891,26.578,86,82,2583.75,14.5,4.0,5558.863,80.312,5046719.5,0.0,,,,,,,,-8,37.42033,49.271076,12,92.51,-0.0031415926535897,-18.4,0.0
4098995,2024-09-04 17:14:09,2024-09-04 17:14:09,74,38,True,9.714,64.191,66,13.023,26.007,86,83,2609.25,14.5,4.0,5558.875,59.812,5047482.0,0.0,,,,,,,,-8,37.42033,49.271076,12,92.51,0.0,-18.4,0.0
4099495,2024-09-04 17:14:09,2024-09-04 17:14:09,74,38,True,9.714,63.772,67,15.291,45.572,86,83,2615.5,14.5,4.0,5558.887,78.25,5048189.0,0.0,,,,,,,,-8,37.42033,49.271076,12,92.51,0.0,-18.4,0.0
4099995,2024-09-04 17:14:09,2024-09-04 17:14:09,74,38,True,9.643,63.669,111,28.236,49.564,86,83,2639.5,13.9,4.0,5558.898,128.75,5049416.0,0.0,,,,,,,,-8,37.42033,49.271076,12,92.51,0.0,-18.4,0.0
