time,timestamp_received,timestamp,trip,signal,isLive,Battery_voltage,Fuel_level,Intake_manifold_absolute_pressure,Throttle_position,Accelerator_pedal_position,Coolant_temperature,Vehicle_Speed,Engine_speed,Target_air_fuel_ratio,Current_gear_shift_position_(Current_gear),Cumulative_mileage,Clutch_torque,Trip_fuel_consumption,RON_factor,0313,0314,033d,0345,0348,0409,040a,altitude,latitude,longitude,satelites,bearing,angular_speed,correct_altitude,slope
2093425,2024-09-23 19:49:23,2024-09-23 19:49:23,182,83,True,9.071,39.685,51,6.096,0.0,85,5,1026.25,14.5,1.0,6717.254,-10.438,172911.844,0.175,,,,,,,,1255,35.709099,51.398544,12,81.38,0.008183654937129,1231.5,0.0
2093925,2024-09-23 19:49:23,2024-09-23 19:49:23,182,83,True,9.0,40.147,50,5.459,0.0,86,4,992.25,14.5,1.0,6717.254,-9.438,173089.812,0.175,,,,,,,,1255,35.709099,51.398544,12,81.38,0.0,1231.5,0.0
2094425,2024-09-23 19:49:23,2024-09-23 19:49:23,182,83,True,9.071,40.329,51,5.482,0.0,86,3,937.0,14.5,1.0,6717.254,-9.562,173298.859,0.175,,,,,,,,1255,35.709099,51.398544,12,81.38,0.0,1231.5,0.0
2094925,2024-09-23 19:49:23,2024-09-23 19:49:23,182,83,True,9.071,41.041,52,5.498,0.0,86,3,904.25,14.5,1.0,6717.254,-7.0,173512.641,0.175,,,,,,,,1255,35.709099,51.398544,12,81.38,0.0,1231.5,0.0
