time,timestamp_received,timestamp,trip,signal,isLive,Battery_voltage,Fuel_level,Intake_manifold_absolute_pressure,Throttle_position,Accelerator_pedal_position,Coolant_temperature,Vehicle_Speed,Engine_speed,Target_air_fuel_ratio,Current_gear_shift_position_(Current_gear),Cumulative_mileage,Clutch_torque,Trip_fuel_consumption,RON_factor,0313,0314,033d,0345,0348,0409,040a,altitude,latitude,longitude,satelites,bearing,angular_speed,correct_altitude,slope
1436410,2024-09-23 19:38:25,2024-09-23 19:38:25,181,67,True,8.857,39.842,40,3.426,0.0,86,0,1043.5,14.5,13.0,6716.199,-5.062,996864.75,0.175,,,,,,,,1253,35.70504,51.390659,12,0.0,0.0733736417538415,1224.5,0.0
1436910,2024-09-23 19:38:25,2024-09-23 19:38:25,181,67,True,8.857,40.407,41,4.18,0.0,86,0,1025.75,14.5,13.0,6716.199,-5.625,997000.812,0.175,,,,,,,,1253,35.70504,51.390659,12,0.0,0.0,1224.5,0.0
1437410,2024-09-23 19:38:25,2024-09-23 19:38:25,181,67,True,8.857,40.484,43,4.018,0.0,87,0,980.0,14.5,13.0,6716.199,-5.625,997183.625,0.175,,,,,,,,1253,35.70504,51.390659,12,0.0,0.0,1224.5,0.0
1437910,2024-09-23 19:38:25,2024-09-23 19:38:25,181,67,True,8.929,40.985,43,3.809,11.996,86,0,929.25,14.5,13.0,6716.199,5.562,997373.5,0.175,,,,,,,,1253,35.70504,51.390659,12,0.0,0.0,1224.5,0.0
