time,timestamp_received,timestamp,trip,signal,isLive,Battery_voltage,Fuel_level,Intake_manifold_absolute_pressure,Throttle_position,Accelerator_pedal_position,Coolant_temperature,Vehicle_Speed,Engine_speed,Target_air_fuel_ratio,Current_gear_shift_position_(Current_gear),Cumulative_mileage,Clutch_torque,Trip_fuel_consumption,RON_factor,0313,0314,033d,0345,0348,0409,040a,altitude,latitude,longitude,satelites,bearing,angular_speed,correct_altitude,slope
1272409,2024-09-23 19:35:42,2024-09-23 19:35:42,181,70,True,9.071,47.347,53,5.4,0.0,83,0,884.5,14.5,13.0,6715.551,-7.312,878100.25,0.175,,,,,,,,1238,35.702599,51.386497,12,65.88,-0.1861219114326755,1221.0,0.0
1272909,2024-09-23 19:35:42,2024-09-23 19:35:42,181,70,True,9.143,46.887,73,21.861,31.479,84,0,938.0,14.5,13.0,6715.551,28.438,878247.375,0.175,,,,,,,,1238,35.702599,51.386497,12,65.88,0.0,1221.0,0.0
1273409,2024-09-23 19:35:42,2024-09-23 19:35:42,181,70,True,9.143,46.316,95,39.168,19.794,84,0,1886.25,14.5,13.0,6715.551,68.062,878887.875,0.175,,,,,,,,1238,35.702599,51.386497,12,65.88,0.0,1221.0,0.0
1273909,2024-09-23 19:35:42,2024-09-23 19:35:42,181,70,True,9.214,45.371,61,13.83,17.026,84,0,2233.5,14.5,13.0,6715.551,34.688,879612.375,0.175,,,,,,,,1238,35.702599,51.386497,12,65.88,0.0,1221.0,0.0
