time,timestamp_received,timestamp,trip,signal,isLive,Battery_voltage,Fuel_level,Intake_manifold_absolute_pressure,Throttle_position,Accelerator_pedal_position,Coolant_temperature,Vehicle_Speed,Engine_speed,Target_air_fuel_ratio,Current_gear_shift_position_(Current_gear),Cumulative_mileage,Clutch_torque,Trip_fuel_consumption,RON_factor,0313,0314,033d,0345,0348,0409,040a,altitude,latitude,longitude,satelites,bearing,angular_speed,correct_altitude,slope
291382,2024-08-19 07:50:56,2024-08-19 07:50:50,23,58,True,9.286,28.893,43,3.955,0.0,79,6,856.0,14.5,1.0,4884.875,-6.875,304681.25,0.316,,,,,,,,1226,35.737846,51.108715,9,12.94,-0.0413992098573055,1203.5,0.0
291882,2024-08-19 07:50:56,2024-08-19 07:50:50,23,58,True,9.357,28.631,42,3.926,0.0,79,6,867.0,14.5,1.0,4884.875,-9.688,304831.375,0.316,,,,,,,,1226,35.737846,51.108715,9,12.94,0.0,1203.5,0.0
292382,2024-08-19 07:50:56,2024-08-19 07:50:50,23,58,True,9.214,28.592,42,3.906,0.0,79,7,857.75,14.5,1.0,4884.875,-9.25,304997.125,0.316,,,,,,,,1226,35.737846,51.108715,9,12.94,0.0,1203.5,0.0
292882,2024-08-19 07:50:56,2024-08-19 07:50:50,23,58,True,9.214,28.674,43,4.061,0.0,79,7,857.0,14.5,1.0,4884.879,-6.938,305175.0,0.316,,,,,,,,1226,35.737846,51.108715,9,12.94,0.0,1203.5,0.0
