time,timestamp_received,timestamp,trip,signal,isLive,Battery_voltage,Fuel_level,Intake_manifold_absolute_pressure,Throttle_position,Accelerator_pedal_position,Coolant_temperature,Vehicle_Speed,Engine_speed,Target_air_fuel_ratio,Current_gear_shift_position_(Current_gear),Cumulative_mileage,Clutch_torque,Trip_fuel_consumption,RON_factor,0313,0314,033d,0345,0348,0409,040a,altitude,latitude,longitude,satelites,bearing,angular_speed,correct_altitude,slope
819388,2024-08-19 07:59:42,2024-08-19 07:59:38,23,80,True,9.214,20.236,71,11.773,17.474,85,30,2221.25,14.5,2.0,4890.875,31.688,822920.625,0.316,,,,,,,,1242,35.723064,51.171623,12,102.76,-0.0010084124567078,1219.4,0.0
819888,2024-08-19 07:59:42,2024-08-19 07:59:38,23,80,True,9.214,19.389,44,12.664,25.711,85,31,2231.5,14.5,2.0,4890.879,23.312,823394.5,0.316,,,,,,,,1242,35.723064,51.171623,12,102.76,0.0,1219.4,0.0
820388,2024-08-19 07:59:42,2024-08-19 07:59:38,23,80,True,9.286,19.646,52,14.453,35.315,85,32,2311.0,14.5,2.0,4890.883,37.312,823880.0,0.316,,,,,,,,1242,35.723064,51.171623,12,102.76,0.0,1219.4,0.0
820888,2024-08-19 07:59:42,2024-08-19 07:59:38,23,80,True,9.214,18.858,73,22.174,43.387,85,33,2380.5,14.5,2.0,4890.887,75.562,824679.125,0.316,,,,,,,,1242,35.723064,51.171623,12,102.76,0.0,1219.4,0.0
