time,timestamp_received,timestamp,trip,signal,isLive,Battery_voltage,Fuel_level,Intake_manifold_absolute_pressure,Throttle_position,Accelerator_pedal_position,Coolant_temperature,Vehicle_Speed,Engine_speed,Target_air_fuel_ratio,Current_gear_shift_position_(Current_gear),Cumulative_mileage,Clutch_torque,Trip_fuel_consumption,RON_factor,0313,0314,033d,0345,0348,0409,040a,altitude,latitude,longitude,satelites,bearing,angular_speed,correct_altitude,slope
1096409,2024-09-23 19:32:47,2024-09-23 19:32:47,181,100,True,8.929,43.433,55,9.457,14.233,82,0,1301.75,14.5,13.0,6714.84,31.375,730448.125,0.175,,,,,,,,1232,35.700726,51.380566,12,58.38,0.0,1209.5,0.0
1096909,2024-09-23 19:32:47,2024-09-23 19:32:47,181,100,True,8.857,43.364,55,10.305,13.071,82,0,1641.0,14.5,13.0,6714.84,28.25,730733.0,0.175,,,,,,,,1232,35.700726,51.380566,12,58.38,0.0,1209.5,0.0
1097409,2024-09-23 19:32:47,2024-09-23 19:32:47,181,100,True,8.786,43.302,47,9.186,3.214,82,0,1950.5,14.5,13.0,6714.84,15.062,731139.125,0.175,,,,,,,,1232,35.700726,51.380566,12,58.38,0.0,1209.5,0.0
1097909,2024-09-23 19:32:47,2024-09-23 19:32:47,181,100,True,8.929,43.246,45,9.215,2.957,82,0,1957.5,14.5,13.0,6714.84,14.188,731518.625,0.175,,,,,,,,1232,35.700726,51.380566,12,58.38,0.0,1209.5,0.0
