time,timestamp_received,timestamp,trip,signal,isLive,Battery_voltage,Fuel_level,Intake_manifold_absolute_pressure,Throttle_position,Accelerator_pedal_position,Coolant_temperature,Vehicle_Speed,Engine_speed,Target_air_fuel_ratio,Current_gear_shift_position_(Current_gear),Cumulative_mileage,Clutch_torque,Trip_fuel_consumption,RON_factor,0313,0314,033d,0345,0348,0409,040a,altitude,latitude,longitude,satelites,bearing,angular_speed,correct_altitude,slope
781388,2024-08-19 07:59:03,2024-08-19 07:59:00,23,74,True,9.286,32.604,27,2.553,0.0,86,32,706.5,12.7,5.0,4890.699,0.062,800910.625,0.316,,,,,,,,1242,35.723396,51.169807,12,102.22,-0.0069813170079773,1219.0,0.0
781888,2024-08-19 07:59:03,2024-08-19 07:59:00,23,74,True,9.357,33.5,31,3.09,0.0,86,29,627.75,12.7,5.0,4890.703,4.688,801010.875,0.316,,,,,,,,1242,35.723396,51.169807,12,102.22,0.0,1219.0,0.0
782388,2024-08-19 07:59:03,2024-08-19 07:59:00,23,74,True,9.429,33.484,33,3.209,0.0,86,26,766.75,12.7,4.0,4890.707,10.125,801144.938,0.316,,,,,,,,1242,35.723396,51.169807,12,102.22,0.0,1219.0,0.0
782888,2024-08-19 07:59:03,2024-08-19 07:59:00,23,74,True,9.357,32.292,31,3.703,0.0,86,25,949.75,12.7,3.0,4890.711,-1.125,801311.875,0.316,,,,,,,,1242,35.723396,51.169807,12,102.22,0.0,1219.0,0.0
