time,timestamp_received,timestamp,trip,signal,isLive,Battery_voltage,Fuel_level,Intake_manifold_absolute_pressure,Throttle_position,Accelerator_pedal_position,Coolant_temperature,Vehicle_Speed,Engine_speed,Target_air_fuel_ratio,Current_gear_shift_position_(Current_gear),Cumulative_mileage,Clutch_torque,Trip_fuel_consumption,RON_factor,0313,0314,033d,0345,0348,0409,040a,altitude,latitude,longitude,satelites,bearing,angular_speed,correct_altitude,slope
2397435,2024-09-23 19:54:36,2024-09-23 19:54:36,182,96,True,8.5,37.819,50,3.877,0.0,92,0,685.75,14.5,14.0,6718.789,19.75,414090.469,0.175,,,,,,,,1276,35.715595,51.405117,12,270.0,-0.990718696602061,1245.5,0.0
2397935,2024-09-23 19:54:36,2024-09-23 19:54:36,182,96,True,8.643,38.311,50,4.814,0.0,89,0,882.5,14.5,14.0,6718.789,1.625,414231.688,0.175,,,,,,,,1276,35.715595,51.405117,12,270.0,0.0,1245.5,0.0
2398435,2024-09-23 19:54:36,2024-09-23 19:54:36,182,96,True,8.714,38.323,47,4.848,0.0,91,0,976.5,14.5,14.0,6718.789,-2.062,414431.625,0.175,,,,,,,,1276,35.715595,51.405117,12,270.0,0.0,1245.5,0.0
2398935,2024-09-23 19:54:36,2024-09-23 19:54:36,182,96,True,8.714,37.707,46,4.695,0.0,91,0,975.75,14.5,13.0,6718.789,-2.312,414639.562,0.175,,,,,,,,1276,35.715595,51.405117,12,270.0,0.0,1245.5,0.0
