time,timestamp_received,timestamp,trip,signal,isLive,Battery_voltage,Fuel_level,Intake_manifold_absolute_pressure,Throttle_position,Accelerator_pedal_position,Coolant_temperature,Vehicle_Speed,Engine_speed,Target_air_fuel_ratio,Current_gear_shift_position_(Current_gear),Cumulative_mileage,Clutch_torque,Trip_fuel_consumption,RON_factor,0313,0314,033d,0345,0348,0409,040a,altitude,latitude,longitude,satelites,bearing,angular_speed,correct_altitude,slope
4464497,2024-09-04 17:20:16,2024-09-04 17:20:16,74,32,True,9.786,84.12,88,16.027,33.087,86,61,2755.25,14.5,3.0,5565.648,92.625,5797436.0,0.0,,,,,,,,-8,37.39101,49.316692,12,68.17,-0.2046224015038152,-21.2,0.0
4464997,2024-09-04 17:20:16,2024-09-04 17:20:16,74,32,True,9.714,83.277,77,15.332,31.787,86,62,2804.25,14.5,3.0,5565.66,82.25,5798396.0,0.0,,,,,,,,-8,37.39101,49.316692,12,68.17,0.0,-21.2,0.0
4465497,2024-09-04 17:20:16,2024-09-04 17:20:16,74,32,True,9.714,82.518,71,14.557,30.606,86,63,2845.25,14.5,3.0,5565.668,72.188,5799462.5,0.0,,,,,,,,-8,37.39101,49.316692,12,68.17,0.0,-21.2,0.0
4465997,2024-09-04 17:20:16,2024-09-04 17:20:16,74,32,True,9.714,81.756,68,13.957,23.044,86,64,2888.0,14.5,3.0,5565.676,61.75,5800461.5,0.0,,,,,,,,-8,37.39101,49.316692,12,68.17,0.0,-21.2,0.0
