time,timestamp_received,timestamp,trip,signal,isLive,Battery_voltage,Fuel_level,Intake_manifold_absolute_pressure,Throttle_position,Accelerator_pedal_position,Coolant_temperature,Vehicle_Speed,Engine_speed,Target_air_fuel_ratio,Current_gear_shift_position_(Current_gear),Cumulative_mileage,Clutch_torque,Trip_fuel_consumption,RON_factor,0313,0314,033d,0345,0348,0409,040a,altitude,latitude,longitude,satelites,bearing,angular_speed,correct_altitude,slope
995388,2024-08-19 08:02:37,2024-08-19 08:02:34,23,83,True,9.357,24.155,39,11.113,15.448,88,79,2522.5,14.5,4.0,4894.543,20.375,1069715.125,0.266,,,,,,,,1242,35.715542,51.211262,12,103.35,0.0020943951023932,1221.8,0.0
995888,2024-08-19 08:02:37,2024-08-19 08:02:34,23,83,True,9.357,24.367,36,10.451,9.091,88,79,2515.0,14.5,4.0,4894.551,15.375,1070052.375,0.266,,,,,,,,1242,35.715542,51.211262,12,103.35,0.0,1221.8,0.0
996388,2024-08-19 08:02:37,2024-08-19 08:02:34,23,83,True,9.429,24.557,29,8.217,4.33,88,79,2488.5,14.5,4.0,4894.562,4.062,1070404.5,0.266,,,,,,,,1242,35.715542,51.211262,12,103.35,0.0,1221.8,0.0
996888,2024-08-19 08:02:37,2024-08-19 08:02:34,23,83,True,9.429,24.729,27,7.805,7.596,88,78,2482.0,14.5,4.0,4894.574,2.938,1070663.375,0.266,,,,,,,,1242,35.715542,51.211262,12,103.35,0.0,1221.8,0.0
