time,timestamp_received,timestamp,trip,signal,isLive,Battery_voltage,Fuel_level,Intake_manifold_absolute_pressure,Throttle_position,Accelerator_pedal_position,Coolant_temperature,Vehicle_Speed,Engine_speed,Target_air_fuel_ratio,Current_gear_shift_position_(Current_gear),Cumulative_mileage,Clutch_torque,Trip_fuel_consumption,RON_factor,0313,0314,033d,0345,0348,0409,040a,altitude,latitude,longitude,satelites,bearing,angular_speed,correct_altitude,slope
761388,2024-08-19 07:58:43,2024-08-19 07:58:40,23,74,True,9.357,24.186,46,15.709,38.025,86,86,2726.0,14.5,4.0,4890.266,45.375,787127.188,0.316,,,,,,,,1244,35.724228,51.165371,12,103.06,-0.0020943951023932,1221.3,0.0
761888,2024-08-19 07:58:43,2024-08-19 07:58:40,23,74,True,9.357,23.728,66,19.844,38.815,86,86,2728.75,14.5,4.0,4890.277,73.375,787752.062,0.316,,,,,,,,1244,35.724228,51.165371,12,103.06,0.0,1221.3,0.0
762388,2024-08-19 07:58:43,2024-08-19 07:58:40,23,74,True,9.429,23.983,74,18.93,28.339,86,87,2751.5,14.5,4.0,4890.289,77.125,788846.562,0.316,,,,,,,,1244,35.724228,51.165371,12,103.06,0.0,1221.3,0.0
762888,2024-08-19 07:58:43,2024-08-19 07:58:40,23,74,True,9.357,22.879,49,13.457,27.615,86,87,2754.25,14.5,4.0,4890.301,40.062,789760.5,0.316,,,,,,,,1244,35.724228,51.165371,12,103.06,0.0,1221.3,0.0
