time,timestamp_received,timestamp,trip,signal,isLive,Battery_voltage,Fuel_level,Intake_manifold_absolute_pressure,Throttle_position,Accelerator_pedal_position,Coolant_temperature,Vehicle_Speed,Engine_speed,Target_air_fuel_ratio,Current_gear_shift_position_(Current_gear),Cumulative_mileage,Clutch_torque,Trip_fuel_consumption,RON_factor,0313,0314,033d,0345,0348,0409,040a,altitude,latitude,longitude,satelites,bearing,angular_speed,correct_altitude,slope
939388,2024-08-19 08:01:41,2024-08-19 08:01:38,23,83,True,9.429,25.122,32,9.051,10.217,87,79,2519.75,14.5,4.0,4893.344,7.562,988589.375,0.316,,,,,,,,1242,35.717979,51.198357,12,104.53,0.003630284844148,1206.6,0.0
939888,2024-08-19 08:01:41,2024-08-19 08:01:38,23,83,True,9.357,25.237,29,8.74,12.296,87,79,2516.0,14.5,4.0,4893.355,5.188,988848.812,0.316,,,,,,,,1242,35.717979,51.198357,12,104.53,0.0,1206.6,0.0
940388,2024-08-19 08:01:41,2024-08-19 08:01:38,23,83,True,9.357,25.498,30,9.475,12.296,87,79,2503.0,14.5,4.0,4893.367,7.938,989139.562,0.316,,,,,,,,1242,35.717979,51.198357,12,104.53,0.0,1206.6,0.0
940888,2024-08-19 08:01:41,2024-08-19 08:01:38,23,83,True,9.429,25.576,31,9.619,12.436,87,78,2482.75,14.5,4.0,4893.379,9.812,989452.625,0.316,,,,,,,,1242,35.717979,51.198357,12,104.53,0.0,1206.6,0.0
