time,timestamp_received,timestamp,trip,signal,isLive,Battery_voltage,Fuel_level,Intake_manifold_absolute_pressure,Throttle_position,Accelerator_pedal_position,Coolant_temperature,Vehicle_Speed,Engine_speed,Target_air_fuel_ratio,Current_gear_shift_position_(Current_gear),Cumulative_mileage,Clutch_torque,Trip_fuel_consumption,RON_factor,0313,0314,033d,0345,0348,0409,040a,altitude,latitude,longitude,satelites,bearing,angular_speed,correct_altitude,slope
2237435,2024-09-23 19:51:47,2024-09-23 19:51:47,182,45,True,9.143,39.367,47,8.551,20.23,86,22,1626.25,14.5,2.0,6718.031,35.062,290485.0,0.175,,,,,,,,1255,35.713913,51.400593,12,54.46,0.0227532128816885,1242.6,0.0
2237935,2024-09-23 19:51:47,2024-09-23 19:51:47,182,45,True,9.071,40.293,50,10.127,25.198,88,23,1650.0,14.5,2.0,6718.031,42.75,290697.0,0.175,,,,,,,,1255,35.713913,51.400593,12,54.46,0.0,1242.6,0.0
2238435,2024-09-23 19:51:47,2024-09-23 19:51:47,182,45,True,9.143,39.95,59,13.217,27.798,88,24,1736.0,14.5,2.0,6718.035,48.0,291107.094,0.175,,,,,,,,1255,35.713913,51.400593,12,54.46,0.0,1242.6,0.0
2238935,2024-09-23 19:51:47,2024-09-23 19:51:47,182,45,True,9.071,39.249,75,14.189,21.155,88,25,1841.25,14.5,2.0,6718.039,50.562,291759.625,0.175,,,,,,,,1255,35.713913,51.400593,12,54.46,0.0,1242.6,0.0
