time,timestamp_received,timestamp,trip,signal,isLive,Battery_voltage,Fuel_level,Intake_manifold_absolute_pressure,Throttle_position,Accelerator_pedal_position,Coolant_temperature,Vehicle_Speed,Engine_speed,Target_air_fuel_ratio,Current_gear_shift_position_(Current_gear),Cumulative_mileage,Clutch_torque,Trip_fuel_consumption,RON_factor,0313,0314,033d,0345,0348,0409,040a,altitude,latitude,longitude,satelites,bearing,angular_speed,correct_altitude,slope
3490492,2024-09-04 17:04:01,2024-09-04 17:04:01,74,25,True,9.571,72.807,83,10.387,21.106,85,20,1494.75,14.5,2.0,5551.457,63.812,4206380.0,0.0,,,,,,,,0,37.463932,49.228615,12,126.12,-0.0006984110652237,-15.2,0.0
3490992,2024-09-04 17:04:01,2024-09-04 17:04:01,74,25,True,9.643,72.585,69,10.051,32.709,85,21,1527.25,14.5,2.0,5551.461,53.188,4206819.0,0.0,,,,,,,,0,37.463932,49.228615,12,126.12,0.0,-15.2,0.0
3491492,2024-09-04 17:04:01,2024-09-04 17:04:01,74,25,True,9.571,72.542,78,13.25,24.561,85,23,1693.25,14.5,2.0,5551.465,63.625,4207413.5,0.0,,,,,,,,0,37.463932,49.228615,12,126.12,0.0,-15.2,0.0
3491992,2024-09-04 17:04:01,2024-09-04 17:04:01,74,25,True,9.571,72.033,72,12.24,24.136,85,24,1782.5,14.5,2.0,5551.465,56.5,4208130.5,0.0,,,,,,,,0,37.463932,49.228615,12,126.12,0.0,-15.2,0.0
