time,timestamp_received,timestamp,trip,signal,isLive,Battery_voltage,Fuel_level,Intake_manifold_absolute_pressure,Throttle_position,Accelerator_pedal_position,Coolant_temperature,Vehicle_Speed,Engine_speed,Target_air_fuel_ratio,Current_gear_shift_position_(Current_gear),Cumulative_mileage,Clutch_torque,Trip_fuel_consumption,RON_factor,0313,0314,033d,0345,0348,0409,040a,altitude,latitude,longitude,satelites,bearing,angular_speed,correct_altitude,slope
5326610,2024-09-04 17:34:38,2024-09-04 17:34:38,74,45,True,9.5,75.139,73,14.465,39.017,89,18,1382.25,14.5,2.0,5578.297,66.562,7029680.5,0.0,,,,,,,,-8,37.352535,49.432137,12,83.04,0.0127758101245985,-18.9,0.0
5327110,2024-09-04 17:34:38,2024-09-04 17:34:38,74,45,True,9.5,73.39,102,26.869,40.463,89,19,1387.25,14.5,2.0,5578.297,76.062,7030285.0,0.0,,,,,,,,-8,37.352535,49.432137,12,83.04,0.0,-18.9,0.0
5327610,2024-09-04 17:34:38,2024-09-04 17:34:38,74,45,True,9.5,71.267,110,36.396,40.485,89,21,1537.0,14.5,2.0,5578.301,79.0,7031205.5,0.0,,,,,,,,-8,37.352535,49.432137,12,83.04,0.0,-18.9,0.0
5328110,2024-09-04 17:34:38,2024-09-04 17:34:38,74,45,True,9.5,70.375,121,38.771,29.306,89,23,1714.5,13.6,2.0,5578.301,91.125,7032295.5,0.0,,,,,,,,-8,37.352535,49.432137,12,83.04,0.0,-18.9,0.0
