time,timestamp_received,timestamp,trip,signal,isLive,Battery_voltage,Fuel_level,Intake_manifold_absolute_pressure,Throttle_position,Accelerator_pedal_position,Coolant_temperature,Vehicle_Speed,Engine_speed,Target_air_fuel_ratio,Current_gear_shift_position_(Current_gear),Cumulative_mileage,Clutch_torque,Trip_fuel_consumption,RON_factor,0313,0314,033d,0345,0348,0409,040a,altitude,latitude,longitude,satelites,bearing,angular_speed,correct_altitude,slope
1071387,2024-08-19 08:03:53,2024-08-19 08:03:50,23,96,True,9.214,25.241,38,11.406,20.398,89,74,2376.25,12.7,4.0,4896.086,12.875,1152655.375,0.266,,,,,,,,1242,35.71241,51.22797,12,102.89,0.0016755160819146,1231.0,0.0
1071887,2024-08-19 08:03:53,2024-08-19 08:03:50,23,96,True,9.286,25.345,45,12.855,28.522,89,74,2343.75,13.0,4.0,4896.098,22.688,1153148.125,0.266,,,,,,,,1242,35.71241,51.22797,12,102.89,0.0,1231.0,0.0
1072387,2024-08-19 08:03:53,2024-08-19 08:03:50,23,96,True,9.286,25.438,56,15.234,27.029,89,74,2332.0,14.5,4.0,4896.109,40.062,1153855.0,0.266,,,,,,,,1242,35.71241,51.22797,12,102.89,0.0,1231.0,0.0
1072887,2024-08-19 08:03:53,2024-08-19 08:03:50,23,96,True,9.214,25.09,75,25.674,47.247,89,74,2341.5,14.5,4.0,4896.117,81.125,1154661.75,0.266,,,,,,,,1242,35.71241,51.22797,12,102.89,0.0,1231.0,0.0
