time,timestamp_received,timestamp,trip,signal,isLive,Battery_voltage,Fuel_level,Intake_manifold_absolute_pressure,Throttle_position,Accelerator_pedal_position,Coolant_temperature,Vehicle_Speed,Engine_speed,Target_air_fuel_ratio,Current_gear_shift_position_(Current_gear),Cumulative_mileage,Clutch_torque,Trip_fuel_consumption,RON_factor,0313,0314,033d,0345,0348,0409,040a,altitude,latitude,longitude,satelites,bearing,angular_speed,correct_altitude,slope
3198494,2024-09-04 16:59:09,2024-09-04 16:59:09,74,38,True,9.0,75.47,98,20.674,21.191,84,16,1186.75,14.5,2.0,5547.078,62.25,3801030.5,0.0,,,,,,,,16,37.482536,49.190968,12,165.09,0.0179419847105016,5.5,0.0
3198994,2024-09-04 16:59:09,2024-09-04 16:59:09,74,38,True,9.071,74.668,84,8.477,3.357,84,17,1283.75,14.5,2.0,5547.078,44.938,3801665.25,0.0,,,,,,,,16,37.482536,49.190968,12,165.09,0.0,5.5,0.0
3199494,2024-09-04 16:59:09,2024-09-04 16:59:09,74,38,True,9.071,75.083,52,6.627,0.262,84,18,1335.75,14.5,2.0,5547.078,14.875,3802024.75,0.0,,,,,,,,16,37.482536,49.190968,12,165.09,0.0,5.5,0.0
3199994,2024-09-04 16:59:09,2024-09-04 16:59:09,74,38,True,9.071,75.457,42,5.371,0.0,84,18,1266.5,14.5,2.0,5547.082,-4.562,3802219.0,0.0,,,,,,,,16,37.482536,49.190968,12,165.09,0.0,5.5,0.0
