time,timestamp_received,timestamp,trip,signal,isLive,Battery_voltage,Fuel_level,Intake_manifold_absolute_pressure,Throttle_position,Accelerator_pedal_position,Coolant_temperature,Vehicle_Speed,Engine_speed,Target_air_fuel_ratio,Current_gear_shift_position_(Current_gear),Cumulative_mileage,Clutch_torque,Trip_fuel_consumption,RON_factor,0313,0314,033d,0345,0348,0409,040a,altitude,latitude,longitude,satelites,bearing,angular_speed,correct_altitude,slope
4126494,2024-09-04 17:14:37,2024-09-04 17:14:37,74,32,True,9.714,49.3,79,11.146,23.584,85,62,1966.0,14.5,4.0,5559.426,62.562,5071836.0,0.0,,,,,,,,-9,37.41959,49.277222,12,129.57,0.2204001779418439,-21.1,0.0
4126994,2024-09-04 17:14:37,2024-09-04 17:14:37,74,32,True,9.571,51.155,78,10.979,23.468,85,63,1992.0,14.5,4.0,5559.438,60.125,5072506.5,0.0,,,,,,,,-9,37.41959,49.277222,12,129.57,0.0,-21.1,0.0
4127494,2024-09-04 17:14:37,2024-09-04 17:14:37,74,32,True,9.571,53.137,82,13.211,38.135,85,63,2006.25,14.5,4.0,5559.445,74.875,5073309.5,0.0,,,,,,,,-9,37.41959,49.277222,12,129.57,0.0,-21.1,0.0
4127994,2024-09-04 17:14:37,2024-09-04 17:14:37,74,32,True,9.643,52.647,91,16.875,39.993,85,64,2020.5,14.5,4.0,5559.453,97.812,5074386.5,0.0,,,,,,,,-9,37.41959,49.277222,12,129.57,0.0,-21.1,0.0
