time,timestamp_received,timestamp,trip,signal,isLive,Battery_voltage,Fuel_level,Intake_manifold_absolute_pressure,Throttle_position,Accelerator_pedal_position,Coolant_temperature,Vehicle_Speed,Engine_speed,Target_air_fuel_ratio,Current_gear_shift_position_(Current_gear),Cumulative_mileage,Clutch_torque,Trip_fuel_consumption,RON_factor,0313,0314,033d,0345,0348,0409,040a,altitude,latitude,longitude,satelites,bearing,angular_speed,correct_altitude,slope
3358494,2024-09-04 17:01:49,2024-09-04 17:01:49,74,25,True,9.571,76.22,47,7.586,0.0,85,74,2342.75,14.5,4.0,5549.824,-37.625,4078133.0,0.0,,,,,,,,3,37.467937,49.211468,12,87.51,-0.0013962634015953,-11.7,0.0
3358994,2024-09-04 17:01:49,2024-09-04 17:01:49,74,25,True,9.571,76.049,48,7.793,0.0,85,73,2325.0,14.5,4.0,5549.832,-37.625,4078133.0,0.0,,,,,,,,3,37.467937,49.211468,12,87.51,0.0,-11.7,0.0
3359494,2024-09-04 17:01:49,2024-09-04 17:01:49,74,25,True,9.643,76.209,47,7.445,0.0,85,72,2297.25,14.5,4.0,5549.844,-37.312,4078133.0,0.0,,,,,,,,3,37.467937,49.211468,12,87.51,0.0,-11.7,0.0
3359994,2024-09-04 17:01:49,2024-09-04 17:01:49,74,25,True,9.643,76.627,45,7.764,22.299,85,72,2380.0,12.9,4.0,5549.852,24.625,4078217.75,0.0,,,,,,,,3,37.467937,49.211468,12,87.51,0.0,-11.7,0.0
