time,timestamp_received,timestamp,trip,signal,isLive,Battery_voltage,Fuel_level,Intake_manifold_absolute_pressure,Throttle_position,Accelerator_pedal_position,Coolant_temperature,Vehicle_Speed,Engine_speed,Target_air_fuel_ratio,Current_gear_shift_position_(Current_gear),Cumulative_mileage,Clutch_torque,Trip_fuel_consumption,RON_factor,0313,0314,033d,0345,0348,0409,040a,altitude,latitude,longitude,satelites,bearing,angular_speed,correct_altitude,slope
6832614,2024-09-04 17:59:43,2024-09-04 17:59:43,74,48,True,9.571,83.714,44,3.42,0.0,87,15,864.25,14.5,3.0,5595.168,-2.625,8682178.0,0.0,,,,,,,,-9,37.372417,49.58213,12,354.65,-0.0791603778515653,-20.0,0.0
6833114,2024-09-04 17:59:43,2024-09-04 17:59:43,74,48,True,9.5,83.931,44,3.381,0.0,87,15,874.75,14.5,3.0,5595.168,-4.812,8682321.0,0.0,,,,,,,,-9,37.372417,49.58213,12,354.65,0.0,-20.0,0.0
6833614,2024-09-04 17:59:43,2024-09-04 17:59:43,74,48,True,9.5,83.969,43,3.338,0.0,87,16,863.75,14.5,3.0,5595.172,-4.062,8682484.0,0.0,,,,,,,,-9,37.372417,49.58213,12,354.65,0.0,-20.0,0.0
6834114,2024-09-04 17:59:43,2024-09-04 17:59:43,74,48,True,9.5,82.748,46,6.658,21.411,87,16,971.25,14.5,2.0,5595.172,19.75,8682660.0,0.0,,,,,,,,-9,37.372417,49.58213,12,354.65,0.0,-20.0,0.0
