time,timestamp_received,timestamp,trip,signal,isLive,Battery_voltage,Fuel_level,Intake_manifold_absolute_pressure,Throttle_position,Accelerator_pedal_position,Coolant_temperature,Vehicle_Speed,Engine_speed,Target_air_fuel_ratio,Current_gear_shift_position_(Current_gear),Cumulative_mileage,Clutch_torque,Trip_fuel_consumption,RON_factor,0313,0314,033d,0345,0348,0409,040a,altitude,latitude,longitude,satelites,bearing,angular_speed,correct_altitude,slope
808502,2024-09-04 16:19:20,2024-09-04 16:19:20,74,64,True,9.143,74.963,38,9.539,27.142,87,93,2947.5,14.5,4.0,5531.188,3.25,1585384.375,0.0,,,,,,,,26,37.579262,49.10516,12,125.24,-0.0175929188601029,11.9,0.0
809002,2024-09-04 16:19:20,2024-09-04 16:19:20,74,64,True,9.214,76.055,60,17.076,54.898,87,93,2900.75,14.5,4.0,5531.199,54.75,1585869.75,0.0,,,,,,,,26,37.579262,49.10516,12,125.24,0.0,11.9,0.0
809502,2024-09-04 16:19:20,2024-09-04 16:19:20,74,64,True,9.214,76.292,116,35.971,71.057,87,93,2946.25,13.3,4.0,5531.211,122.375,1587304.0,0.0,,,,,,,,26,37.579262,49.10516,12,125.24,0.0,11.9,0.0
810002,2024-09-04 16:19:20,2024-09-04 16:19:20,74,64,True,9.214,76.036,138,50.066,59.879,87,94,2999.75,11.9,4.0,5531.223,135.312,1590171.0,0.0,,,,,,,,26,37.579262,49.10516,12,125.24,0.0,11.9,0.0
