time,timestamp_received,timestamp,trip,signal,isLive,Battery_voltage,Fuel_level,Intake_manifold_absolute_pressure,Throttle_position,Accelerator_pedal_position,Coolant_temperature,Vehicle_Speed,Engine_speed,Target_air_fuel_ratio,Current_gear_shift_position_(Current_gear),Cumulative_mileage,Clutch_torque,Trip_fuel_consumption,RON_factor,0313,0314,033d,0345,0348,0409,040a,altitude,latitude,longitude,satelites,bearing,angular_speed,correct_altitude,slope
3722493,2024-09-04 17:07:53,2024-09-04 17:07:53,74,93,True,9.571,77.92,119,50.104,70.673,85,36,1623.0,13.6,3.0,5553.551,84.5,4458589.5,0.0,,,,,,,,-5,37.45306,49.246876,12,146.05,0.003752814081431,-18.7,0.0
3722993,2024-09-04 17:07:53,2024-09-04 17:07:53,74,93,True,9.5,77.815,129,82.201,70.697,86,37,1663.25,12.6,3.0,5553.555,95.75,4459598.0,0.0,,,,,,,,-5,37.45306,49.246876,12,146.05,0.0,-18.7,0.0
3723493,2024-09-04 17:07:53,2024-09-04 17:07:53,74,93,True,9.571,77.092,140,100.133,64.725,86,38,1730.5,11.7,3.0,5553.559,115.188,4461309.5,0.0,,,,,,,,-5,37.45306,49.246876,12,146.05,0.0,-18.7,0.0
3723993,2024-09-04 17:07:53,2024-09-04 17:07:53,74,93,True,9.571,75.618,152,99.648,64.325,86,40,1842.75,11.3,3.0,5553.566,130.188,4463370.5,0.0,,,,,,,,-5,37.45306,49.246876,12,146.05,0.0,-18.7,0.0
