time,timestamp_received,timestamp,trip,signal,isLive,Battery_voltage,Fuel_level,Intake_manifold_absolute_pressure,Throttle_position,Accelerator_pedal_position,Coolant_temperature,Vehicle_Speed,Engine_speed,Target_air_fuel_ratio,Current_gear_shift_position_(Current_gear),Cumulative_mileage,Clutch_torque,Trip_fuel_consumption,RON_factor,0313,0314,033d,0345,0348,0409,040a,altitude,latitude,longitude,satelites,bearing,angular_speed,correct_altitude,slope
1959426,2024-09-23 19:47:09,2024-09-23 19:47:09,182,67,True,9.071,30.627,39,7.006,21.075,81,22,1655.25,14.5,2.0,6716.52,6.75,91429.938,0.175,,,,,,,,1255,35.707577,51.390781,12,90.0,0.1949881840328065,1231.4,0.0
1959926,2024-09-23 19:47:09,2024-09-23 19:47:09,182,67,True,8.929,31.133,45,9.066,22.9,81,22,1607.0,14.5,2.0,6716.52,17.812,91635.375,0.175,,,,,,,,1255,35.707577,51.390781,12,90.0,0.0,1231.4,0.0
1960426,2024-09-23 19:47:09,2024-09-23 19:47:09,182,67,True,8.929,31.745,59,11.996,35.236,80,22,1671.5,14.5,2.0,6716.523,50.562,91989.734,0.175,,,,,,,,1255,35.707577,51.390781,12,90.0,0.0,1231.4,0.0
1960926,2024-09-23 19:47:09,2024-09-23 19:47:09,182,67,True,9.071,31.59,56,9.145,15.311,81,23,1717.0,14.5,2.0,6716.527,40.312,92598.875,0.175,,,,,,,,1255,35.707577,51.390781,12,90.0,0.0,1231.4,0.0
