time,timestamp_received,timestamp,trip,signal,isLive,Battery_voltage,Fuel_level,Intake_manifold_absolute_pressure,Throttle_position,Accelerator_pedal_position,Coolant_temperature,Vehicle_Speed,Engine_speed,Target_air_fuel_ratio,Current_gear_shift_position_(Current_gear),Cumulative_mileage,Clutch_torque,Trip_fuel_consumption,RON_factor,0313,0314,033d,0345,0348,0409,040a,altitude,latitude,longitude,satelites,bearing,angular_speed,correct_altitude,slope
5396610,2024-09-04 17:35:47,2024-09-04 17:35:47,74,41,True,9.429,75.041,83,16.293,23.157,89,31,1414.0,14.5,3.0,5578.941,71.375,7104048.0,0.0,,,,,,,,-7,37.35585,49.437843,12,66.38,-0.0117286125734019,-19.7,0.0
5397110,2024-09-04 17:35:47,2024-09-04 17:35:47,74,41,True,9.5,74.949,65,7.441,0.0,89,31,1437.0,14.5,3.0,5578.941,27.875,7104618.5,0.0,,,,,,,,-7,37.35585,49.437843,12,66.38,0.0,-19.7,0.0
5397610,2024-09-04 17:35:47,2024-09-04 17:35:47,74,41,True,9.571,74.552,31,3.084,0.0,89,32,1435.5,14.5,3.0,5578.945,-5.688,7104879.5,0.0,,,,,,,,-7,37.35585,49.437843,12,66.38,0.0,-19.7,0.0
5398110,2024-09-04 17:35:47,2024-09-04 17:35:47,74,41,True,9.571,74.626,30,2.541,0.0,89,31,1025.25,14.5,4.0,5578.953,-1.75,7104961.0,0.0,,,,,,,,-7,37.35585,49.437843,12,66.38,0.0,-19.7,0.0
