time,timestamp_received,timestamp,trip,signal,isLive,Battery_voltage,Fuel_level,Intake_manifold_absolute_pressure,Throttle_position,Accelerator_pedal_position,Coolant_temperature,Vehicle_Speed,Engine_speed,Target_air_fuel_ratio,Current_gear_shift_position_(Current_gear),Cumulative_mileage,Clutch_torque,Trip_fuel_consumption,RON_factor,0313,0314,033d,0345,0348,0409,040a,altitude,latitude,longitude,satelites,bearing,angular_speed,correct_altitude,slope
1358410,2024-09-23 19:37:07,2024-09-23 19:37:07,181,51,True,8.929,40.074,65,14.775,24.106,85,4,2377.0,14.5,1.0,6715.941,45.188,940817.875,0.175,,,,,,,,1239,35.702896,51.390846,12,45.09,-0.16929693744345,1212.3,0.0
1358910,2024-09-23 19:37:07,2024-09-23 19:37:07,181,51,True,8.929,40.341,66,14.975,31.186,85,4,2411.75,14.5,1.0,6715.941,50.562,941413.25,0.175,,,,,,,,1239,35.702896,51.390846,12,45.09,0.0,1212.3,0.0
1359410,2024-09-23 19:37:07,2024-09-23 19:37:07,181,51,True,8.929,38.425,73,15.422,28.711,86,6,2198.25,14.5,1.0,6715.945,57.562,942211.562,0.175,,,,,,,,1239,35.702896,51.390846,12,45.09,0.0,1212.3,0.0
1359910,2024-09-23 19:37:07,2024-09-23 19:37:07,181,51,True,8.929,38.582,42,8.711,0.0,83,7,2301.0,14.5,1.0,6715.945,4.562,942825.625,0.175,,,,,,,,1239,35.702896,51.390846,12,45.09,0.0,1212.3,0.0
