time,timestamp_received,timestamp,trip,signal,isLive,Battery_voltage,Fuel_level,Intake_manifold_absolute_pressure,Throttle_position,Accelerator_pedal_position,Coolant_temperature,Vehicle_Speed,Engine_speed,Target_air_fuel_ratio,Current_gear_shift_position_(Current_gear),Cumulative_mileage,Clutch_torque,Trip_fuel_consumption,RON_factor,0313,0314,033d,0345,0348,0409,040a,altitude,latitude,longitude,satelites,bearing,angular_speed,correct_altitude,slope
2419435,2024-09-23 19:54:48,2024-09-23 19:54:48,182,100,True,0.0,36.912,91,7.617,0.0,91,0,0.0,14.5,13.0,6718.789,-39.125,416235.062,0.175,,,,,,,,1284,35.715576,51.405102,12,180.0,-0.1234255780439755,1245.5,0.0
2419935,2024-09-23 19:54:48,2024-09-23 19:54:48,182,100,True,0.0,36.907,91,7.631,0.0,91,0,0.0,14.5,13.0,6718.789,-39.125,416235.062,0.175,,,,,,,,1284,35.715576,51.405102,12,180.0,0.0,1245.5,0.0
2420435,2024-09-23 19:54:48,2024-09-23 19:54:48,182,100,True,0.0,36.903,91,7.68,0.0,91,0,0.0,14.5,13.0,6718.789,-39.125,416235.062,0.175,,,,,,,,1284,35.715576,51.405102,12,180.0,0.0,1245.5,0.0
2420936,2024-09-23 19:54:48,2024-09-23 19:54:48,182,100,True,0.0,36.899,91,7.635,0.0,91,0,0.0,14.5,13.0,6718.789,-39.125,416235.062,0.175,,,,,,,,1284,35.715576,51.405102,12,180.0,0.0,1245.5,0.0
