time,timestamp_received,timestamp,trip,signal,isLive,Battery_voltage,Fuel_level,Intake_manifold_absolute_pressure,Throttle_position,Accelerator_pedal_position,Coolant_temperature,Vehicle_Speed,Engine_speed,Target_air_fuel_ratio,Current_gear_shift_position_(Current_gear),Cumulative_mileage,Clutch_torque,Trip_fuel_consumption,RON_factor,0313,0314,033d,0345,0348,0409,040a,altitude,latitude,longitude,satelites,bearing,angular_speed,correct_altitude,slope
5492611,2024-09-04 17:37:23,2024-09-04 17:37:23,74,41,True,9.5,73.037,39,5.873,0.0,88,39,1730.75,14.5,3.0,5579.691,-26.062,7187463.0,0.0,,,,,,,,-4,37.354416,49.443539,12,171.18,0.014451326206513,-20.1,0.0
5493111,2024-09-04 17:37:23,2024-09-04 17:37:23,74,41,True,9.429,73.263,38,6.475,0.0,88,39,1731.75,14.5,3.0,5579.691,-36.125,7187558.0,0.0,,,,,,,,-4,37.354416,49.443539,12,171.18,0.0,-20.1,0.0
5493611,2024-09-04 17:37:23,2024-09-04 17:37:23,74,41,True,9.5,73.544,38,6.18,0.0,88,37,1716.75,12.2,3.0,5579.695,-36.438,7187568.5,0.0,,,,,,,,-4,37.354416,49.443539,12,171.18,0.0,-20.1,0.0
5494111,2024-09-04 17:37:23,2024-09-04 17:37:23,74,41,True,9.5,73.876,36,5.615,0.0,89,37,1655.5,12.2,3.0,5579.703,-6.5,7187672.5,0.0,,,,,,,,-4,37.354416,49.443539,12,171.18,0.0,-20.1,0.0
