time,timestamp_received,timestamp,trip,signal,isLive,Battery_voltage,Fuel_level,Intake_manifold_absolute_pressure,Throttle_position,Accelerator_pedal_position,Coolant_temperature,Vehicle_Speed,Engine_speed,Target_air_fuel_ratio,Current_gear_shift_position_(Current_gear),Cumulative_mileage,Clutch_torque,Trip_fuel_consumption,RON_factor,0313,0314,033d,0345,0348,0409,040a,altitude,latitude,longitude,satelites,bearing,angular_speed,correct_altitude,slope
6696615,2024-09-04 17:57:27,2024-09-04 17:57:27,74,38,True,9.786,73.185,34,1.971,0.0,86,27,1243.5,14.5,3.0,5593.391,-16.812,8535572.0,0.0,,,,,,,,-8,37.358284,49.574585,12,95.3,-0.0681376539978585,-20.6,0.0
6697115,2024-09-04 17:57:27,2024-09-04 17:57:27,74,38,True,9.786,73.632,35,2.74,14.102,86,27,1290.0,14.5,3.0,5593.395,12.188,8535711.0,0.0,,,,,,,,-8,37.358284,49.574585,12,95.3,0.0,-20.6,0.0
6697615,2024-09-04 17:57:27,2024-09-04 17:57:27,74,38,True,9.786,73.759,41,4.309,8.392,85,27,1263.0,14.5,3.0,5593.398,26.562,8535918.0,0.0,,,,,,,,-8,37.358284,49.574585,12,95.3,0.0,-20.6,0.0
6698115,2024-09-04 17:57:27,2024-09-04 17:57:27,74,38,True,9.714,73.951,30,2.838,0.0,86,27,1219.75,14.5,3.0,5593.402,0.188,8536113.0,0.0,,,,,,,,-8,37.358284,49.574585,12,95.3,0.0,-20.6,0.0
