time,timestamp_received,timestamp,trip,signal,isLive,Battery_voltage,Fuel_level,Intake_manifold_absolute_pressure,Throttle_position,Accelerator_pedal_position,Coolant_temperature,Vehicle_Speed,Engine_speed,Target_air_fuel_ratio,Current_gear_shift_position_(Current_gear),Cumulative_mileage,Clutch_torque,Trip_fuel_consumption,RON_factor,0313,0314,033d,0345,0348,0409,040a,altitude,latitude,longitude,satelites,bearing,angular_speed,correct_altitude,slope
3758492,2024-09-04 17:08:29,2024-09-04 17:08:29,74,64,True,9.786,77.07,29,4.666,0.0,87,64,2014.5,14.5,4.0,5554.227,-21.188,4547743.0,0.0,,,,,,,,-4,37.446926,49.247753,12,174.03,0.0053058009260626,-18.0,0.0
3758992,2024-09-04 17:08:29,2024-09-04 17:08:29,74,64,True,9.786,76.932,29,4.639,0.0,87,63,1997.25,14.5,4.0,5554.234,-21.062,4547743.0,0.0,,,,,,,,-4,37.446926,49.247753,12,174.03,0.0,-18.0,0.0
3759492,2024-09-04 17:08:29,2024-09-04 17:08:29,74,64,True,9.786,76.886,30,4.598,0.0,87,62,1975.25,14.5,4.0,5554.246,-21.188,4547743.0,0.0,,,,,,,,-4,37.446926,49.247753,12,174.03,0.0,-18.0,0.0
3759992,2024-09-04 17:08:29,2024-09-04 17:08:29,74,64,True,9.786,76.962,36,7.021,0.0,87,62,1937.25,14.5,4.0,5554.254,-35.438,4547743.0,0.0,,,,,,,,-4,37.446926,49.247753,12,174.03,0.0,-18.0,0.0
