time,timestamp_received,timestamp,trip,signal,isLive,Battery_voltage,Fuel_level,Intake_manifold_absolute_pressure,Throttle_position,Accelerator_pedal_position,Coolant_temperature,Vehicle_Speed,Engine_speed,Target_air_fuel_ratio,Current_gear_shift_position_(Current_gear),Cumulative_mileage,Clutch_torque,Trip_fuel_consumption,RON_factor,0313,0314,033d,0345,0348,0409,040a,altitude,latitude,longitude,satelites,bearing,angular_speed,correct_altitude,slope
1999426,2024-09-23 19:47:48,2024-09-23 19:47:48,182,70,True,9.214,41.338,94,34.941,45.12,85,34,1585.75,14.5,3.0,6716.844,81.0,124123.281,0.175,,,,,,,,1255,35.707901,51.394093,12,68.68,0.0055850536063818,1231.1,0.0
1999926,2024-09-23 19:47:48,2024-09-23 19:47:48,182,70,True,9.214,41.048,99,42.699,37.604,85,36,1630.25,14.5,3.0,6716.844,87.438,124857.625,0.175,,,,,,,,1255,35.707901,51.394093,12,68.68,0.0,1231.1,0.0
2000426,2024-09-23 19:47:48,2024-09-23 19:47:48,182,70,True,9.214,40.511,105,37.387,19.318,83,37,1715.0,14.5,3.0,6716.848,89.688,125765.5,0.175,,,,,,,,1255,35.707901,51.394093,12,68.68,0.0,1231.1,0.0
2000926,2024-09-23 19:47:48,2024-09-23 19:47:48,182,70,True,9.143,39.715,68,9.758,0.0,84,39,1755.75,14.5,3.0,6716.852,24.75,126678.016,0.175,,,,,,,,1255,35.707901,51.394093,12,68.68,0.0,1231.1,0.0
