time,timestamp_received,timestamp,trip,signal,isLive,Battery_voltage,Fuel_level,Intake_manifold_absolute_pressure,Throttle_position,Accelerator_pedal_position,Coolant_temperature,Vehicle_Speed,Engine_speed,Target_air_fuel_ratio,Current_gear_shift_position_(Current_gear),Cumulative_mileage,Clutch_torque,Trip_fuel_consumption,RON_factor,0313,0314,033d,0345,0348,0409,040a,altitude,latitude,longitude,satelites,bearing,angular_speed,correct_altitude,slope
272502,2024-09-04 16:10:23,2024-09-04 16:10:23,74,87,True,9.286,77.016,43,10.549,0.0,84,93,2920.5,14.5,4.0,5521.988,-18.5,570483.188,0.0,,,,,,,,45,37.628586,49.041676,11,122.87,0.0439822971502571,3.5,0.0
273002,2024-09-04 16:10:23,2024-09-04 16:10:23,74,87,True,9.214,77.354,38,10.01,0.0,84,92,2916.25,14.5,4.0,5522.004,-39.438,570711.625,0.0,,,,,,,,45,37.628586,49.041676,11,122.87,0.0,3.5,0.0
273502,2024-09-04 16:10:23,2024-09-04 16:10:23,74,87,True,9.286,77.932,39,9.5,0.0,84,91,2872.0,14.5,4.0,5522.016,-39.188,570721.75,0.0,,,,,,,,45,37.628586,49.041676,11,122.87,0.0,3.5,0.0
274002,2024-09-04 16:10:23,2024-09-04 16:10:23,74,87,True,9.286,78.61,38,9.67,0.0,84,90,2841.75,14.5,4.0,5522.027,-39.188,570721.75,0.0,,,,,,,,45,37.628586,49.041676,11,122.87,0.0,3.5,0.0
