time,timestamp_received,timestamp,trip,signal,isLive,Battery_voltage,Fuel_level,Intake_manifold_absolute_pressure,Throttle_position,Accelerator_pedal_position,Coolant_temperature,Vehicle_Speed,Engine_speed,Target_air_fuel_ratio,Current_gear_shift_position_(Current_gear),Cumulative_mileage,Clutch_torque,Trip_fuel_consumption,RON_factor,0313,0314,033d,0345,0348,0409,040a,altitude,latitude,longitude,satelites,bearing,angular_speed,correct_altitude,slope
6768615,2024-09-04 17:58:39,2024-09-04 17:58:39,74,90,True,9.429,72.245,54,3.496,17.188,87,42,993.5,14.5,5.0,5594.367,9.812,8620838.0,0.0,,,,,,,,-8,37.365646,49.579704,12,17.44,0.0117286125734019,-19.5,0.0
6769115,2024-09-04 17:58:39,2024-09-04 17:58:39,74,90,True,9.571,72.04,50,6.74,20.654,87,42,1483.75,14.5,3.0,5594.371,25.938,8621070.0,0.0,,,,,,,,-8,37.365646,49.579704,12,17.44,0.0,-19.5,0.0
6769615,2024-09-04 17:58:39,2024-09-04 17:58:39,74,90,True,9.571,72.601,41,9.301,9.894,87,41,2640.75,14.5,2.0,5594.379,7.75,8621561.0,0.0,,,,,,,,-8,37.365646,49.579704,12,17.44,0.0,-19.5,0.0
6770115,2024-09-04 17:58:39,2024-09-04 17:58:39,74,90,True,9.5,72.831,38,9.229,6.561,86,41,2989.0,14.5,2.0,5594.383,3.125,8622050.0,0.0,,,,,,,,-8,37.365646,49.579704,12,17.44,0.0,-19.5,0.0
