time,timestamp_received,timestamp,trip,signal,isLive,Battery_voltage,Fuel_level,Intake_manifold_absolute_pressure,Throttle_position,Accelerator_pedal_position,Coolant_temperature,Vehicle_Speed,Engine_speed,Target_air_fuel_ratio,Current_gear_shift_position_(Current_gear),Cumulative_mileage,Clutch_torque,Trip_fuel_consumption,RON_factor,0313,0314,033d,0345,0348,0409,040a,altitude,latitude,longitude,satelites,bearing,angular_speed,correct_altitude,slope
7726612,2024-09-04 18:14:37,2024-09-04 18:14:37,74,48,True,9.5,73.656,35,1.807,0.0,88,0,636.25,14.5,13.0,5597.504,1.625,9084898.0,0.0,,,,,,,,7,37.379787,49.568382,12,0.0,0.0,-21.9,0.0
7727112,2024-09-04 18:14:37,2024-09-04 18:14:37,74,48,True,9.571,73.663,35,1.994,0.0,88,0,638.0,14.5,13.0,5597.504,1.312,9084969.0,0.0,,,,,,,,7,37.379787,49.568382,12,0.0,0.0,-21.9,0.0
7727612,2024-09-04 18:14:37,2024-09-04 18:14:37,74,48,True,9.643,73.669,35,1.846,0.0,88,0,643.25,14.5,13.0,5597.504,1.625,9085056.0,0.0,,,,,,,,7,37.379787,49.568382,12,0.0,0.0,-21.9,0.0
7728112,2024-09-04 18:14:37,2024-09-04 18:14:37,74,48,True,9.643,73.675,35,2.092,0.0,88,0,639.75,14.5,13.0,5597.504,5.125,9085145.0,0.0,,,,,,,,7,37.379787,49.568382,12,0.0,0.0,-21.9,0.0
