time,timestamp_received,timestamp,trip,signal,isLive,Battery_voltage,Fuel_level,Intake_manifold_absolute_pressure,Throttle_position,Accelerator_pedal_position,Coolant_temperature,Vehicle_Speed,Engine_speed,Target_air_fuel_ratio,Current_gear_shift_position_(Current_gear),Cumulative_mileage,Clutch_torque,Trip_fuel_consumption,RON_factor,0313,0314,033d,0345,0348,0409,040a,altitude,latitude,longitude,satelites,bearing,angular_speed,correct_altitude,slope
1911426,2024-09-23 19:46:20,2024-09-23 19:46:20,182,93,True,8.929,35.065,44,9.291,0.0,84,23,2576.75,14.5,1.0,6716.262,-13.938,49279.828,0.175,,,,,,,,1255,35.705524,51.39056,12,353.27,-0.0051285828789372,1224.5,0.0
1911926,2024-09-23 19:46:20,2024-09-23 19:46:20,182,93,True,8.857,35.676,41,8.545,0.0,79,22,2296.5,14.5,1.0,6716.266,-15.312,49594.359,0.175,,,,,,,,1255,35.705524,51.39056,12,353.27,0.0,1224.5,0.0
1912426,2024-09-23 19:46:20,2024-09-23 19:46:20,182,93,True,8.929,36.54,42,7.158,0.684,83,22,1668.0,14.5,2.0,6716.27,-2.75,49936.156,0.175,,,,,,,,1255,35.705524,51.39056,12,353.27,0.0,1224.5,0.0
1912926,2024-09-23 19:46:20,2024-09-23 19:46:20,182,93,True,9.0,36.847,44,6.984,11.02,79,21,1576.5,14.5,2.0,6716.273,5.688,50203.109,0.175,,,,,,,,1255,35.705524,51.39056,12,353.27,0.0,1224.5,0.0
