time,timestamp_received,timestamp,trip,signal,isLive,Battery_voltage,Fuel_level,Intake_manifold_absolute_pressure,Throttle_position,Accelerator_pedal_position,Coolant_temperature,Vehicle_Speed,Engine_speed,Target_air_fuel_ratio,Current_gear_shift_position_(Current_gear),Cumulative_mileage,Clutch_torque,Trip_fuel_consumption,RON_factor,0313,0314,033d,0345,0348,0409,040a,altitude,latitude,longitude,satelites,bearing,angular_speed,correct_altitude,slope
280502,2024-09-04 16:10:31,2024-09-04 16:10:31,74,77,True,9.286,76.634,75,13.637,0.0,84,85,2697.25,14.5,4.0,5522.184,41.875,579504.938,0.0,,,,,,,,44,37.627491,49.04332,11,132.37,0.0317649923862968,5.6,0.0
281002,2024-09-04 16:10:31,2024-09-04 16:10:31,74,77,True,9.214,76.108,48,10.303,0.0,84,84,2664.25,14.5,4.0,5522.195,5.125,580224.375,0.0,,,,,,,,44,37.627491,49.04332,11,132.37,0.0,5.6,0.0
281502,2024-09-04 16:10:31,2024-09-04 16:10:31,74,77,True,9.286,76.223,40,9.377,0.0,84,84,2677.0,14.5,4.0,5522.207,-39.25,580578.875,0.0,,,,,,,,44,37.627491,49.04332,11,132.37,0.0,5.6,0.0
282002,2024-09-04 16:10:31,2024-09-04 16:10:31,74,77,True,9.214,76.757,40,9.408,0.0,84,83,2619.5,14.5,4.0,5522.219,-39.125,580609.0,0.0,,,,,,,,44,37.627491,49.04332,11,132.37,0.0,5.6,0.0
