time,timestamp_received,timestamp,trip,signal,isLive,Battery_voltage,Fuel_level,Intake_manifold_absolute_pressure,Throttle_position,Accelerator_pedal_position,Coolant_temperature,Vehicle_Speed,Engine_speed,Target_air_fuel_ratio,Current_gear_shift_position_(Current_gear),Cumulative_mileage,Clutch_torque,Trip_fuel_consumption,RON_factor,0313,0314,033d,0345,0348,0409,040a,altitude,latitude,longitude,satelites,bearing,angular_speed,correct_altitude,slope
5376610,2024-09-04 17:35:27,2024-09-04 17:35:27,74,41,True,9.714,76.637,33,2.227,0.0,88,20,851.5,14.5,3.0,5578.789,4.188,7086909.0,0.0,,,,,,,,-7,37.355297,49.436192,12,67.25,-0.010122909661567,-16.9,0.0
5377110,2024-09-04 17:35:27,2024-09-04 17:35:27,74,41,True,9.643,76.463,33,2.102,0.0,88,19,852.75,14.5,3.0,5578.789,2.562,7087000.0,0.0,,,,,,,,-7,37.355297,49.436192,12,67.25,0.0,-16.9,0.0
5377610,2024-09-04 17:35:27,2024-09-04 17:35:27,74,41,True,9.714,76.425,33,2.133,0.0,88,18,847.75,14.5,3.0,5578.793,4.562,7087107.5,0.0,,,,,,,,-7,37.355297,49.436192,12,67.25,0.0,-16.9,0.0
5378110,2024-09-04 17:35:27,2024-09-04 17:35:27,74,41,True,9.643,76.39,33,2.09,0.0,88,17,854.0,14.5,3.0,5578.793,-0.25,7087216.5,0.0,,,,,,,,-7,37.355297,49.436192,12,67.25,0.0,-16.9,0.0
