time,timestamp_received,timestamp,trip,signal,isLive,Battery_voltage,Fuel_level,Intake_manifold_absolute_pressure,Throttle_position,Accelerator_pedal_position,Coolant_temperature,Vehicle_Speed,Engine_speed,Target_air_fuel_ratio,Current_gear_shift_position_(Current_gear),Cumulative_mileage,Clutch_torque,Trip_fuel_consumption,RON_factor,0313,0314,033d,0345,0348,0409,040a,altitude,latitude,longitude,satelites,bearing,angular_speed,correct_altitude,slope
986410,2024-09-23 19:30:56,2024-09-23 19:30:56,181,93,True,8.929,38.114,51,7.018,23.608,80,9,1201.25,14.5,1.0,6714.602,10.312,653805.75,0.175,,,,,,,,1232,35.700588,51.377895,12,88.32,9.575857217669705e-07,1205.7,0.0
986910,2024-09-23 19:30:56,2024-09-23 19:30:56,181,93,True,9.0,37.989,58,9.35,23.608,80,9,1236.0,14.5,1.0,6714.602,28.375,654036.438,0.175,,,,,,,,1232,35.700588,51.377895,12,88.32,0.0,1205.7,0.0
987410,2024-09-23 19:30:56,2024-09-23 19:30:56,181,93,True,9.0,38.582,66,10.842,23.608,80,10,1317.5,14.5,1.0,6714.605,37.062,654446.125,0.175,,,,,,,,1232,35.700588,51.377895,12,88.32,0.0,1205.7,0.0
987910,2024-09-23 19:30:56,2024-09-23 19:30:56,181,93,True,9.0,38.293,70,12.17,23.608,80,11,1492.75,14.5,1.0,6714.605,42.312,654919.438,0.175,,,,,,,,1232,35.700588,51.377895,12,88.32,0.0,1205.7,0.0
