time,timestamp_received,timestamp,trip,signal,isLive,Battery_voltage,Fuel_level,Intake_manifold_absolute_pressure,Throttle_position,Accelerator_pedal_position,Coolant_temperature,Vehicle_Speed,Engine_speed,Target_air_fuel_ratio,Current_gear_shift_position_(Current_gear),Cumulative_mileage,Clutch_torque,Trip_fuel_consumption,RON_factor,0313,0314,033d,0345,0348,0409,040a,altitude,latitude,longitude,satelites,bearing,angular_speed,correct_altitude,slope
8088609,2024-09-04 18:20:39,2024-09-04 18:20:39,74,58,True,9.571,73.333,37,2.074,0.0,89,0,644.0,14.5,13.0,5597.504,2.188,9148758.0,0.0,,,,,,,,2,37.379814,49.568401,12,0.0,0.0,-21.9,0.0
8089109,2024-09-04 18:20:39,2024-09-04 18:20:39,74,58,True,9.643,73.333,36,2.031,0.0,89,0,647.25,14.5,13.0,5597.504,2.188,9148831.0,0.0,,,,,,,,2,37.379814,49.568401,12,0.0,0.0,-21.9,0.0
8089609,2024-09-04 18:20:39,2024-09-04 18:20:39,74,58,True,9.643,73.333,36,2.016,0.0,88,0,648.75,14.5,13.0,5597.504,2.188,9148921.0,0.0,,,,,,,,2,37.379814,49.568401,12,0.0,0.0,-21.9,0.0
8090109,2024-09-04 18:20:39,2024-09-04 18:20:39,74,58,True,9.714,73.333,36,2.119,0.0,89,0,654.25,14.5,13.0,5597.504,2.188,9149012.0,0.0,,,,,,,,2,37.379814,49.568401,12,0.0,0.0,-21.9,0.0
