time,timestamp_received,timestamp,trip,signal,isLive,Battery_voltage,Fuel_level,Intake_manifold_absolute_pressure,Throttle_position,Accelerator_pedal_position,Coolant_temperature,Vehicle_Speed,Engine_speed,Target_air_fuel_ratio,Current_gear_shift_position_(Current_gear),Cumulative_mileage,Clutch_torque,Trip_fuel_consumption,RON_factor,0313,0314,033d,0345,0348,0409,040a,altitude,latitude,longitude,satelites,bearing,angular_speed,correct_altitude,slope
1816499,2024-09-04 16:36:09,2024-09-04 16:36:08,74,48,True,9.0,77.634,53,4.787,0.0,83,0,883.5,14.5,13.0,5540.535,-4.562,2762906.0,0.0,,,,,,,,59,37.513496,49.137436,12,117.96,0.0,41.9,0.0
1816999,2024-09-04 16:36:09,2024-09-04 16:36:08,74,48,True,8.929,77.557,52,4.711,0.0,83,0,889.0,14.5,13.0,5540.535,-4.0,2763085.5,0.0,,,,,,,,59,37.513496,49.137436,12,117.96,0.0,41.9,0.0
1817499,2024-09-04 16:36:09,2024-09-04 16:36:08,74,48,True,9.0,77.566,52,4.33,0.0,84,0,882.75,14.5,13.0,5540.535,-4.0,2763287.75,0.0,,,,,,,,59,37.513496,49.137436,12,117.96,0.0,41.9,0.0
1817999,2024-09-04 16:36:09,2024-09-04 16:36:08,74,48,True,9.0,77.574,52,4.617,0.0,84,0,885.0,14.5,13.0,5540.535,-3.75,2763495.5,0.0,,,,,,,,59,37.513496,49.137436,12,117.96,0.0,41.9,0.0
