time,timestamp_received,timestamp,trip,signal,isLive,Battery_voltage,Fuel_level,Intake_manifold_absolute_pressure,Throttle_position,Accelerator_pedal_position,Coolant_temperature,Vehicle_Speed,Engine_speed,Target_air_fuel_ratio,Current_gear_shift_position_(Current_gear),Cumulative_mileage,Clutch_torque,Trip_fuel_consumption,RON_factor,0313,0314,033d,0345,0348,0409,040a,altitude,latitude,longitude,satelites,bearing,angular_speed,correct_altitude,slope
2860493,2024-09-04 16:53:31,2024-09-04 16:53:31,74,77,True,9.5,78.931,54,8.949,0.0,85,21,1522.75,14.5,2.0,5542.93,20.5,3410405.5,0.0,,,,,,,,36,37.506634,49.163868,12,106.97,-0.0064228116473392,19.7,0.0
2860993,2024-09-04 16:53:31,2024-09-04 16:53:31,74,77,True,9.571,78.724,46,6.848,0.0,85,21,1525.0,14.5,2.0,5542.93,4.0,3410697.75,0.0,,,,,,,,36,37.506634,49.163868,12,106.97,0.0,19.7,0.0
2861493,2024-09-04 16:53:31,2024-09-04 16:53:31,74,77,True,9.5,78.734,38,5.656,0.0,85,21,1509.0,14.5,2.0,5542.93,-0.875,3410954.5,0.0,,,,,,,,36,37.506634,49.163868,12,106.97,0.0,19.7,0.0
2861993,2024-09-04 16:53:31,2024-09-04 16:53:31,74,77,True,9.571,78.664,38,5.59,0.0,85,21,1521.25,14.5,2.0,5542.934,-4.062,3411192.0,0.0,,,,,,,,36,37.506634,49.163868,12,106.97,0.0,19.7,0.0
