time,timestamp_received,timestamp,trip,signal,isLive,Battery_voltage,Fuel_level,Intake_manifold_absolute_pressure,Throttle_position,Accelerator_pedal_position,Coolant_temperature,Vehicle_Speed,Engine_speed,Target_air_fuel_ratio,Current_gear_shift_position_(Current_gear),Cumulative_mileage,Clutch_torque,Trip_fuel_consumption,RON_factor,0313,0314,033d,0345,0348,0409,040a,altitude,latitude,longitude,satelites,bearing,angular_speed,correct_altitude,slope
729389,2024-08-19 07:58:14,2024-08-19 07:58:08,23,54,True,9.429,26.287,37,10.576,10.858,86,77,2434.25,14.5,4.0,4889.508,20.75,729186.438,0.316,,,,,,,,1243,35.725777,51.157146,12,103.2,0.0026529004630313,1219.1,0.0
729889,2024-08-19 07:58:14,2024-08-19 07:58:08,23,54,True,9.357,26.286,29,8.459,0.0,86,77,2414.0,14.5,4.0,4889.52,1.0,729497.25,0.316,,,,,,,,1243,35.725777,51.157146,12,103.2,0.0,1219.1,0.0
730389,2024-08-19 07:58:14,2024-08-19 07:58:08,23,54,True,9.429,26.598,25,7.727,14.319,86,76,2425.5,14.5,4.0,4889.527,-7.125,729733.625,0.316,,,,,,,,1243,35.725777,51.157146,12,103.2,0.0,1219.1,0.0
730889,2024-08-19 07:58:14,2024-08-19 07:58:08,23,54,True,9.357,26.88,37,11.662,26.178,85,76,2342.5,14.5,4.0,4889.539,13.562,730106.062,0.316,,,,,,,,1243,35.725777,51.157146,12,103.2,0.0,1219.1,0.0
