time,timestamp_received,timestamp,trip,signal,isLive,Battery_voltage,Fuel_level,Intake_manifold_absolute_pressure,Throttle_position,Accelerator_pedal_position,Coolant_temperature,Vehicle_Speed,Engine_speed,Target_air_fuel_ratio,Current_gear_shift_position_(Current_gear),Cumulative_mileage,Clutch_torque,Trip_fuel_consumption,RON_factor,0313,0314,033d,0345,0348,0409,040a,altitude,latitude,longitude,satelites,bearing,angular_speed,correct_altitude,slope
8178606,2024-09-04 18:22:09,2024-09-04 18:22:09,74,61,True,9.643,72.551,36,2.113,0.0,93,0,658.75,14.5,13.0,5597.504,0.438,9164671.0,0.0,,,,,,,,1,37.379826,49.568417,12,90.0,0.0,-21.9,0.0
8179106,2024-09-04 18:22:09,2024-09-04 18:22:09,74,61,True,9.714,72.551,36,2.064,0.0,93,0,661.75,14.5,13.0,5597.504,1.938,9164759.0,0.0,,,,,,,,1,37.379826,49.568417,12,90.0,0.0,-21.9,0.0
8179606,2024-09-04 18:22:09,2024-09-04 18:22:09,74,61,True,9.714,72.55,37,2.09,0.0,93,0,662.75,14.5,13.0,5597.504,0.062,9164853.0,0.0,,,,,,,,1,37.379826,49.568417,12,90.0,0.0,-21.9,0.0
8180106,2024-09-04 18:22:09,2024-09-04 18:22:09,74,61,True,9.714,72.55,36,2.197,0.0,93,0,661.75,14.5,13.0,5597.504,1.875,9164948.0,0.0,,,,,,,,1,37.379826,49.568417,12,90.0,0.0,-21.9,0.0
