time,timestamp_received,timestamp,trip,signal,isLive,Battery_voltage,Fuel_level,Intake_manifold_absolute_pressure,Throttle_position,Accelerator_pedal_position,Coolant_temperature,Vehicle_Speed,Engine_speed,Target_air_fuel_ratio,Current_gear_shift_position_(Current_gear),Cumulative_mileage,Clutch_torque,Trip_fuel_consumption,RON_factor,0313,0314,033d,0345,0348,0409,040a,altitude,latitude,longitude,satelites,bearing,angular_speed,correct_altitude,slope
3730493,2024-09-04 17:08:01,2024-09-04 17:08:01,74,90,True,9.571,73.693,87,19.363,42.865,86,63,2094.5,14.5,4.0,5553.664,87.312,4500103.5,0.0,,,,,,,,-5,37.451988,49.247036,12,173.51,0.0043284165449459,-15.2,0.0
3730993,2024-09-04 17:08:01,2024-09-04 17:08:01,74,90,True,9.643,72.834,108,32.092,67.746,86,64,2015.5,14.4,4.0,5553.672,100.5,4501076.0,0.0,,,,,,,,-5,37.451988,49.247036,12,173.51,0.0,-15.2,0.0
3731493,2024-09-04 17:08:01,2024-09-04 17:08:01,74,90,True,9.571,72.296,131,44.848,68.134,86,65,2041.75,12.2,4.0,5553.68,110.812,4502742.0,0.0,,,,,,,,-5,37.451988,49.247036,12,173.51,0.0,-15.2,0.0
3731993,2024-09-04 17:08:01,2024-09-04 17:08:01,74,90,True,9.571,72.125,150,72.273,62.35,86,66,2099.25,11.4,4.0,5553.691,130.062,4505177.0,0.0,,,,,,,,-5,37.451988,49.247036,12,173.51,0.0,-15.2,0.0
