time,timestamp_received,timestamp,trip,signal,isLive,Battery_voltage,Fuel_level,Intake_manifold_absolute_pressure,Throttle_position,Accelerator_pedal_position,Coolant_temperature,Vehicle_Speed,Engine_speed,Target_air_fuel_ratio,Current_gear_shift_position_(Current_gear),Cumulative_mileage,Clutch_torque,Trip_fuel_consumption,RON_factor,0313,0314,033d,0345,0348,0409,040a,altitude,latitude,longitude,satelites,bearing,angular_speed,correct_altitude,slope
1052504,2024-09-04 16:23:23,2024-09-04 16:23:23,74,67,True,9.429,81.573,30,6.139,17.279,86,55,2460.75,12.7,3.0,5534.812,6.75,2014354.75,0.0,,,,,,,,39,37.550076,49.114479,12,182.44,-0.0090058989402906,24.5,0.0
1053004,2024-09-04 16:23:23,2024-09-04 16:23:23,74,67,True,9.5,81.494,31,8.314,14.417,86,54,2504.0,14.5,3.0,5534.812,12.875,2014671.75,0.0,,,,,,,,39,37.550076,49.114479,12,182.44,0.0,24.5,0.0
1053504,2024-09-04 16:23:23,2024-09-04 16:23:23,74,67,True,9.5,81.58,36,8.35,21.793,85,54,2465.5,14.5,3.0,5534.82,16.375,2015080.375,0.0,,,,,,,,39,37.550076,49.114479,12,182.44,0.0,24.5,0.0
1054004,2024-09-04 16:23:23,2024-09-04 16:23:23,74,67,True,9.5,81.814,42,9.869,0.0,85,54,2451.0,14.5,3.0,5534.828,6.438,2015492.25,0.0,,,,,,,,39,37.550076,49.114479,12,182.44,0.0,24.5,0.0
