time,timestamp_received,timestamp,trip,signal,isLive,Battery_voltage,Fuel_level,Intake_manifold_absolute_pressure,Throttle_position,Accelerator_pedal_position,Coolant_temperature,Vehicle_Speed,Engine_speed,Target_air_fuel_ratio,Current_gear_shift_position_(Current_gear),Cumulative_mileage,Clutch_torque,Trip_fuel_consumption,RON_factor,0313,0314,033d,0345,0348,0409,040a,altitude,latitude,longitude,satelites,bearing,angular_speed,correct_altitude,slope
1146409,2024-09-23 19:33:36,2024-09-23 19:33:36,181,100,True,8.786,41.388,86,7.998,0.0,82,0,967.25,14.5,13.0,6714.84,-2.062,756335.812,0.175,,,,,,,,1238,35.700745,51.380573,12,270.0,-1.035887817643675,1209.5,0.0
1146909,2024-09-23 19:33:36,2024-09-23 19:33:36,181,100,True,8.786,41.524,64,7.119,0.0,82,0,1012.0,14.5,13.0,6714.84,-9.062,756596.5,0.175,,,,,,,,1238,35.700745,51.380573,12,270.0,0.0,1209.5,0.0
1147409,2024-09-23 19:33:36,2024-09-23 19:33:36,181,100,True,8.857,41.803,58,6.545,0.0,82,0,959.0,14.5,13.0,6714.84,-8.875,756801.875,0.175,,,,,,,,1238,35.700745,51.380573,12,270.0,0.0,1209.5,0.0
1147909,2024-09-23 19:33:36,2024-09-23 19:33:36,181,100,True,8.643,42.054,60,6.305,0.0,82,0,871.75,14.5,14.0,6714.84,-4.188,757027.062,0.175,,,,,,,,1238,35.700745,51.380573,12,270.0,0.0,1209.5,0.0
