time,timestamp_received,timestamp,trip,signal,isLive,Battery_voltage,Fuel_level,Intake_manifold_absolute_pressure,Throttle_position,Accelerator_pedal_position,Coolant_temperature,Vehicle_Speed,Engine_speed,Target_air_fuel_ratio,Current_gear_shift_position_(Current_gear),Cumulative_mileage,Clutch_torque,Trip_fuel_consumption,RON_factor,0313,0314,033d,0345,0348,0409,040a,altitude,latitude,longitude,satelites,bearing,angular_speed,correct_altitude,slope
2656490,2024-09-04 16:50:07,2024-09-04 16:50:07,74,54,True,9.0,75.516,54,5.064,0.0,84,0,887.0,14.5,13.0,5541.055,-3.125,3192564.25,0.0,,,,,,,,56,37.511898,49.143612,12,90.0,-0.6283185307179586,39.3,0.0
2656990,2024-09-04 16:50:07,2024-09-04 16:50:07,74,54,True,9.0,75.493,54,5.059,0.0,84,0,880.5,14.5,13.0,5541.055,-2.25,3192721.75,0.0,,,,,,,,56,37.511898,49.143612,12,90.0,0.0,39.3,0.0
2657490,2024-09-04 16:50:07,2024-09-04 16:50:07,74,54,True,9.143,75.474,59,29.115,40.897,84,0,870.5,13.6,13.0,5541.055,23.375,3192921.25,0.0,,,,,,,,56,37.511898,49.143612,12,90.0,0.0,39.3,0.0
2657990,2024-09-04 16:50:07,2024-09-04 16:50:07,74,54,True,9.0,75.181,105,48.449,33.24,84,0,1133.0,14.5,13.0,5541.055,47.0,3193565.75,0.0,,,,,,,,56,37.511898,49.143612,12,90.0,0.0,39.3,0.0
