time,timestamp_received,timestamp,trip,signal,isLive,Battery_voltage,Fuel_level,Intake_manifold_absolute_pressure,Throttle_position,Accelerator_pedal_position,Coolant_temperature,Vehicle_Speed,Engine_speed,Target_air_fuel_ratio,Current_gear_shift_position_(Current_gear),Cumulative_mileage,Clutch_torque,Trip_fuel_consumption,RON_factor,0313,0314,033d,0345,0348,0409,040a,altitude,latitude,longitude,satelites,bearing,angular_speed,correct_altitude,slope
1857429,2024-09-23 19:45:27,2024-09-23 19:45:27,182,87,True,9.571,39.403,37,3.945,0.0,90,0,1097.25,14.0,13.0,6716.203,-2.25,1519.156,0.175,,,,,,,,1255,35.704918,51.390648,12,209.98,0.0,1221.1,0.0
1857929,2024-09-23 19:45:27,2024-09-23 19:45:27,182,87,True,9.643,39.737,35,3.973,0.0,90,0,1118.25,14.0,13.0,6716.203,-3.688,1653.172,0.175,,,,,,,,1255,35.704918,51.390648,12,209.98,0.0,1221.1,0.0
1858429,2024-09-23 19:45:27,2024-09-23 19:45:27,182,87,True,9.643,40.038,36,3.887,0.0,90,0,1077.0,14.1,13.0,6716.203,-4.125,1832.625,0.175,,,,,,,,1255,35.704918,51.390648,12,209.98,0.0,1221.1,0.0
1858929,2024-09-23 19:45:27,2024-09-23 19:45:27,182,87,True,9.643,40.308,35,3.242,0.0,90,0,1071.0,14.1,13.0,6716.203,-4.875,2010.266,0.175,,,,,,,,1255,35.704918,51.390648,12,209.98,0.0,1221.1,0.0
