time,timestamp_received,timestamp,trip,signal,isLive,Battery_voltage,Fuel_level,Intake_manifold_absolute_pressure,Throttle_position,Accelerator_pedal_position,Coolant_temperature,Vehicle_Speed,Engine_speed,Target_air_fuel_ratio,Current_gear_shift_position_(Current_gear),Cumulative_mileage,Clutch_torque,Trip_fuel_consumption,RON_factor,0313,0314,033d,0345,0348,0409,040a,altitude,latitude,longitude,satelites,bearing,angular_speed,correct_altitude,slope
8300605,2024-09-04 18:24:11,2024-09-04 18:24:11,74,61,True,9.571,72.931,37,1.84,0.0,88,0,636.25,14.5,13.0,5597.504,1.688,9186761.0,0.0,,,,,,,,-1,37.379807,49.568432,12,90.0,-0.6283185307179586,-21.9,0.0
8301105,2024-09-04 18:24:11,2024-09-04 18:24:11,74,61,True,9.571,72.932,37,1.928,0.0,88,0,655.75,14.5,13.0,5597.504,1.188,9186832.0,0.0,,,,,,,,-1,37.379807,49.568432,12,90.0,0.0,-21.9,0.0
8301605,2024-09-04 18:24:11,2024-09-04 18:24:11,74,61,True,9.571,72.933,37,2.053,0.0,88,0,657.75,14.5,13.0,5597.504,1.062,9186921.0,0.0,,,,,,,,-1,37.379807,49.568432,12,90.0,0.0,-21.9,0.0
8302105,2024-09-04 18:24:11,2024-09-04 18:24:11,74,61,True,9.5,72.933,37,2.133,0.0,88,0,641.0,14.5,13.0,5597.504,1.375,9187011.0,0.0,,,,,,,,-1,37.379807,49.568432,12,90.0,0.0,-21.9,0.0
