time,timestamp_received,timestamp,trip,signal,isLive,Battery_voltage,Fuel_level,Intake_manifold_absolute_pressure,Throttle_position,Accelerator_pedal_position,Coolant_temperature,Vehicle_Speed,Engine_speed,Target_air_fuel_ratio,Current_gear_shift_position_(Current_gear),Cumulative_mileage,Clutch_torque,Trip_fuel_consumption,RON_factor,0313,0314,033d,0345,0348,0409,040a,altitude,latitude,longitude,satelites,bearing,angular_speed,correct_altitude,slope
634504,2024-09-04 16:16:25,2024-09-04 16:16:25,74,48,True,9.214,79.121,47,7.818,0.0,85,40,1794.75,14.5,3.0,5528.121,-3.938,1251472.375,0.0,,,,,,,,33,37.595573,49.078491,12,109.3,-0.0002792526803192,14.4,0.0
635004,2024-09-04 16:16:25,2024-09-04 16:16:25,74,48,True,9.286,79.484,39,6.891,0.0,85,40,1773.0,14.5,3.0,5528.125,-26.625,1251612.625,0.0,,,,,,,,33,37.595573,49.078491,12,109.3,0.0,14.4,0.0
635504,2024-09-04 16:16:25,2024-09-04 16:16:25,74,48,True,9.286,79.81,38,6.652,0.0,85,39,1778.25,14.5,3.0,5528.133,-36.875,1251657.0,0.0,,,,,,,,33,37.595573,49.078491,12,109.3,0.0,14.4,0.0
636004,2024-09-04 16:16:25,2024-09-04 16:16:25,74,48,True,9.286,80.103,38,6.615,0.0,84,38,1732.5,14.5,3.0,5528.137,-36.938,1251657.0,0.0,,,,,,,,33,37.595573,49.078491,12,109.3,0.0,14.4,0.0
