time,timestamp_received,timestamp,trip,signal,isLive,Battery_voltage,Fuel_level,Intake_manifold_absolute_pressure,Throttle_position,Accelerator_pedal_position,Coolant_temperature,Vehicle_Speed,Engine_speed,Target_air_fuel_ratio,Current_gear_shift_position_(Current_gear),Cumulative_mileage,Clutch_torque,Trip_fuel_consumption,RON_factor,0313,0314,033d,0345,0348,0409,040a,altitude,latitude,longitude,satelites,bearing,angular_speed,correct_altitude,slope
1150502,2024-09-04 16:25:04,2024-09-04 16:25:04,74,51,True,9.571,76.303,31,5.453,13.528,88,65,2069.25,12.2,4.0,5536.773,10.375,2267824.25,0.0,,,,,,,,83,37.533138,49.109879,12,210.99,0.0111701072127638,66.3,0.0
1151002,2024-09-04 16:25:04,2024-09-04 16:25:04,74,51,True,9.5,76.241,29,5.412,19.485,88,65,2000.5,12.2,4.0,5536.773,9.25,2268060.25,0.0,,,,,,,,83,37.533138,49.109879,12,210.99,0.0,66.3,0.0
1151502,2024-09-04 16:25:04,2024-09-04 16:25:04,74,51,True,9.5,76.499,39,9.279,0.0,88,65,2053.5,14.5,4.0,5536.781,23.188,2268419.5,0.0,,,,,,,,83,37.533138,49.109879,12,210.99,0.0,66.3,0.0
1152002,2024-09-04 16:25:04,2024-09-04 16:25:04,74,51,True,9.571,76.418,37,6.982,0.0,88,64,2035.75,14.5,4.0,5536.789,-11.438,2268814.0,0.0,,,,,,,,83,37.533138,49.109879,12,210.99,0.0,66.3,0.0
