time,timestamp_received,timestamp,trip,signal,isLive,Battery_voltage,Fuel_level,Intake_manifold_absolute_pressure,Throttle_position,Accelerator_pedal_position,Coolant_temperature,Vehicle_Speed,Engine_speed,Target_air_fuel_ratio,Current_gear_shift_position_(Current_gear),Cumulative_mileage,Clutch_torque,Trip_fuel_consumption,RON_factor,0313,0314,033d,0345,0348,0409,040a,altitude,latitude,longitude,satelites,bearing,angular_speed,correct_altitude,slope
4664494,2024-09-04 17:23:35,2024-09-04 17:23:34,74,29,True,9.714,76.459,35,3.42,0.0,87,54,1708.25,12.2,4.0,5568.77,1.125,6065301.0,0.0,,,,,,,,-8,37.386265,49.342197,12,175.54,6.981317007970968e-05,-21.9,0.0
4664994,2024-09-04 17:23:35,2024-09-04 17:23:34,74,29,True,9.714,77.049,34,3.355,0.0,87,52,1656.75,13.3,4.0,5568.777,-7.312,6065499.0,0.0,,,,,,,,-8,37.386265,49.342197,12,175.54,0.0,-21.9,0.0
4665494,2024-09-04 17:23:35,2024-09-04 17:23:34,74,29,True,9.643,77.579,35,2.377,0.0,87,49,1354.0,14.5,5.0,5568.785,-10.875,6065737.5,0.0,,,,,,,,-8,37.386265,49.342197,12,175.54,0.0,-21.9,0.0
4665994,2024-09-04 17:23:35,2024-09-04 17:23:34,74,29,True,9.643,78.213,42,2.059,0.0,87,45,960.5,14.5,6.0,5568.789,1.75,6065907.0,0.0,,,,,,,,-8,37.386265,49.342197,12,175.54,0.0,-21.9,0.0
