time,timestamp_received,timestamp,trip,signal,isLive,Battery_voltage,Fuel_level,Intake_manifold_absolute_pressure,Throttle_position,Accelerator_pedal_position,Coolant_temperature,Vehicle_Speed,Engine_speed,Target_air_fuel_ratio,Current_gear_shift_position_(Current_gear),Cumulative_mileage,Clutch_torque,Trip_fuel_consumption,RON_factor,0313,0314,033d,0345,0348,0409,040a,altitude,latitude,longitude,satelites,bearing,angular_speed,correct_altitude,slope
2101425,2024-09-23 19:49:31,2024-09-23 19:49:31,182,87,True,9.071,40.522,61,12.004,19.559,84,0,1864.75,14.5,1.0,6717.258,30.625,177978.391,0.175,,,,,,,,1255,35.70911,51.398582,12,60.11,-0.1242674427419963,1231.5,0.0
2101925,2024-09-23 19:49:31,2024-09-23 19:49:31,182,87,True,8.786,39.058,72,13.049,19.559,84,3,1561.75,14.5,1.0,6717.258,36.75,178379.609,0.175,,,,,,,,1255,35.70911,51.398582,12,60.11,0.0,1231.5,0.0
2102425,2024-09-23 19:49:31,2024-09-23 19:49:31,182,87,True,8.714,38.995,69,11.217,23.929,84,6,1455.0,14.5,1.0,6717.258,38.188,178925.109,0.175,,,,,,,,1255,35.70911,51.398582,12,60.11,0.0,1231.5,0.0
2102925,2024-09-23 19:49:31,2024-09-23 19:49:31,182,87,True,8.857,37.684,76,12.17,24.304,84,8,1289.25,14.5,1.0,6717.258,45.0,179353.438,0.175,,,,,,,,1255,35.70911,51.398582,12,60.11,0.0,1231.5,0.0
