time,timestamp_received,timestamp,trip,signal,isLive,Battery_voltage,Fuel_level,Intake_manifold_absolute_pressure,Throttle_position,Accelerator_pedal_position,Coolant_temperature,Vehicle_Speed,Engine_speed,Target_air_fuel_ratio,Current_gear_shift_position_(Current_gear),Cumulative_mileage,Clutch_torque,Trip_fuel_consumption,RON_factor,0313,0314,033d,0345,0348,0409,040a,altitude,latitude,longitude,satelites,bearing,angular_speed,correct_altitude,slope
1080409,2024-09-23 19:32:30,2024-09-23 19:32:30,181,100,True,8.714,43.927,60,8.412,3.528,84,0,1098.0,14.5,13.0,6714.84,13.188,719992.75,0.175,,,,,,,,1232,35.700722,51.38055,12,301.62,-0.4075692869257158,1209.5,0.0
1080909,2024-09-23 19:32:30,2024-09-23 19:32:30,181,100,True,8.714,43.965,59,7.965,4.63,84,0,1077.25,14.5,13.0,6714.84,11.875,720220.875,0.175,,,,,,,,1232,35.700722,51.38055,12,301.62,0.0,1209.5,0.0
1081409,2024-09-23 19:32:30,2024-09-23 19:32:30,181,100,True,8.857,44.0,61,7.766,3.583,84,0,1006.25,14.5,13.0,6714.84,10.562,720505.25,0.175,,,,,,,,1232,35.700722,51.38055,12,301.62,0.0,1209.5,0.0
1081909,2024-09-23 19:32:30,2024-09-23 19:32:30,181,100,True,8.714,44.032,61,7.326,0.0,84,0,993.75,14.5,13.0,6714.84,8.938,720802.438,0.175,,,,,,,,1232,35.700722,51.38055,12,301.62,0.0,1209.5,0.0
