time,timestamp_received,timestamp,trip,signal,isLive,Battery_voltage,Fuel_level,Intake_manifold_absolute_pressure,Throttle_position,Accelerator_pedal_position,Coolant_temperature,Vehicle_Speed,Engine_speed,Target_air_fuel_ratio,Current_gear_shift_position_(Current_gear),Cumulative_mileage,Clutch_torque,Trip_fuel_consumption,RON_factor,0313,0314,033d,0345,0348,0409,040a,altitude,latitude,longitude,satelites,bearing,angular_speed,correct_altitude,slope
2311434,2024-09-23 19:53:10,2024-09-23 19:53:10,182,64,True,9.071,27.663,47,10.098,2.988,92,31,2231.5,14.5,2.0,6718.449,1.5,357132.812,0.175,,,,,,,,1275,35.7159,51.403175,12,345.28,0.0139626340159545,1252.0,0.0
2311934,2024-09-23 19:53:10,2024-09-23 19:53:10,182,64,True,9.0,28.465,33,7.604,0.0,92,30,2241.5,14.5,2.0,6718.449,1.312,357427.156,0.175,,,,,,,,1275,35.7159,51.403175,12,345.28,0.0,1252.0,0.0
2312434,2024-09-23 19:53:10,2024-09-23 19:53:10,182,64,True,9.071,29.736,33,6.984,0.0,91,29,2188.0,14.5,2.0,6718.453,-7.062,357713.375,0.175,,,,,,,,1275,35.7159,51.403175,12,345.28,0.0,1252.0,0.0
2312934,2024-09-23 19:53:10,2024-09-23 19:53:10,182,64,True,8.929,30.723,32,5.773,0.0,92,28,1962.5,14.5,2.0,6718.457,-8.562,357978.0,0.175,,,,,,,,1275,35.7159,51.403175,12,345.28,0.0,1252.0,0.0
