time,timestamp_received,timestamp,trip,signal,isLive,Battery_voltage,Fuel_level,Intake_manifold_absolute_pressure,Throttle_position,Accelerator_pedal_position,Coolant_temperature,Vehicle_Speed,Engine_speed,Target_air_fuel_ratio,Current_gear_shift_position_(Current_gear),Cumulative_mileage,Clutch_torque,Trip_fuel_consumption,RON_factor,0313,0314,033d,0345,0348,0409,040a,altitude,latitude,longitude,satelites,bearing,angular_speed,correct_altitude,slope
77330,2024-08-21 14:17:00,2024-08-21 13:43:19,24,61,False,8.357,4.706,0,12.996,0.0,-40,0,0.0,14.5,13.0,0.449,0.0,0.0,1.0,,,,,,,,0,0.0,0.0,0,244.92,0.0,,0.0
77830,2024-08-21 14:17:00,2024-08-21 13:43:19,24,61,False,8.357,4.706,0,12.996,0.0,-40,0,0.0,14.5,13.0,0.449,0.0,0.0,1.0,,,,,,,,0,0.0,0.0,0,244.92,0.0,,0.0
78330,2024-08-21 14:17:00,2024-08-21 13:43:19,24,61,False,8.357,4.706,0,12.996,0.0,-40,0,0.0,14.5,13.0,0.453,0.0,0.0,1.0,,,,,,,,0,0.0,0.0,0,244.92,0.0,,0.0
78830,2024-08-21 14:17:00,2024-08-21 13:43:19,24,61,False,8.357,4.706,0,12.996,0.0,-40,0,0.0,14.5,13.0,0.453,0.0,0.0,1.0,,,,,,,,0,0.0,0.0,0,244.92,0.0,,0.0
