time,timestamp_received,timestamp,trip,signal,isLive,Battery_voltage,Fuel_level,Intake_manifold_absolute_pressure,Throttle_position,Accelerator_pedal_position,Coolant_temperature,Vehicle_Speed,Engine_speed,Target_air_fuel_ratio,Current_gear_shift_position_(Current_gear),Cumulative_mileage,Clutch_torque,Trip_fuel_consumption,RON_factor,0313,0314,033d,0345,0348,0409,040a,altitude,latitude,longitude,satelites,bearing,angular_speed,correct_altitude,slope
1160502,2024-09-04 16:25:11,2024-09-04 16:25:11,74,41,True,9.571,76.445,31,5.703,0.0,88,64,2027.5,14.5,4.0,5536.949,-21.438,2280759.5,0.0,,,,,,,,80,37.531731,49.108765,12,212.12,0.0023202612408865,63.3,0.0
1161002,2024-09-04 16:25:11,2024-09-04 16:25:11,74,41,True,9.571,76.29,32,5.525,0.0,88,64,2016.25,14.5,4.0,5536.957,-21.188,2280759.5,0.0,,,,,,,,80,37.531731,49.108765,12,212.12,0.0,63.3,0.0
1161502,2024-09-04 16:25:11,2024-09-04 16:25:11,74,41,True,9.571,76.152,28,6.334,34.015,88,63,2063.0,12.2,4.0,5536.965,13.562,2280819.5,0.0,,,,,,,,80,37.531731,49.108765,12,212.12,0.0,63.3,0.0
1162002,2024-09-04 16:25:11,2024-09-04 16:25:11,74,41,True,9.571,75.674,65,16.619,43.829,88,63,2044.5,14.5,4.0,5536.973,85.812,2281289.5,0.0,,,,,,,,80,37.531731,49.108765,12,212.12,0.0,63.3,0.0
