time,timestamp_received,timestamp,trip,signal,isLive,Battery_voltage,Fuel_level,Intake_manifold_absolute_pressure,Throttle_position,Accelerator_pedal_position,Coolant_temperature,Vehicle_Speed,Engine_speed,Target_air_fuel_ratio,Current_gear_shift_position_(Current_gear),Cumulative_mileage,Clutch_torque,Trip_fuel_consumption,RON_factor,0313,0314,033d,0345,0348,0409,040a,altitude,latitude,longitude,satelites,bearing,angular_speed,correct_altitude,slope
2914492,2024-09-04 16:54:25,2024-09-04 16:54:25,74,87,True,9.571,76.686,119,42.779,60.513,85,63,1997.5,13.6,4.0,5543.605,99.25,3487208.25,0.0,,,,,,,,29,37.504711,49.171215,12,108.19,0.001466076571675,14.9,0.0
2914992,2024-09-04 16:54:25,2024-09-04 16:54:25,74,87,True,9.5,76.076,136,64.227,60.513,85,64,2045.0,11.8,4.0,5543.605,110.562,3488701.25,0.0,,,,,,,,29,37.504711,49.171215,12,108.19,0.0,14.9,0.0
2915492,2024-09-04 16:54:25,2024-09-04 16:54:25,74,87,True,9.5,75.527,142,100.002,54.44,86,65,2044.0,11.6,4.0,5543.613,116.625,3491058.75,0.0,,,,,,,,29,37.504711,49.171215,12,108.19,0.0,14.9,0.0
2915992,2024-09-04 16:54:25,2024-09-04 16:54:25,74,87,True,9.5,75.19,153,91.496,46.707,85,67,2141.0,11.2,4.0,5543.621,130.562,3493450.75,0.0,,,,,,,,29,37.504711,49.171215,12,108.19,0.0,14.9,0.0
