time,timestamp_received,timestamp,trip,signal,isLive,Battery_voltage,Fuel_level,Intake_manifold_absolute_pressure,Throttle_position,Accelerator_pedal_position,Coolant_temperature,Vehicle_Speed,Engine_speed,Target_air_fuel_ratio,Current_gear_shift_position_(Current_gear),Cumulative_mileage,Clutch_torque,Trip_fuel_consumption,RON_factor,0313,0314,033d,0345,0348,0409,040a,altitude,latitude,longitude,satelites,bearing,angular_speed,correct_altitude,slope
5224610,2024-09-04 17:33:01,2024-09-04 17:33:00,74,45,True,9.5,68.815,39,3.994,0.0,87,61,1920.75,14.5,4.0,5577.441,-15.875,6948404.0,0.0,,,,,,,,-7,37.35231,49.422771,12,116.8,0.0031415926535897,-16.2,0.0
5225110,2024-09-04 17:33:01,2024-09-04 17:33:00,74,45,True,9.5,69.619,36,4.125,0.0,87,60,1897.75,14.5,4.0,5577.449,-16.812,6948639.0,0.0,,,,,,,,-7,37.35231,49.422771,12,116.8,0.0,-16.2,0.0
5225610,2024-09-04 17:33:01,2024-09-04 17:33:00,74,45,True,9.5,71.089,36,3.893,0.0,87,59,1874.75,14.5,4.0,5577.457,-17.125,6948896.0,0.0,,,,,,,,-7,37.35231,49.422771,12,116.8,0.0,-16.2,0.0
5226110,2024-09-04 17:33:01,2024-09-04 17:33:00,74,45,True,9.5,71.862,36,3.719,0.0,87,57,1835.5,14.5,4.0,5577.465,-17.5,6949154.0,0.0,,,,,,,,-7,37.35231,49.422771,12,116.8,0.0,-16.2,0.0
