time,timestamp_received,timestamp,trip,signal,isLive,Battery_voltage,Fuel_level,Intake_manifold_absolute_pressure,Throttle_position,Accelerator_pedal_position,Coolant_temperature,Vehicle_Speed,Engine_speed,Target_air_fuel_ratio,Current_gear_shift_position_(Current_gear),Cumulative_mileage,Clutch_torque,Trip_fuel_consumption,RON_factor,0313,0314,033d,0345,0348,0409,040a,altitude,latitude,longitude,satelites,bearing,angular_speed,correct_altitude,slope
3794492,2024-09-04 17:09:05,2024-09-04 17:09:05,74,64,True,9.714,64.373,47,11.383,19.534,86,72,2291.25,14.5,4.0,5554.836,29.25,4597945.5,0.0,,,,,,,,-3,37.441807,49.250042,12,167.99,0.072047191522326,-16.8,0.0
3794992,2024-09-04 17:09:05,2024-09-04 17:09:05,74,64,True,9.714,64.994,55,11.754,18.503,86,72,2284.0,14.5,4.0,5554.844,31.812,4598408.0,0.0,,,,,,,,-3,37.441807,49.250042,12,167.99,0.0,-16.8,0.0
3795492,2024-09-04 17:09:05,2024-09-04 17:09:05,74,64,True,9.429,65.71,51,9.936,0.0,87,72,2290.25,14.5,4.0,5554.855,13.438,4599016.0,0.0,,,,,,,,-3,37.441807,49.250042,12,167.99,0.0,-16.8,0.0
3795992,2024-09-04 17:09:05,2024-09-04 17:09:05,74,64,True,9.5,66.551,41,8.678,0.0,87,72,2184.0,14.5,4.0,5554.867,-25.562,4599453.5,0.0,,,,,,,,-3,37.441807,49.250042,12,167.99,0.0,-16.8,0.0
