time,timestamp_received,timestamp,trip,signal,isLive,Battery_voltage,Fuel_level,Intake_manifold_absolute_pressure,Throttle_position,Accelerator_pedal_position,Coolant_temperature,Vehicle_Speed,Engine_speed,Target_air_fuel_ratio,Current_gear_shift_position_(Current_gear),Cumulative_mileage,Clutch_torque,Trip_fuel_consumption,RON_factor,0313,0314,033d,0345,0348,0409,040a,altitude,latitude,longitude,satelites,bearing,angular_speed,correct_altitude,slope
739388,2024-08-19 07:58:22,2024-08-19 07:58:18,23,54,True,9.357,18.76,58,13.184,14.74,86,86,2720.5,14.5,4.0,4889.723,42.875,751522.875,0.316,,,,,,,,1242,35.72533,51.159489,12,103.07,-0.0018849555921539,1220.7,0.0
739888,2024-08-19 07:58:22,2024-08-19 07:58:18,23,54,True,9.429,19.041,33,8.846,5.618,85,86,2696.25,14.5,4.0,4889.734,-5.125,751926.625,0.316,,,,,,,,1242,35.72533,51.159489,12,103.07,0.0,1220.7,0.0
740388,2024-08-19 07:58:22,2024-08-19 07:58:18,23,54,True,9.429,19.764,25,6.592,12.042,86,85,2692.5,14.5,4.0,4889.746,0.812,752209.25,0.316,,,,,,,,1242,35.72533,51.159489,12,103.07,0.0,1220.7,0.0
740888,2024-08-19 07:58:22,2024-08-19 07:58:18,23,54,True,9.429,20.729,29,11.15,43.616,86,85,2679.5,14.5,4.0,4889.758,16.375,752480.938,0.316,,,,,,,,1242,35.72533,51.159489,12,103.07,0.0,1220.7,0.0
