time,timestamp_received,timestamp,trip,signal,isLive,Battery_voltage,Fuel_level,Intake_manifold_absolute_pressure,Throttle_position,Accelerator_pedal_position,Coolant_temperature,Vehicle_Speed,Engine_speed,Target_air_fuel_ratio,Current_gear_shift_position_(Current_gear),Cumulative_mileage,Clutch_torque,Trip_fuel_consumption,RON_factor,0313,0314,033d,0345,0348,0409,040a,altitude,latitude,longitude,satelites,bearing,angular_speed,correct_altitude,slope
6728617,2024-09-04 17:58:00,2024-09-04 17:58:00,74,41,True,9.714,72.351,89,17.857,37.35,86,62,2812.25,14.5,3.0,5593.711,100.0,8581425.0,0.0,,,,,,,,-7,37.360092,49.577507,12,30.46,-0.094210095569466,-22.7,0.0
6729117,2024-09-04 17:58:00,2024-09-04 17:58:00,74,41,True,9.714,72.763,46,5.057,0.0,86,63,2829.25,14.5,3.0,5593.723,1.938,8582534.0,0.0,,,,,,,,-7,37.360092,49.577507,12,30.46,0.0,-22.7,0.0
6729617,2024-09-04 17:58:00,2024-09-04 17:58:00,74,41,True,9.714,73.722,30,4.785,0.0,86,63,2430.75,14.5,4.0,5593.73,-7.312,8582726.0,0.0,,,,,,,,-7,37.360092,49.577507,12,30.46,0.0,-22.7,0.0
6730117,2024-09-04 17:58:00,2024-09-04 17:58:00,74,41,True,9.714,75.291,25,6.041,40.094,86,62,1957.5,14.5,4.0,5593.738,15.062,8582942.0,0.0,,,,,,,,-7,37.360092,49.577507,12,30.46,0.0,-22.7,0.0
