time,timestamp_received,timestamp,trip,signal,isLive,Battery_voltage,Fuel_level,Intake_manifold_absolute_pressure,Throttle_position,Accelerator_pedal_position,Coolant_temperature,Vehicle_Speed,Engine_speed,Target_air_fuel_ratio,Current_gear_shift_position_(Current_gear),Cumulative_mileage,Clutch_torque,Trip_fuel_consumption,RON_factor,0313,0314,033d,0345,0348,0409,040a,altitude,latitude,longitude,satelites,bearing,angular_speed,correct_altitude,slope
1460409,2024-09-23 19:38:50,2024-09-23 19:38:50,181,67,True,9.0,39.405,46,6.514,0.0,85,0,1366.75,14.5,14.0,6716.199,-1.375,1008091.188,0.175,,,,,,,,1252,35.705009,51.390675,12,180.0,0.1318072651106117,1224.5,0.0
1460909,2024-09-23 19:38:50,2024-09-23 19:38:50,181,67,True,9.0,39.896,45,6.057,0.0,85,0,1239.5,14.5,14.0,6716.199,-14.875,1008263.188,0.175,,,,,,,,1252,35.705009,51.390675,12,180.0,0.0,1224.5,0.0
1461409,2024-09-23 19:38:50,2024-09-23 19:38:50,181,67,True,8.714,39.867,46,4.463,0.0,85,0,933.25,14.5,14.0,6716.199,-10.625,1008480.25,0.175,,,,,,,,1252,35.705009,51.390675,12,180.0,0.0,1224.5,0.0
1461909,2024-09-23 19:38:50,2024-09-23 19:38:50,181,67,True,8.857,38.665,47,4.482,0.0,85,0,911.0,14.5,14.0,6716.199,-12.5,1008682.375,0.175,,,,,,,,1252,35.705009,51.390675,12,180.0,0.0,1224.5,0.0
