time,timestamp_received,timestamp,trip,signal,isLive,Battery_voltage,Fuel_level,Intake_manifold_absolute_pressure,Throttle_position,Accelerator_pedal_position,Coolant_temperature,Vehicle_Speed,Engine_speed,Target_air_fuel_ratio,Current_gear_shift_position_(Current_gear),Cumulative_mileage,Clutch_torque,Trip_fuel_consumption,RON_factor,0313,0314,033d,0345,0348,0409,040a,altitude,latitude,longitude,satelites,bearing,angular_speed,correct_altitude,slope
208503,2024-09-04 16:09:19,2024-09-04 16:09:19,74,45,True,9.357,72.538,64,14.404,34.119,82,99,2366.5,14.5,5.0,5520.664,55.562,423152.406,0.0,,,,,,,,54,37.637989,49.03344,10,163.14,0.049497537586559,13.5,0.0
209003,2024-09-04 16:09:19,2024-09-04 16:09:19,74,45,True,9.357,72.931,76,16.65,34.57,82,99,2364.25,14.5,5.0,5520.68,73.125,423827.812,0.0,,,,,,,,54,37.637989,49.03344,10,163.14,0.0,13.5,0.0
209503,2024-09-04 16:09:19,2024-09-04 16:09:19,74,45,True,9.429,73.363,82,15.723,28.726,82,99,2363.75,14.5,5.0,5520.691,75.875,424906.438,0.0,,,,,,,,54,37.637989,49.03344,10,163.14,0.0,13.5,0.0
210003,2024-09-04 16:09:19,2024-09-04 16:09:19,74,45,True,9.357,73.87,66,12.848,19.73,82,99,2357.75,14.5,5.0,5520.707,48.875,425874.875,0.0,,,,,,,,54,37.637989,49.03344,10,163.14,0.0,13.5,0.0
