time,timestamp_received,timestamp,trip,signal,isLive,Battery_voltage,Fuel_level,Intake_manifold_absolute_pressure,Throttle_position,Accelerator_pedal_position,Coolant_temperature,Vehicle_Speed,Engine_speed,Target_air_fuel_ratio,Current_gear_shift_position_(Current_gear),Cumulative_mileage,Clutch_torque,Trip_fuel_consumption,RON_factor,0313,0314,033d,0345,0348,0409,040a,altitude,latitude,longitude,satelites,bearing,angular_speed,correct_altitude,slope
4468497,2024-09-04 17:20:21,2024-09-04 17:20:20,74,32,True,9.643,80.044,31,7.695,1.276,86,64,2905.0,14.5,3.0,5565.719,12.875,5803365.0,0.0,,,,,,,,-8,37.391346,49.317368,12,57.97,-0.0712094334813685,-21.2,0.0
4468997,2024-09-04 17:20:21,2024-09-04 17:20:20,74,32,True,9.714,79.53,31,7.229,0.0,86,64,2926.25,14.5,3.0,5565.73,-8.25,5803640.5,0.0,,,,,,,,-8,37.391346,49.317368,12,57.97,0.0,-21.2,0.0
4469497,2024-09-04 17:20:21,2024-09-04 17:20:20,74,32,True,9.714,79.341,32,6.062,0.0,86,63,2876.5,14.5,3.0,5565.703,-23.562,5803780.0,0.0,,,,,,,,-8,37.391346,49.317368,12,57.97,0.0,-21.2,0.0
4469997,2024-09-04 17:20:21,2024-09-04 17:20:20,74,32,True,9.714,79.525,30,6.664,0.0,86,62,2808.0,14.5,3.0,5565.746,-24.0,5803780.0,0.0,,,,,,,,-8,37.391346,49.317368,12,57.97,0.0,-21.2,0.0
