time,timestamp_received,timestamp,trip,signal,isLive,Battery_voltage,Fuel_level,Intake_manifold_absolute_pressure,Throttle_position,Accelerator_pedal_position,Coolant_temperature,Vehicle_Speed,Engine_speed,Target_air_fuel_ratio,Current_gear_shift_position_(Current_gear),Cumulative_mileage,Clutch_torque,Trip_fuel_consumption,RON_factor,0313,0314,033d,0345,0348,0409,040a,altitude,latitude,longitude,satelites,bearing,angular_speed,correct_altitude,slope
1861429,2024-09-23 19:45:31,2024-09-23 19:45:31,182,74,True,9.643,41.306,34,2.773,0.0,90,0,919.75,14.2,13.0,6716.203,-5.625,2818.641,0.175,,,,,,,,1255,35.704918,51.39064,12,270.0,0.4190186468187987,1221.1,0.0
1861929,2024-09-23 19:45:31,2024-09-23 19:45:31,182,74,True,9.571,41.45,34,2.688,0.0,90,0,911.0,14.2,14.0,6716.203,-5.312,2928.891,0.175,,,,,,,,1255,35.704918,51.39064,12,270.0,0.0,1221.1,0.0
1862429,2024-09-23 19:45:31,2024-09-23 19:45:31,182,74,True,9.0,41.58,34,2.572,0.0,90,0,902.5,14.2,14.0,6716.203,-4.562,3062.875,0.175,,,,,,,,1255,35.704918,51.39064,12,270.0,0.0,1221.1,0.0
1862929,2024-09-23 19:45:31,2024-09-23 19:45:31,182,74,True,9.5,41.696,36,3.16,0.0,89,0,896.25,14.2,14.0,6716.203,-5.5,3200.516,0.175,,,,,,,,1255,35.704918,51.39064,12,270.0,0.0,1221.1,0.0
