time,timestamp_received,timestamp,trip,signal,isLive,Battery_voltage,Fuel_level,Intake_manifold_absolute_pressure,Throttle_position,Accelerator_pedal_position,Coolant_temperature,Vehicle_Speed,Engine_speed,Target_air_fuel_ratio,Current_gear_shift_position_(Current_gear),Cumulative_mileage,Clutch_torque,Trip_fuel_consumption,RON_factor,0313,0314,033d,0345,0348,0409,040a,altitude,latitude,longitude,satelites,bearing,angular_speed,correct_altitude,slope
3878492,2024-09-04 17:10:29,2024-09-04 17:10:29,74,38,True,9.643,74.422,131,40.117,37.643,87,55,1751.25,12.6,4.0,5555.996,107.188,4697422.5,0.0,,,,,,,,0,37.431522,49.249008,12,195.2,0.0017453292519943,-15.1,0.0
3878992,2024-09-04 17:10:29,2024-09-04 17:10:29,74,38,True,9.571,74.039,138,37.506,26.831,87,56,1798.5,12.3,4.0,5556.004,111.188,4698908.5,0.0,,,,,,,,0,37.431522,49.249008,12,195.2,0.0,-15.1,0.0
3879492,2024-09-04 17:10:29,2024-09-04 17:10:29,74,38,True,9.643,73.38,101,12.639,23.325,87,57,1829.5,14.5,4.0,5556.012,77.125,4700481.5,0.0,,,,,,,,0,37.431522,49.249008,12,195.2,0.0,-15.1,0.0
3879992,2024-09-04 17:10:29,2024-09-04 17:10:29,74,38,True,9.571,73.65,83,11.084,18.979,87,58,1835.0,14.5,4.0,5556.02,59.812,4701017.0,0.0,,,,,,,,0,37.431522,49.249008,12,195.2,0.0,-15.1,0.0
