time,timestamp_received,timestamp,trip,signal,isLive,Battery_voltage,Fuel_level,Intake_manifold_absolute_pressure,Throttle_position,Accelerator_pedal_position,Coolant_temperature,Vehicle_Speed,Engine_speed,Target_air_fuel_ratio,Current_gear_shift_position_(Current_gear),Cumulative_mileage,Clutch_torque,Trip_fuel_consumption,RON_factor,0313,0314,033d,0345,0348,0409,040a,altitude,latitude,longitude,satelites,bearing,angular_speed,correct_altitude,slope
6248610,2024-09-04 17:49:59,2024-09-04 17:49:59,74,67,True,9.786,70.15,37,4.477,0.0,88,68,2142.0,14.5,4.0,5588.168,-20.562,8031324.5,0.0,,,,,,,,-9,37.340412,49.533253,12,71.53,0.0041189770347066,-20.7,0.0
6249110,2024-09-04 17:49:59,2024-09-04 17:49:59,74,67,True,9.714,70.703,37,4.408,0.0,88,67,2117.5,14.5,4.0,5588.18,-20.625,8031324.5,0.0,,,,,,,,-9,37.340412,49.533253,12,71.53,0.0,-20.7,0.0
6249610,2024-09-04 17:49:59,2024-09-04 17:49:59,74,67,True,9.714,71.202,29,4.527,0.0,88,66,2095.5,14.5,4.0,5588.188,-20.812,8031324.5,0.0,,,,,,,,-9,37.340412,49.533253,12,71.53,0.0,-20.7,0.0
6250110,2024-09-04 17:49:59,2024-09-04 17:49:59,74,67,True,9.786,71.65,29,4.883,0.0,88,65,2067.0,14.5,4.0,5588.195,-20.562,8031324.5,0.0,,,,,,,,-9,37.340412,49.533253,12,71.53,0.0,-20.7,0.0
