time,timestamp_received,timestamp,trip,signal,isLive,Battery_voltage,Fuel_level,Intake_manifold_absolute_pressure,Throttle_position,Accelerator_pedal_position,Coolant_temperature,Vehicle_Speed,Engine_speed,Target_air_fuel_ratio,Current_gear_shift_position_(Current_gear),Cumulative_mileage,Clutch_torque,Trip_fuel_consumption,RON_factor,0313,0314,033d,0345,0348,0409,040a,altitude,latitude,longitude,satelites,bearing,angular_speed,correct_altitude,slope
1320411,2024-09-23 19:36:31,2024-09-23 19:36:31,181,64,True,9.214,39.205,56,11.996,21.582,84,32,2346.75,14.5,2.0,6715.781,42.375,920586.75,0.175,,,,,,,,1238,35.702759,51.38916,12,83.38,-0.0080285145591738,1218.4,0.0
1320910,2024-09-23 19:36:31,2024-09-23 19:36:31,181,64,True,9.071,39.402,57,12.768,21.552,84,33,2409.0,14.5,2.0,6715.781,45.562,921001.0,0.175,,,,,,,,1238,35.702759,51.38916,12,83.38,0.0,1218.4,0.0
1321410,2024-09-23 19:36:31,2024-09-23 19:36:31,181,64,True,9.214,39.187,57,12.709,21.063,84,34,2477.0,14.5,2.0,6715.789,43.312,921645.125,0.175,,,,,,,,1238,35.702759,51.38916,12,83.38,0.0,1218.4,0.0
1321910,2024-09-23 19:36:31,2024-09-23 19:36:31,181,64,True,9.143,39.229,56,12.709,20.663,84,35,2539.5,14.5,2.0,6715.793,40.938,922270.25,0.175,,,,,,,,1238,35.702759,51.38916,12,83.38,0.0,1218.4,0.0
