time,timestamp_received,timestamp,trip,signal,isLive,Battery_voltage,Fuel_level,Intake_manifold_absolute_pressure,Throttle_position,Accelerator_pedal_position,Coolant_temperature,Vehicle_Speed,Engine_speed,Target_air_fuel_ratio,Current_gear_shift_position_(Current_gear),Cumulative_mileage,Clutch_torque,Trip_fuel_consumption,RON_factor,0313,0314,033d,0345,0348,0409,040a,altitude,latitude,longitude,satelites,bearing,angular_speed,correct_altitude,slope
1266502,2024-09-04 16:26:57,2024-09-04 16:26:57,74,77,True,9.429,81.022,161,100.695,77.75,91,37,2672.75,10.8,2.0,5538.148,159.938,2410818.75,0.0,,,,,,,,72,37.525642,49.115795,12,113.15,0.0010471975511966,62.9,0.0
1267002,2024-09-04 16:26:57,2024-09-04 16:26:57,74,77,True,9.5,80.488,161,100.057,74.298,92,40,2970.25,10.8,2.0,5538.152,162.562,2414077.0,0.0,,,,,,,,72,37.525642,49.115795,12,113.15,0.0,62.9,0.0
1267502,2024-09-04 16:26:57,2024-09-04 16:26:57,74,77,True,9.429,78.361,164,100.023,53.735,92,45,3306.0,10.7,2.0,5538.16,171.5,2418275.0,0.0,,,,,,,,72,37.525642,49.115795,12,113.15,0.0,62.9,0.0
1268002,2024-09-04 16:26:57,2024-09-04 16:26:57,74,77,True,9.5,76.407,43,4.756,0.0,92,47,2955.75,14.5,2.0,5538.164,-1.75,2421053.5,0.0,,,,,,,,72,37.525642,49.115795,12,113.15,0.0,62.9,0.0
