time,timestamp_received,timestamp,trip,signal,isLive,Battery_voltage,Fuel_level,Intake_manifold_absolute_pressure,Throttle_position,Accelerator_pedal_position,Coolant_temperature,Vehicle_Speed,Engine_speed,Target_air_fuel_ratio,Current_gear_shift_position_(Current_gear),Cumulative_mileage,Clutch_torque,Trip_fuel_consumption,RON_factor,0313,0314,033d,0345,0348,0409,040a,altitude,latitude,longitude,satelites,bearing,angular_speed,correct_altitude,slope
986504,2024-09-04 16:22:17,2024-09-04 16:22:17,74,100,True,9.0,89.231,47,3.82,0.0,85,26,876.5,14.5,4.0,5533.781,-4.5,1885403.875,0.0,,,,,,,,28,37.559414,49.11512,12,184.05,0.0103323491718065,15.9,0.0
987004,2024-09-04 16:22:17,2024-09-04 16:22:17,74,100,True,9.071,88.896,47,3.809,0.0,85,23,878.75,14.5,3.0,5533.781,-4.625,1885562.875,0.0,,,,,,,,28,37.559414,49.11512,12,184.05,0.0,15.9,0.0
987504,2024-09-04 16:22:17,2024-09-04 16:22:17,74,100,True,9.0,87.497,47,3.836,0.0,85,23,872.25,14.5,3.0,5533.785,-4.688,1885757.75,0.0,,,,,,,,28,37.559414,49.11512,12,184.05,0.0,15.9,0.0
988004,2024-09-04 16:22:17,2024-09-04 16:22:17,74,100,True,9.071,86.826,48,3.857,0.0,85,22,866.0,14.5,3.0,5533.789,-4.75,1885950.625,0.0,,,,,,,,28,37.559414,49.11512,12,184.05,0.0,15.9,0.0
