time,timestamp_received,timestamp,trip,signal,isLive,Battery_voltage,Fuel_level,Intake_manifold_absolute_pressure,Throttle_position,Accelerator_pedal_position,Coolant_temperature,Vehicle_Speed,Engine_speed,Target_air_fuel_ratio,Current_gear_shift_position_(Current_gear),Cumulative_mileage,Clutch_torque,Trip_fuel_consumption,RON_factor,0313,0314,033d,0345,0348,0409,040a,altitude,latitude,longitude,satelites,bearing,angular_speed,correct_altitude,slope
655388,2024-08-19 07:56:57,2024-08-19 07:56:54,23,51,True,9.143,25.979,18,14.041,0.0,86,99,3113.0,14.5,4.0,4887.789,-43.812,625188.438,0.316,,,,,,,,1234,35.729271,51.138664,12,102.95,-0.0008920571732416,1211.2,0.0
655888,2024-08-19 07:56:57,2024-08-19 07:56:54,23,51,True,9.0,26.714,16,13.727,0.0,85,97,3038.0,14.5,4.0,4887.801,-43.375,625188.438,0.316,,,,,,,,1234,35.729271,51.138664,12,102.95,0.0,1211.2,0.0
656388,2024-08-19 07:56:57,2024-08-19 07:56:54,23,51,True,9.214,27.651,36,10.576,0.0,86,94,2968.5,14.5,4.0,4887.816,-40.75,625188.438,0.316,,,,,,,,1234,35.729271,51.138664,12,102.95,0.0,1211.2,0.0
656888,2024-08-19 07:56:57,2024-08-19 07:56:54,23,51,True,9.143,27.827,36,10.18,0.0,86,92,2913.25,14.5,4.0,4887.828,-40.562,625188.438,0.316,,,,,,,,1234,35.729271,51.138664,12,102.95,0.0,1211.2,0.0
