time,timestamp_received,timestamp,trip,signal,isLive,Battery_voltage,Fuel_level,Intake_manifold_absolute_pressure,Throttle_position,Accelerator_pedal_position,Coolant_temperature,Vehicle_Speed,Engine_speed,Target_air_fuel_ratio,Current_gear_shift_position_(Current_gear),Cumulative_mileage,Clutch_torque,Trip_fuel_consumption,RON_factor,0313,0314,033d,0345,0348,0409,040a,altitude,latitude,longitude,satelites,bearing,angular_speed,correct_altitude,slope
3854492,2024-09-04 17:10:05,2024-09-04 17:10:05,74,48,True,9.714,72.822,137,62.338,61.908,86,42,1951.0,12.1,3.0,5555.609,135.625,4652681.5,0.0,,,,,,,,-1,37.434925,49.250229,12,196.06,0.0203156324932139,-15.1,0.0
3854992,2024-09-04 17:10:05,2024-09-04 17:10:05,74,48,True,9.643,72.756,142,100.836,55.466,87,43,1994.75,12.0,3.0,5555.613,140.625,4654432.5,0.0,,,,,,,,-1,37.434925,49.250229,12,196.06,0.0,-15.1,0.0
3855492,2024-09-04 17:10:05,2024-09-04 17:10:05,74,48,True,9.714,73.049,154,65.199,45.529,86,46,2088.75,11.5,3.0,5555.621,156.562,4656624.5,0.0,,,,,,,,-1,37.434925,49.250229,12,196.06,0.0,-15.1,0.0
3855992,2024-09-04 17:10:05,2024-09-04 17:10:05,74,48,True,9.714,72.763,157,49.395,44.278,86,48,2218.0,11.5,3.0,5555.625,160.0,4659318.0,0.0,,,,,,,,-1,37.434925,49.250229,12,196.06,0.0,-15.1,0.0
