time,timestamp_received,timestamp,trip,signal,isLive,Battery_voltage,Fuel_level,Intake_manifold_absolute_pressure,Throttle_position,Accelerator_pedal_position,Coolant_temperature,Vehicle_Speed,Engine_speed,Target_air_fuel_ratio,Current_gear_shift_position_(Current_gear),Cumulative_mileage,Clutch_torque,Trip_fuel_consumption,RON_factor,0313,0314,033d,0345,0348,0409,040a,altitude,latitude,longitude,satelites,bearing,angular_speed,correct_altitude,slope
1348501,2024-09-04 16:28:19,2024-09-04 16:28:19,74,35,True,9.5,75.178,49,6.625,0.0,90,77,2457.75,14.5,4.0,5539.809,6.438,2553883.25,0.0,,,,,,,,71,37.51556,49.129482,12,116.82,-0.0167551608191456,54.2,0.0
1349001,2024-09-04 16:28:19,2024-09-04 16:28:19,74,35,True,9.5,75.778,41,6.6,0.0,90,77,2462.25,14.5,4.0,5539.809,-12.875,2554117.25,0.0,,,,,,,,71,37.51556,49.129482,12,116.82,0.0,54.2,0.0
1349501,2024-09-04 16:28:19,2024-09-04 16:28:19,74,35,True,9.429,76.789,41,6.166,0.0,90,77,2450.75,14.5,4.0,5539.816,-22.875,2554216.0,0.0,,,,,,,,71,37.51556,49.129482,12,116.82,0.0,54.2,0.0
1350001,2024-09-04 16:28:19,2024-09-04 16:28:19,74,35,True,9.5,77.541,40,6.367,0.0,90,77,2423.75,14.5,4.0,5539.828,-22.688,2554216.0,0.0,,,,,,,,71,37.51556,49.129482,12,116.82,0.0,54.2,0.0
