time,timestamp_received,timestamp,trip,signal,isLive,Battery_voltage,Fuel_level,Intake_manifold_absolute_pressure,Throttle_position,Accelerator_pedal_position,Coolant_temperature,Vehicle_Speed,Engine_speed,Target_air_fuel_ratio,Current_gear_shift_position_(Current_gear),Cumulative_mileage,Clutch_torque,Trip_fuel_consumption,RON_factor,0313,0314,033d,0345,0348,0409,040a,altitude,latitude,longitude,satelites,bearing,angular_speed,correct_altitude,slope
801388,2024-08-19 07:59:23,2024-08-19 07:59:20,23,80,True,9.214,22.436,30,6.529,10.129,86,11,1503.0,14.5,1.0,4890.773,-7.438,807994.938,0.316,,,,,,,,1242,35.723274,51.170509,12,99.42,-0.0381878040336359,1219.1,0.0
801888,2024-08-19 07:59:23,2024-08-19 07:59:20,23,80,True,9.214,22.82,33,7.158,18.613,86,11,1434.25,14.5,1.0,4890.773,-2.438,808163.625,0.316,,,,,,,,1242,35.723274,51.170509,12,99.42,0.0,1219.1,0.0
802388,2024-08-19 07:59:23,2024-08-19 07:59:20,23,80,True,9.286,23.165,38,8.035,13.165,86,11,1478.0,14.5,1.0,4890.777,4.812,808401.0,0.316,,,,,,,,1242,35.723274,51.170509,12,99.42,0.0,1219.1,0.0
802888,2024-08-19 07:59:23,2024-08-19 07:59:20,23,80,True,9.286,23.476,38,8.252,13.654,86,11,1473.5,14.5,1.0,4890.777,6.312,808652.562,0.316,,,,,,,,1242,35.723274,51.170509,12,99.42,0.0,1219.1,0.0
