time,timestamp_received,timestamp,trip,signal,isLive,Battery_voltage,Fuel_level,Intake_manifold_absolute_pressure,Throttle_position,Accelerator_pedal_position,Coolant_temperature,Vehicle_Speed,Engine_speed,Target_air_fuel_ratio,Current_gear_shift_position_(Current_gear),Cumulative_mileage,Clutch_torque,Trip_fuel_consumption,RON_factor,0313,0314,033d,0345,0348,0409,040a,altitude,latitude,longitude,satelites,bearing,angular_speed,correct_altitude,slope
6252610,2024-09-04 17:50:03,2024-09-04 17:50:03,74,67,True,9.714,73.289,29,4.387,0.0,88,61,1940.0,14.5,4.0,5588.242,-20.938,8031324.5,0.0,,,,,,,,-9,37.340618,49.533985,12,70.51,-0.0071209433481367,-19.0,0.0
6253110,2024-09-04 17:50:03,2024-09-04 17:50:03,74,67,True,9.714,73.411,30,4.723,0.0,88,61,1921.5,14.5,4.0,5588.25,-20.688,8031324.5,0.0,,,,,,,,-9,37.340618,49.533985,12,70.51,0.0,-19.0,0.0
6253610,2024-09-04 17:50:03,2024-09-04 17:50:03,74,67,True,9.714,73.443,30,4.076,0.0,88,60,1897.0,14.5,4.0,5588.258,-21.125,8031324.5,0.0,,,,,,,,-9,37.340618,49.533985,12,70.51,0.0,-19.0,0.0
6254110,2024-09-04 17:50:03,2024-09-04 17:50:03,74,67,True,9.786,73.746,30,4.119,0.0,88,59,1875.0,14.5,4.0,5588.266,-20.938,8031324.5,0.0,,,,,,,,-9,37.340618,49.533985,12,70.51,0.0,-19.0,0.0
