time,timestamp_received,timestamp,trip,signal,isLive,Battery_voltage,Fuel_level,Intake_manifold_absolute_pressure,Throttle_position,Accelerator_pedal_position,Coolant_temperature,Vehicle_Speed,Engine_speed,Target_air_fuel_ratio,Current_gear_shift_position_(Current_gear),Cumulative_mileage,Clutch_torque,Trip_fuel_consumption,RON_factor,0313,0314,033d,0345,0348,0409,040a,altitude,latitude,longitude,satelites,bearing,angular_speed,correct_altitude,slope
4436497,2024-09-04 17:19:48,2024-09-04 17:19:48,74,29,True,9.714,71.994,62,13.525,21.942,87,89,2821.25,14.5,4.0,5565.109,53.0,5774450.0,0.0,,,,,,,,-8,37.391743,49.310825,12,104.28,-0.0004886921905583,-22.7,0.0
4436997,2024-09-04 17:19:48,2024-09-04 17:19:48,74,29,True,9.643,72.167,52,11.514,16.766,87,89,2816.0,14.5,4.0,5565.121,37.938,5774998.0,0.0,,,,,,,,-8,37.391743,49.310825,12,104.28,0.0,-22.7,0.0
4437497,2024-09-04 17:19:48,2024-09-04 17:19:48,74,29,True,9.643,72.715,36,8.383,8.456,87,89,2821.5,14.5,4.0,5565.137,16.125,5775466.5,0.0,,,,,,,,-8,37.391743,49.310825,12,104.28,0.0,-22.7,0.0
4437997,2024-09-04 17:19:48,2024-09-04 17:19:48,74,29,True,9.643,73.444,32,7.326,6.049,87,89,2798.0,14.5,4.0,5565.148,12.375,5775800.5,0.0,,,,,,,,-8,37.391743,49.310825,12,104.28,0.0,-22.7,0.0
