time,timestamp_received,timestamp,trip,signal,isLive,Battery_voltage,Fuel_level,Intake_manifold_absolute_pressure,Throttle_position,Accelerator_pedal_position,Coolant_temperature,Vehicle_Speed,Engine_speed,Target_air_fuel_ratio,Current_gear_shift_position_(Current_gear),Cumulative_mileage,Clutch_torque,Trip_fuel_consumption,RON_factor,0313,0314,033d,0345,0348,0409,040a,altitude,latitude,longitude,satelites,bearing,angular_speed,correct_altitude,slope
792502,2024-09-04 16:19:03,2024-09-04 16:19:03,74,25,True,9.214,78.053,39,9.197,0.0,87,86,2722.0,14.5,4.0,5530.824,-39.188,1531331.25,0.0,,,,,,,,31,37.581295,49.101963,12,136.7,-0.0004354033274507,14.8,0.0
793002,2024-09-04 16:19:03,2024-09-04 16:19:03,74,25,True,9.214,77.699,40,9.377,14.108,87,86,2724.0,12.5,4.0,5530.836,6.062,1531331.25,0.0,,,,,,,,31,37.581295,49.101963,12,136.7,0.0,14.8,0.0
793502,2024-09-04 16:19:03,2024-09-04 16:19:03,74,25,True,9.143,77.223,41,10.777,20.801,87,85,2709.25,14.5,4.0,5530.848,13.188,1531911.125,0.0,,,,,,,,31,37.581295,49.101963,12,136.7,0.0,14.8,0.0
794002,2024-09-04 16:19:03,2024-09-04 16:19:03,74,25,True,9.143,78.05,49,12.045,12.427,87,85,2691.25,14.5,4.0,5530.859,22.812,1532496.25,0.0,,,,,,,,31,37.581295,49.101963,12,136.7,0.0,14.8,0.0
