time,timestamp_received,timestamp,trip,signal,isLive,Battery_voltage,Fuel_level,Intake_manifold_absolute_pressure,Throttle_position,Accelerator_pedal_position,Coolant_temperature,Vehicle_Speed,Engine_speed,Target_air_fuel_ratio,Current_gear_shift_position_(Current_gear),Cumulative_mileage,Clutch_torque,Trip_fuel_consumption,RON_factor,0313,0314,033d,0345,0348,0409,040a,altitude,latitude,longitude,satelites,bearing,angular_speed,correct_altitude,slope
3298495,2024-09-04 17:00:49,2024-09-04 17:00:49,74,35,True,9.571,73.02,53,9.451,0.0,85,49,2215.75,14.5,3.0,5548.812,14.438,3978502.75,0.0,,,,,,,,6,37.469173,49.200447,12,136.47,-0.0057246799465413,-7.9,0.0
3298995,2024-09-04 17:00:49,2024-09-04 17:00:49,74,35,True,9.5,73.404,42,7.568,0.0,85,49,2210.0,14.5,3.0,5548.816,-15.375,3978775.75,0.0,,,,,,,,6,37.469173,49.200447,12,136.47,0.0,-7.9,0.0
3299495,2024-09-04 17:00:49,2024-09-04 17:00:49,74,35,True,9.5,73.828,39,7.604,0.0,85,48,2216.0,14.5,3.0,5548.824,-37.625,3978938.25,0.0,,,,,,,,6,37.469173,49.200447,12,136.47,0.0,-7.9,0.0
3299995,2024-09-04 17:00:49,2024-09-04 17:00:49,74,35,True,9.5,74.289,39,7.604,1.505,85,47,2155.75,14.5,3.0,5548.832,11.438,3978949.75,0.0,,,,,,,,6,37.469173,49.200447,12,136.47,0.0,-7.9,0.0
