time,timestamp_received,timestamp,trip,signal,isLive,Battery_voltage,Fuel_level,Intake_manifold_absolute_pressure,Throttle_position,Accelerator_pedal_position,Coolant_temperature,Vehicle_Speed,Engine_speed,Target_air_fuel_ratio,Current_gear_shift_position_(Current_gear),Cumulative_mileage,Clutch_torque,Trip_fuel_consumption,RON_factor,0313,0314,033d,0345,0348,0409,040a,altitude,latitude,longitude,satelites,bearing,angular_speed,correct_altitude,slope
690503,2024-09-04 16:17:21,2024-09-04 16:17:21,74,35,True,9.286,77.024,77,20.775,45.319,85,49,2224.75,14.5,3.0,5528.609,86.188,1305810.625,0.0,,,,,,,,25,37.594967,49.08392,12,97.81,0.0499164166070378,7.1,0.0
691003,2024-09-04 16:17:21,2024-09-04 16:17:21,74,35,True,9.286,76.066,107,31.85,50.034,85,50,2278.75,14.1,3.0,5528.617,104.5,1306940.25,0.0,,,,,,,,25,37.594967,49.08392,12,97.81,0.0,7.1,0.0
691503,2024-09-04 16:17:21,2024-09-04 16:17:21,74,35,True,9.214,74.577,132,41.016,43.607,85,51,2352.25,13.1,3.0,5528.621,123.375,1308822.75,0.0,,,,,,,,25,37.594967,49.08392,12,97.81,0.0,7.1,0.0
692003,2024-09-04 16:17:21,2024-09-04 16:17:21,74,35,True,9.286,73.277,124,22.082,25.62,85,54,2444.75,14.5,3.0,5528.629,104.875,1311164.0,0.0,,,,,,,,25,37.594967,49.08392,12,97.81,0.0,7.1,0.0
