time,timestamp_received,timestamp,trip,signal,isLive,Battery_voltage,Fuel_level,Intake_manifold_absolute_pressure,Throttle_position,Accelerator_pedal_position,Coolant_temperature,Vehicle_Speed,Engine_speed,Target_air_fuel_ratio,Current_gear_shift_position_(Current_gear),Cumulative_mileage,Clutch_torque,Trip_fuel_consumption,RON_factor,0313,0314,033d,0345,0348,0409,040a,altitude,latitude,longitude,satelites,bearing,angular_speed,correct_altitude,slope
4480497,2024-09-04 17:20:32,2024-09-04 17:20:32,74,25,True,9.643,74.996,44,10.262,14.563,86,59,2670.0,14.5,3.0,5565.914,19.25,5813273.5,0.0,,,,,,,,-9,37.39233,49.319191,12,55.81,0.0,-21.4,0.0
4480997,2024-09-04 17:20:32,2024-09-04 17:20:32,74,25,True,9.571,75.065,45,10.906,14.563,86,59,2674.5,14.5,3.0,5565.926,23.375,5813690.0,0.0,,,,,,,,-9,37.39233,49.319191,12,55.81,0.0,-21.4,0.0
4481497,2024-09-04 17:20:32,2024-09-04 17:20:32,74,25,True,9.571,75.049,46,10.93,14.563,86,59,2663.5,14.5,3.0,5565.934,23.5,5814236.5,0.0,,,,,,,,-9,37.39233,49.319191,12,55.81,0.0,-21.4,0.0
4481997,2024-09-04 17:20:32,2024-09-04 17:20:32,74,25,True,9.571,75.034,45,10.596,14.075,86,59,2666.5,14.5,3.0,5565.941,21.812,5814791.0,0.0,,,,,,,,-9,37.39233,49.319191,12,55.81,0.0,-21.4,0.0
