time,timestamp_received,timestamp,trip,signal,isLive,Battery_voltage,Fuel_level,Intake_manifold_absolute_pressure,Throttle_position,Accelerator_pedal_position,Coolant_temperature,Vehicle_Speed,Engine_speed,Target_air_fuel_ratio,Current_gear_shift_position_(Current_gear),Cumulative_mileage,Clutch_torque,Trip_fuel_consumption,RON_factor,0313,0314,033d,0345,0348,0409,040a,altitude,latitude,longitude,satelites,bearing,angular_speed,correct_altitude,slope
6086611,2024-09-04 17:47:17,2024-09-04 17:47:17,74,100,True,9.571,74.039,52,7.113,4.245,88,64,2025.25,14.5,4.0,5586.473,21.688,7853681.5,0.0,,,,,,,,-8,37.339561,49.514389,12,104.08,0.0083077672394929,-19.8,0.0
6087111,2024-09-04 17:47:17,2024-09-04 17:47:17,74,100,True,9.429,73.812,47,6.773,0.0,88,64,2011.75,14.5,4.0,5586.48,7.062,7854048.0,0.0,,,,,,,,-8,37.339561,49.514389,12,104.08,0.0,-19.8,0.0
6087611,2024-09-04 17:47:17,2024-09-04 17:47:17,74,100,True,9.5,73.999,44,6.283,2.713,88,63,2072.75,12.4,4.0,5586.488,18.75,7854445.0,0.0,,,,,,,,-8,37.339561,49.514389,12,104.08,0.0,-19.8,0.0
6088111,2024-09-04 17:47:17,2024-09-04 17:47:17,74,100,True,9.5,74.168,43,6.697,4.239,88,63,2012.5,14.5,4.0,5586.5,13.25,7854894.5,0.0,,,,,,,,-8,37.339561,49.514389,12,104.08,0.0,-19.8,0.0
