time,timestamp_received,timestamp,trip,signal,isLive,Battery_voltage,Fuel_level,Intake_manifold_absolute_pressure,Throttle_position,Accelerator_pedal_position,Coolant_temperature,Vehicle_Speed,Engine_speed,Target_air_fuel_ratio,Current_gear_shift_position_(Current_gear),Cumulative_mileage,Clutch_torque,Trip_fuel_consumption,RON_factor,0313,0314,033d,0345,0348,0409,040a,altitude,latitude,longitude,satelites,bearing,angular_speed,correct_altitude,slope
7718612,2024-09-04 18:14:29,2024-09-04 18:14:29,74,48,True,9.429,73.423,37,2.168,0.0,89,0,664.75,14.5,13.0,5597.504,-2.5,9083546.0,0.0,,,,,,,,7,37.379784,49.568382,12,0.0,-0.6283185307179586,-21.9,0.0
7719112,2024-09-04 18:14:29,2024-09-04 18:14:29,74,48,True,9.5,73.454,37,1.666,0.0,89,0,650.0,14.5,13.0,5597.504,2.812,9083630.0,0.0,,,,,,,,7,37.379784,49.568382,12,0.0,0.0,-21.9,0.0
7719612,2024-09-04 18:14:29,2024-09-04 18:14:29,74,48,True,9.571,73.481,35,2.031,0.0,89,0,656.25,14.5,13.0,5597.504,-0.438,9083711.0,0.0,,,,,,,,7,37.379784,49.568382,12,0.0,0.0,-21.9,0.0
7720112,2024-09-04 18:14:29,2024-09-04 18:14:29,74,48,True,9.571,73.505,35,1.953,0.0,89,0,635.0,14.5,13.0,5597.504,4.125,9083798.0,0.0,,,,,,,,7,37.379784,49.568382,12,0.0,0.0,-21.9,0.0
