time,timestamp_received,timestamp,trip,signal,isLive,Battery_voltage,Fuel_level,Intake_manifold_absolute_pressure,Throttle_position,Accelerator_pedal_position,Coolant_temperature,Vehicle_Speed,Engine_speed,Target_air_fuel_ratio,Current_gear_shift_position_(Current_gear),Cumulative_mileage,Clutch_torque,Trip_fuel_consumption,RON_factor,0313,0314,033d,0345,0348,0409,040a,altitude,latitude,longitude,satelites,bearing,angular_speed,correct_altitude,slope
1334501,2024-09-04 16:28:05,2024-09-04 16:28:05,74,48,True,9.571,75.068,63,12.734,13.599,90,65,2926.5,14.5,3.0,5539.527,48.125,2525752.75,0.0,,,,,,,,72,37.516804,49.126846,12,132.04,-0.0212316963828043,56.1,0.0
1335001,2024-09-04 16:28:05,2024-09-04 16:28:05,74,48,True,9.5,75.404,41,9.744,9.207,90,65,2927.5,14.5,3.0,5539.535,21.688,2526329.5,0.0,,,,,,,,72,37.516804,49.126846,12,132.04,0.0,56.1,0.0
1335501,2024-09-04 16:28:05,2024-09-04 16:28:05,74,48,True,9.5,75.707,34,8.846,23.489,90,65,2932.0,14.5,3.0,5539.547,15.25,2526764.0,0.0,,,,,,,,72,37.516804,49.126846,12,132.04,0.0,56.1,0.0
1336001,2024-09-04 16:28:05,2024-09-04 16:28:05,74,48,True,9.5,75.98,46,13.125,41.251,90,64,2923.75,14.5,3.0,5539.555,38.062,2527200.0,0.0,,,,,,,,72,37.516804,49.126846,12,132.04,0.0,56.1,0.0
