time,timestamp_received,timestamp,trip,signal,isLive,Battery_voltage,Fuel_level,Intake_manifold_absolute_pressure,Throttle_position,Accelerator_pedal_position,Coolant_temperature,Vehicle_Speed,Engine_speed,Target_air_fuel_ratio,Current_gear_shift_position_(Current_gear),Cumulative_mileage,Clutch_torque,Trip_fuel_consumption,RON_factor,0313,0314,033d,0345,0348,0409,040a,altitude,latitude,longitude,satelites,bearing,angular_speed,correct_altitude,slope
2267435,2024-09-23 19:52:32,2024-09-23 19:52:32,182,67,True,8.929,35.542,39,10.064,0.0,89,29,3416.5,14.5,1.0,6718.215,-9.0,316042.75,0.175,,,,,,,,1255,35.714466,51.402473,12,71.88,-0.0008920571732416,1242.1,0.0
2267935,2024-09-23 19:52:32,2024-09-23 19:52:32,182,67,True,8.857,37.36,39,10.762,0.0,86,28,3204.75,14.5,1.0,6718.215,-15.562,316372.25,0.175,,,,,,,,1255,35.714466,51.402473,12,71.88,0.0,1242.1,0.0
2268435,2024-09-23 19:52:32,2024-09-23 19:52:32,182,67,True,8.929,37.075,36,9.066,0.0,88,27,2760.5,14.5,1.0,6718.219,-16.75,316832.062,0.175,,,,,,,,1255,35.714466,51.402473,12,71.88,0.0,1242.1,0.0
2268935,2024-09-23 19:52:32,2024-09-23 19:52:32,182,67,True,9.0,38.27,36,7.715,0.0,86,26,2258.25,14.5,2.0,6718.223,-18.312,317183.5,0.175,,,,,,,,1255,35.714466,51.402473,12,71.88,0.0,1242.1,0.0
