time,timestamp_received,timestamp,trip,signal,isLive,Battery_voltage,Fuel_level,Intake_manifold_absolute_pressure,Throttle_position,Accelerator_pedal_position,Coolant_temperature,Vehicle_Speed,Engine_speed,Target_air_fuel_ratio,Current_gear_shift_position_(Current_gear),Cumulative_mileage,Clutch_torque,Trip_fuel_consumption,RON_factor,0313,0314,033d,0345,0348,0409,040a,altitude,latitude,longitude,satelites,bearing,angular_speed,correct_altitude,slope
4130494,2024-09-04 17:14:41,2024-09-04 17:14:41,74,32,True,9.714,60.526,78,14.027,36.618,85,69,2188.5,14.5,4.0,5559.5,85.125,5081561.5,0.0,,,,,,,,-9,37.419102,49.277775,12,138.01,0.0589223155473285,-21.9,0.0
4130994,2024-09-04 17:14:41,2024-09-04 17:14:41,74,32,True,9.714,62.16,86,16.887,40.039,85,70,2208.5,14.5,4.0,5559.508,102.062,5082199.5,0.0,,,,,,,,-9,37.419102,49.277775,12,138.01,0.0,-21.9,0.0
4131494,2024-09-04 17:14:41,2024-09-04 17:14:41,74,32,True,9.714,62.454,103,20.547,37.119,85,70,2221.25,14.5,4.0,5559.52,116.812,5083274.0,0.0,,,,,,,,-9,37.419102,49.277775,12,138.01,0.0,-21.9,0.0
4131994,2024-09-04 17:14:41,2024-09-04 17:14:41,74,32,True,9.786,62.718,99,17.396,35.568,85,72,2265.25,14.5,4.0,5559.527,107.812,5084674.5,0.0,,,,,,,,-9,37.419102,49.277775,12,138.01,0.0,-21.9,0.0
