time,timestamp_received,timestamp,trip,signal,isLive,Battery_voltage,Fuel_level,Intake_manifold_absolute_pressure,Throttle_position,Accelerator_pedal_position,Coolant_temperature,Vehicle_Speed,Engine_speed,Target_air_fuel_ratio,Current_gear_shift_position_(Current_gear),Cumulative_mileage,Clutch_torque,Trip_fuel_consumption,RON_factor,0313,0314,033d,0345,0348,0409,040a,altitude,latitude,longitude,satelites,bearing,angular_speed,correct_altitude,slope
1967426,2024-09-23 19:47:16,2024-09-23 19:47:16,182,67,True,9.214,40.319,50,10.428,37.259,82,17,1362.75,14.5,2.0,6716.57,54.938,95207.766,0.175,,,,,,,,1255,35.707447,51.391285,12,109.27,0.0212232037042509,1228.0,0.0
1967926,2024-09-23 19:47:16,2024-09-23 19:47:16,182,67,True,9.071,40.012,86,22.014,36.328,83,18,1308.5,14.5,2.0,6716.57,74.625,95560.219,0.175,,,,,,,,1255,35.707447,51.391285,12,109.27,0.0,1228.0,0.0
1968426,2024-09-23 19:47:16,2024-09-23 19:47:16,182,67,True,9.143,38.599,67,6.691,0.29,83,20,1459.5,14.5,2.0,6716.574,44.188,96216.391,0.175,,,,,,,,1255,35.707447,51.391285,12,109.27,0.0,1228.0,0.0
1968926,2024-09-23 19:47:16,2024-09-23 19:47:16,182,67,True,9.143,39.014,36,5.545,0.0,81,20,1492.25,14.5,2.0,6716.574,0.562,96448.406,0.175,,,,,,,,1255,35.707447,51.391285,12,109.27,0.0,1228.0,0.0
