time,timestamp_received,timestamp,trip,signal,isLive,Battery_voltage,Fuel_level,Intake_manifold_absolute_pressure,Throttle_position,Accelerator_pedal_position,Coolant_temperature,Vehicle_Speed,Engine_speed,Target_air_fuel_ratio,Current_gear_shift_position_(Current_gear),Cumulative_mileage,Clutch_torque,Trip_fuel_consumption,RON_factor,0313,0314,033d,0345,0348,0409,040a,altitude,latitude,longitude,satelites,bearing,angular_speed,correct_altitude,slope
6822614,2024-09-04 17:59:33,2024-09-04 17:59:33,74,48,True,9.643,69.301,29,3.662,0.0,87,58,1818.5,14.5,4.0,5595.062,-3.562,8679420.0,0.0,,,,,,,,-9,37.371578,49.581997,12,17.16,0.0001396263401596,-19.8,0.0
6823114,2024-09-04 17:59:33,2024-09-04 17:59:33,74,48,True,9.643,69.861,27,3.051,0.0,87,58,1530.75,14.5,5.0,5595.07,-8.375,8679552.0,0.0,,,,,,,,-9,37.371578,49.581997,12,17.16,0.0,-19.8,0.0
6823614,2024-09-04 17:59:33,2024-09-04 17:59:33,74,48,True,9.643,70.444,28,2.551,0.0,87,57,1066.0,14.5,6.0,5595.078,-5.25,8679690.0,0.0,,,,,,,,-9,37.371578,49.581997,12,17.16,0.0,-19.8,0.0
6824114,2024-09-04 17:59:33,2024-09-04 17:59:33,74,48,True,9.571,70.89,33,2.23,0.0,87,56,920.0,14.5,6.0,5595.086,-0.75,8679805.0,0.0,,,,,,,,-9,37.371578,49.581997,12,17.16,0.0,-19.8,0.0
