time,timestamp_received,timestamp,trip,signal,isLive,Battery_voltage,Fuel_level,Intake_manifold_absolute_pressure,Throttle_position,Accelerator_pedal_position,Coolant_temperature,Vehicle_Speed,Engine_speed,Target_air_fuel_ratio,Current_gear_shift_position_(Current_gear),Cumulative_mileage,Clutch_torque,Trip_fuel_consumption,RON_factor,0313,0314,033d,0345,0348,0409,040a,altitude,latitude,longitude,satelites,bearing,angular_speed,correct_altitude,slope
3414493,2024-09-04 17:02:45,2024-09-04 17:02:45,74,29,True,9.714,77.521,37,5.244,0.0,85,50,2272.0,14.5,3.0,5550.891,-22.312,4149506.75,0.0,,,,,,,,1,37.465336,49.222778,12,85.85,-0.0228987197861656,-14.0,0.0
3414993,2024-09-04 17:02:45,2024-09-04 17:02:45,74,29,True,9.714,77.887,37,5.008,0.0,85,49,2205.75,14.5,3.0,5550.898,-22.062,4149506.75,0.0,,,,,,,,1,37.465336,49.222778,12,85.85,0.0,-14.0,0.0
3415493,2024-09-04 17:02:45,2024-09-04 17:02:45,74,29,True,9.786,77.314,37,4.742,0.0,85,48,2165.0,11.6,3.0,5550.906,-21.875,4149506.75,0.0,,,,,,,,1,37.465336,49.222778,12,85.85,0.0,-14.0,0.0
3415993,2024-09-04 17:02:45,2024-09-04 17:02:45,74,29,True,9.786,77.19,34,5.08,39.914,85,47,2106.75,12.8,3.0,5550.91,27.25,4149772.5,0.0,,,,,,,,1,37.465336,49.222778,12,85.85,0.0,-14.0,0.0
