time,timestamp_received,timestamp,trip,signal,isLive,Battery_voltage,Fuel_level,Intake_manifold_absolute_pressure,Throttle_position,Accelerator_pedal_position,Coolant_temperature,Vehicle_Speed,Engine_speed,Target_air_fuel_ratio,Current_gear_shift_position_(Current_gear),Cumulative_mileage,Clutch_torque,Trip_fuel_consumption,RON_factor,0313,0314,033d,0345,0348,0409,040a,altitude,latitude,longitude,satelites,bearing,angular_speed,correct_altitude,slope
3206494,2024-09-04 16:59:17,2024-09-04 16:59:17,74,38,True,9.0,68.626,151,100.109,52.094,84,36,2660.75,11.4,2.0,5547.121,135.75,3816258.25,0.0,,,,,,,,15,37.482098,49.191196,12,157.26,-0.0052359877559829,3.8,0.0
3206994,2024-09-04 16:59:17,2024-09-04 16:59:17,74,38,True,9.071,67.999,157,99.105,50.259,84,39,2853.5,11.1,2.0,5547.129,146.812,3819037.0,0.0,,,,,,,,15,37.482098,49.191196,12,157.26,0.0,3.8,0.0
3207494,2024-09-04 16:59:17,2024-09-04 16:59:17,74,38,True,9.0,66.65,159,96.414,43.857,84,43,3109.25,11.1,2.0,5547.133,152.438,3823017.0,0.0,,,,,,,,15,37.482098,49.191196,12,157.26,0.0,3.8,0.0
3207994,2024-09-04 16:59:17,2024-09-04 16:59:17,74,38,True,9.071,64.769,131,27.176,41.537,84,47,3349.0,13.2,2.0,5547.141,124.25,3827172.75,0.0,,,,,,,,15,37.482098,49.191196,12,157.26,0.0,3.8,0.0
