time,timestamp_received,timestamp,trip,signal,isLive,Battery_voltage,Fuel_level,Intake_manifold_absolute_pressure,Throttle_position,Accelerator_pedal_position,Coolant_temperature,Vehicle_Speed,Engine_speed,Target_air_fuel_ratio,Current_gear_shift_position_(Current_gear),Cumulative_mileage,Clutch_torque,Trip_fuel_consumption,RON_factor,0313,0314,033d,0345,0348,0409,040a,altitude,latitude,longitude,satelites,bearing,angular_speed,correct_altitude,slope
1812499,2024-09-04 16:36:02,2024-09-04 16:36:02,74,61,True,8.786,78.521,52,3.432,0.0,84,0,671.75,14.5,13.0,5540.535,3.0,2761219.0,0.0,,,,,,,,59,37.513496,49.137436,12,117.96,0.1306902543893354,41.9,0.0
1812999,2024-09-04 16:36:02,2024-09-04 16:36:02,74,61,True,8.786,78.355,54,3.963,0.0,84,0,687.25,14.5,13.0,5540.535,5.688,2761344.5,0.0,,,,,,,,59,37.513496,49.137436,12,117.96,0.0,41.9,0.0
1813499,2024-09-04 16:36:02,2024-09-04 16:36:02,74,61,True,8.929,78.206,54,4.365,0.0,83,0,769.75,14.5,13.0,5540.535,7.0,2761529.75,0.0,,,,,,,,59,37.513496,49.137436,12,117.96,0.0,41.9,0.0
1813999,2024-09-04 16:36:02,2024-09-04 16:36:02,74,61,True,9.0,78.072,54,4.961,0.0,83,0,888.75,14.5,13.0,5540.535,-4.688,2761752.25,0.0,,,,,,,,59,37.513496,49.137436,12,117.96,0.0,41.9,0.0
