time,timestamp_received,timestamp,trip,signal,isLive,Battery_voltage,Fuel_level,Intake_manifold_absolute_pressure,Throttle_position,Accelerator_pedal_position,Coolant_temperature,Vehicle_Speed,Engine_speed,Target_air_fuel_ratio,Current_gear_shift_position_(Current_gear),Cumulative_mileage,Clutch_torque,Trip_fuel_consumption,RON_factor,0313,0314,033d,0345,0348,0409,040a,altitude,latitude,longitude,satelites,bearing,angular_speed,correct_altitude,slope
1420410,2024-09-23 19:38:09,2024-09-23 19:38:09,181,67,True,9.143,37.873,62,6.23,0.0,85,0,807.0,14.5,14.0,6716.188,3.562,986138.688,0.175,,,,,,,,1250,35.704948,51.390675,12,121.62,-0.2757620218151041,1221.1,0.0
1420910,2024-09-23 19:38:09,2024-09-23 19:38:09,181,67,True,8.643,38.046,65,5.492,0.0,85,0,729.5,14.5,14.0,6716.188,9.75,986311.188,0.175,,,,,,,,1250,35.704948,51.390675,12,121.62,0.0,1221.1,0.0
1421410,2024-09-23 19:38:09,2024-09-23 19:38:09,181,67,True,8.571,36.83,65,5.725,0.0,84,0,705.75,14.5,14.0,6716.188,11.812,986486.938,0.175,,,,,,,,1250,35.704948,51.390675,12,121.62,0.0,1221.1,0.0
1421910,2024-09-23 19:38:09,2024-09-23 19:38:09,181,67,True,9.214,37.108,63,6.811,0.0,84,0,903.0,14.5,14.0,6716.188,-6.0,986699.562,0.175,,,,,,,,1250,35.704948,51.390675,12,121.62,0.0,1221.1,0.0
