time,timestamp_received,timestamp,trip,signal,isLive,Battery_voltage,Fuel_level,Intake_manifold_absolute_pressure,Throttle_position,Accelerator_pedal_position,Coolant_temperature,Vehicle_Speed,Engine_speed,Target_air_fuel_ratio,Current_gear_shift_position_(Current_gear),Cumulative_mileage,Clutch_torque,Trip_fuel_consumption,RON_factor,0313,0314,033d,0345,0348,0409,040a,altitude,latitude,longitude,satelites,bearing,angular_speed,correct_altitude,slope
1026504,2024-09-04 16:22:57,2024-09-04 16:22:57,74,100,True,9.214,78.714,97,25.521,45.895,85,75,2394.75,14.5,4.0,5534.289,97.0,1980601.875,0.0,,,,,,,,34,37.554806,49.114796,12,183.46,0.0038397243543876,20.4,0.0
1027004,2024-09-04 16:22:57,2024-09-04 16:22:57,74,100,True,9.214,78.137,124,35.273,46.176,85,76,2406.75,13.2,4.0,5534.289,109.688,1982058.5,0.0,,,,,,,,34,37.554806,49.114796,12,183.46,0.0,20.4,0.0
1027504,2024-09-04 16:22:57,2024-09-04 16:22:57,74,100,True,9.214,77.695,135,39.111,36.765,85,77,2417.0,12.7,4.0,5534.297,117.25,1984445.875,0.0,,,,,,,,34,37.554806,49.114796,12,183.46,0.0,20.4,0.0
1028004,2024-09-04 16:22:57,2024-09-04 16:22:57,74,100,True,9.286,76.945,125,25.844,33.963,85,78,2460.75,13.9,4.0,5534.309,104.312,1986813.25,0.0,,,,,,,,34,37.554806,49.114796,12,183.46,0.0,20.4,0.0
