time,timestamp_received,timestamp,trip,signal,isLive,Battery_voltage,Fuel_level,Intake_manifold_absolute_pressure,Throttle_position,Accelerator_pedal_position,Coolant_temperature,Vehicle_Speed,Engine_speed,Target_air_fuel_ratio,Current_gear_shift_position_(Current_gear),Cumulative_mileage,Clutch_torque,Trip_fuel_consumption,RON_factor,0313,0314,033d,0345,0348,0409,040a,altitude,latitude,longitude,satelites,bearing,angular_speed,correct_altitude,slope
682503,2024-09-04 16:17:13,2024-09-04 16:17:13,74,35,True,9.286,81.595,39,7.072,0.0,84,41,1855.75,14.5,3.0,5528.52,-36.688,1291532.125,0.0,,,,,,,,28,37.595032,49.08292,12,83.01,-0.0088627275091274,8.4,0.0
683003,2024-09-04 16:17:13,2024-09-04 16:17:13,74,35,True,9.286,81.789,39,6.789,0.0,84,39,1741.25,14.5,3.0,5528.527,-36.875,1291532.125,0.0,,,,,,,,28,37.595032,49.08292,12,83.01,0.0,8.4,0.0
683503,2024-09-04 16:17:13,2024-09-04 16:17:13,74,35,True,9.214,81.335,38,6.502,0.0,84,37,1674.0,14.5,3.0,5528.531,-37.062,1291532.125,0.0,,,,,,,,28,37.595032,49.08292,12,83.01,0.0,8.4,0.0
684003,2024-09-04 16:17:13,2024-09-04 16:17:13,74,35,True,9.214,82.535,38,6.062,0.0,84,35,1585.0,12.2,3.0,5528.535,-37.75,1291532.125,0.0,,,,,,,,28,37.595032,49.08292,12,83.01,0.0,8.4,0.0
