time,timestamp_received,timestamp,trip,signal,isLive,Battery_voltage,Fuel_level,Intake_manifold_absolute_pressure,Throttle_position,Accelerator_pedal_position,Coolant_temperature,Vehicle_Speed,Engine_speed,Target_air_fuel_ratio,Current_gear_shift_position_(Current_gear),Cumulative_mileage,Clutch_torque,Trip_fuel_consumption,RON_factor,0313,0314,033d,0345,0348,0409,040a,altitude,latitude,longitude,satelites,bearing,angular_speed,correct_altitude,slope
3090495,2024-09-04 16:57:20,2024-09-04 16:57:20,74,38,True,9.5,78.085,46,3.305,0.0,86,37,788.25,14.5,5.0,5546.926,-1.5,3751544.0,0.0,,,,,,,,16,37.48386,49.190559,12,167.16,-0.0010471975511966,1.6,0.0
3090995,2024-09-04 16:57:20,2024-09-04 16:57:20,74,38,True,9.643,79.061,45,3.322,0.0,86,35,795.25,14.5,5.0,5546.926,-1.188,3751679.75,0.0,,,,,,,,16,37.48386,49.190559,12,167.16,0.0,1.6,0.0
3091495,2024-09-04 16:57:21,2024-09-04 16:57:20,74,38,True,9.571,79.586,45,3.264,0.0,86,33,779.0,14.5,5.0,5546.93,0.25,3751850.25,0.0,,,,,,,,16,37.48386,49.190559,12,167.16,0.0,1.6,0.0
3091995,2024-09-04 16:57:21,2024-09-04 16:57:20,74,38,True,9.571,79.745,45,3.193,0.0,85,31,778.75,14.5,5.0,5546.934,1.5,3752012.75,0.0,,,,,,,,16,37.48386,49.190559,12,167.16,0.0,1.6,0.0
