time,timestamp_received,timestamp,trip,signal,isLive,Battery_voltage,Fuel_level,Intake_manifold_absolute_pressure,Throttle_position,Accelerator_pedal_position,Coolant_temperature,Vehicle_Speed,Engine_speed,Target_air_fuel_ratio,Current_gear_shift_position_(Current_gear),Cumulative_mileage,Clutch_torque,Trip_fuel_consumption,RON_factor,0313,0314,033d,0345,0348,0409,040a,altitude,latitude,longitude,satelites,bearing,angular_speed,correct_altitude,slope
658504,2024-09-04 16:16:49,2024-09-04 16:16:49,74,35,True,9.214,78.362,68,11.043,23.715,85,23,1646.25,14.5,2.0,5528.27,52.312,1262615.0,0.0,,,,,,,,31,37.595142,49.080055,12,104.72,-0.0077492618788549,11.7,0.0
659004,2024-09-04 16:16:49,2024-09-04 16:16:49,74,35,True,9.214,77.938,64,10.75,21.936,85,23,1721.25,14.5,2.0,5528.273,46.5,1263039.5,0.0,,,,,,,,31,37.595142,49.080055,12,104.72,0.0,11.7,0.0
659504,2024-09-04 16:16:49,2024-09-04 16:16:49,74,35,True,9.214,77.712,60,10.75,21.671,85,24,1790.5,14.5,2.0,5528.273,42.5,1263546.75,0.0,,,,,,,,31,37.595142,49.080055,12,104.72,0.0,11.7,0.0
660004,2024-09-04 16:16:49,2024-09-04 16:16:49,74,35,True,9.214,77.627,61,11.104,21.53,85,25,1852.25,14.5,2.0,5528.277,43.125,1264087.0,0.0,,,,,,,,31,37.595142,49.080055,12,104.72,0.0,11.7,0.0
