time,timestamp_received,timestamp,trip,signal,isLive,Battery_voltage,Fuel_level,Intake_manifold_absolute_pressure,Throttle_position,Accelerator_pedal_position,Coolant_temperature,Vehicle_Speed,Engine_speed,Target_air_fuel_ratio,Current_gear_shift_position_(Current_gear),Cumulative_mileage,Clutch_torque,Trip_fuel_consumption,RON_factor,0313,0314,033d,0345,0348,0409,040a,altitude,latitude,longitude,satelites,bearing,angular_speed,correct_altitude,slope
4704495,2024-09-04 17:24:15,2024-09-04 17:24:15,74,29,True,9.571,70.042,42,9.734,0.0,87,89,2806.5,14.5,4.0,5569.379,-6.812,6172385.5,0.0,,,,,,,,-9,37.380726,49.342724,12,175.82,0.007958701389094,-23.4,0.0
4704995,2024-09-04 17:24:15,2024-09-04 17:24:15,74,29,True,9.5,71.116,41,8.748,0.0,87,89,2780.5,14.5,4.0,5569.395,-27.312,6172666.5,0.0,,,,,,,,-9,37.380726,49.342724,12,175.82,0.0,-23.4,0.0
4705495,2024-09-04 17:24:15,2024-09-04 17:24:15,74,29,True,9.571,72.083,37,7.52,0.0,87,88,2775.25,14.5,4.0,5569.406,-38.0,6172724.0,0.0,,,,,,,,-9,37.380726,49.342724,12,175.82,0.0,-23.4,0.0
4705995,2024-09-04 17:24:15,2024-09-04 17:24:15,74,29,True,9.643,72.443,47,8.334,0.0,87,87,2751.25,14.5,4.0,5569.418,-37.438,6172724.0,0.0,,,,,,,,-9,37.380726,49.342724,12,175.82,0.0,-23.4,0.0
