time,timestamp_received,timestamp,trip,signal,isLive,Battery_voltage,Fuel_level,Intake_manifold_absolute_pressure,Throttle_position,Accelerator_pedal_position,Coolant_temperature,Vehicle_Speed,Engine_speed,Target_air_fuel_ratio,Current_gear_shift_position_(Current_gear),Cumulative_mileage,Clutch_torque,Trip_fuel_consumption,RON_factor,0313,0314,033d,0345,0348,0409,040a,altitude,latitude,longitude,satelites,bearing,angular_speed,correct_altitude,slope
5488611,2024-09-04 17:37:19,2024-09-04 17:37:19,74,41,True,9.5,73.738,54,9.746,23.032,88,35,1596.25,14.5,3.0,5579.648,39.25,7182935.5,0.0,,,,,,,,-4,37.35479,49.443466,12,169.11,-0.0168249739892253,-20.1,0.0
5489111,2024-09-04 17:37:19,2024-09-04 17:37:19,74,41,True,9.5,73.972,59,10.609,24.908,88,36,1612.75,14.5,3.0,5579.648,47.125,7183308.0,0.0,,,,,,,,-4,37.35479,49.443466,12,169.11,0.0,-20.1,0.0
5489611,2024-09-04 17:37:19,2024-09-04 17:37:19,74,41,True,9.429,73.986,65,11.346,25.357,88,36,1652.25,14.5,3.0,5579.656,54.625,7183827.0,0.0,,,,,,,,-4,37.35479,49.443466,12,169.11,0.0,-20.1,0.0
5490111,2024-09-04 17:37:19,2024-09-04 17:37:19,74,41,True,9.5,73.686,70,12.834,33.698,88,36,1683.0,14.5,3.0,5579.66,64.938,7184399.0,0.0,,,,,,,,-4,37.35479,49.443466,12,169.11,0.0,-20.1,0.0
