time,timestamp_received,timestamp,trip,signal,isLive,Battery_voltage,Fuel_level,Intake_manifold_absolute_pressure,Throttle_position,Accelerator_pedal_position,Coolant_temperature,Vehicle_Speed,Engine_speed,Target_air_fuel_ratio,Current_gear_shift_position_(Current_gear),Cumulative_mileage,Clutch_torque,Trip_fuel_consumption,RON_factor,0313,0314,033d,0345,0348,0409,040a,altitude,latitude,longitude,satelites,bearing,angular_speed,correct_altitude,slope
2331436,2024-09-23 19:53:21,2024-09-23 19:53:21,182,48,True,9.0,32.515,64,10.469,32.471,91,9,1097.25,14.5,1.0,6718.523,58.5,372477.281,0.175,,,,,,,,1278,35.716293,51.4035,12,76.91,0.1979740396146799,1251.8,0.0
2331936,2024-09-23 19:53:21,2024-09-23 19:53:21,182,48,True,9.071,31.381,74,14.119,32.504,90,10,1302.75,14.5,1.0,6718.523,71.25,372812.094,0.175,,,,,,,,1278,35.716293,51.4035,12,76.91,0.0,1251.8,0.0
2332436,2024-09-23 19:53:21,2024-09-23 19:53:21,182,48,True,8.929,31.341,78,13.006,24.069,91,12,1718.25,14.5,1.0,6718.527,64.75,373452.438,0.175,,,,,,,,1278,35.716293,51.4035,12,76.91,0.0,1251.8,0.0
2332936,2024-09-23 19:53:21,2024-09-23 19:53:21,182,48,True,9.071,30.05,62,13.414,28.174,92,15,1971.25,14.5,1.0,6718.527,59.5,373990.0,0.175,,,,,,,,1278,35.716293,51.4035,12,76.91,0.0,1251.8,0.0
