time,timestamp_received,timestamp,trip,signal,isLive,Battery_voltage,Fuel_level,Intake_manifold_absolute_pressure,Throttle_position,Accelerator_pedal_position,Coolant_temperature,Vehicle_Speed,Engine_speed,Target_air_fuel_ratio,Current_gear_shift_position_(Current_gear),Cumulative_mileage,Clutch_torque,Trip_fuel_consumption,RON_factor,0313,0314,033d,0345,0348,0409,040a,altitude,latitude,longitude,satelites,bearing,angular_speed,correct_altitude,slope
3770492,2024-09-04 17:08:41,2024-09-04 17:08:41,74,64,True,9.571,75.342,48,8.914,6.537,86,57,2591.25,14.5,3.0,5554.422,19.812,4558129.0,0.0,,,,,,,,-4,37.445225,49.248119,12,166.11,-0.0425860337486616,-18.2,0.0
3770992,2024-09-04 17:08:41,2024-09-04 17:08:41,74,64,True,9.571,75.298,45,8.135,0.363,86,57,2583.75,14.5,3.0,5554.43,14.062,4558611.5,0.0,,,,,,,,-4,37.445225,49.248119,12,166.11,0.0,-18.2,0.0
3771492,2024-09-04 17:08:41,2024-09-04 17:08:41,74,64,True,9.643,75.455,49,8.656,0.0,86,57,2556.0,14.5,3.0,5554.438,-24.625,4559176.5,0.0,,,,,,,,-4,37.445225,49.248119,12,166.11,0.0,-18.2,0.0
3771992,2024-09-04 17:08:41,2024-09-04 17:08:41,74,64,True,9.571,76.027,47,8.807,6.229,86,56,2521.0,12.8,3.0,5554.445,19.875,4559309.0,0.0,,,,,,,,-4,37.445225,49.248119,12,166.11,0.0,-18.2,0.0
