time,timestamp_received,timestamp,trip,signal,isLive,Battery_voltage,Fuel_level,Intake_manifold_absolute_pressure,Throttle_position,Accelerator_pedal_position,Coolant_temperature,Vehicle_Speed,Engine_speed,Target_air_fuel_ratio,Current_gear_shift_position_(Current_gear),Cumulative_mileage,Clutch_torque,Trip_fuel_consumption,RON_factor,0313,0314,033d,0345,0348,0409,040a,altitude,latitude,longitude,satelites,bearing,angular_speed,correct_altitude,slope
3350494,2024-09-04 17:01:42,2024-09-04 17:01:42,74,35,True,9.571,75.672,153,57.143,42.63,85,72,2284.25,11.5,4.0,5549.652,140.438,4054947.0,0.0,,,,,,,,4,37.467873,49.209538,12,87.41,-0.0011868238913562,-11.2,0.0
3350994,2024-09-04 17:01:42,2024-09-04 17:01:42,74,35,True,9.5,75.791,132,20.836,25.473,86,73,2296.5,13.7,4.0,5549.664,98.25,4057111.5,0.0,,,,,,,,4,37.467873,49.209538,12,87.41,0.0,-11.2,0.0
3351494,2024-09-04 17:01:42,2024-09-04 17:01:42,74,35,True,9.571,75.702,88,14.062,26.004,86,74,2340.0,14.5,4.0,5549.672,71.188,4058205.0,0.0,,,,,,,,4,37.467873,49.209538,12,87.41,0.0,-11.2,0.0
3351994,2024-09-04 17:01:42,2024-09-04 17:01:42,74,35,True,9.5,75.504,79,13.652,26.077,86,74,2357.75,14.5,4.0,5549.684,62.562,4059055.5,0.0,,,,,,,,4,37.467873,49.209538,12,87.41,0.0,-11.2,0.0
