time,timestamp_received,timestamp,trip,signal,isLive,Battery_voltage,Fuel_level,Intake_manifold_absolute_pressure,Throttle_position,Accelerator_pedal_position,Coolant_temperature,Vehicle_Speed,Engine_speed,Target_air_fuel_ratio,Current_gear_shift_position_(Current_gear),Cumulative_mileage,Clutch_torque,Trip_fuel_consumption,RON_factor,0313,0314,033d,0345,0348,0409,040a,altitude,latitude,longitude,satelites,bearing,angular_speed,correct_altitude,slope
6718615,2024-09-04 17:57:49,2024-09-04 17:57:49,74,41,True,9.5,66.976,42,7.311,0.0,86,39,2623.5,14.5,2.0,5593.578,-8.25,8560169.0,0.0,,,,,,,,-7,37.359131,49.576473,12,55.82,-0.0011170107212763,-19.2,0.0
6719115,2024-09-04 17:57:49,2024-09-04 17:57:49,74,41,True,9.571,67.455,36,4.805,1.025,86,39,2335.5,14.5,2.0,5593.586,-1.375,8560530.0,0.0,,,,,,,,-7,37.359131,49.576473,12,55.82,0.0,-19.2,0.0
6719615,2024-09-04 17:57:49,2024-09-04 17:57:49,74,41,True,9.714,68.082,33,3.381,23.276,86,39,1875.0,14.5,3.0,5593.59,11.938,8560802.0,0.0,,,,,,,,-7,37.359131,49.576473,12,55.82,0.0,-19.2,0.0
6720115,2024-09-04 17:57:49,2024-09-04 17:57:49,74,41,True,9.786,67.47,46,8.465,28.928,86,39,1778.75,14.5,3.0,5593.598,44.625,8561057.0,0.0,,,,,,,,-7,37.359131,49.576473,12,55.82,0.0,-19.2,0.0
