time,timestamp_received,timestamp,trip,signal,isLive,Battery_voltage,Fuel_level,Intake_manifold_absolute_pressure,Throttle_position,Accelerator_pedal_position,Coolant_temperature,Vehicle_Speed,Engine_speed,Target_air_fuel_ratio,Current_gear_shift_position_(Current_gear),Cumulative_mileage,Clutch_torque,Trip_fuel_consumption,RON_factor,0313,0314,033d,0345,0348,0409,040a,altitude,latitude,longitude,satelites,bearing,angular_speed,correct_altitude,slope
6684615,2024-09-04 17:57:15,2024-09-04 17:57:15,74,45,True,9.5,80.614,41,2.99,0.0,86,27,841.25,14.5,4.0,5593.305,-4.312,8523622.0,0.0,,,,,,,,-8,37.358444,49.573624,12,106.67,-0.0020168249134155,-19.9,0.0
6685115,2024-09-04 17:57:15,2024-09-04 17:57:15,74,45,True,9.571,80.122,41,3.027,0.0,86,26,843.5,14.5,4.0,5593.309,-2.375,8523748.0,0.0,,,,,,,,-8,37.358444,49.573624,12,106.67,0.0,-19.9,0.0
6685615,2024-09-04 17:57:15,2024-09-04 17:57:15,74,45,True,9.571,80.188,41,3.051,0.0,86,24,843.5,14.5,3.0,5593.312,-1.75,8523903.0,0.0,,,,,,,,-8,37.358444,49.573624,12,106.67,0.0,-19.9,0.0
6686115,2024-09-04 17:57:15,2024-09-04 17:57:15,74,45,True,9.5,81.11,41,3.068,0.0,86,21,844.25,14.5,3.0,5593.316,-4.375,8524056.0,0.0,,,,,,,,-8,37.358444,49.573624,12,106.67,0.0,-19.9,0.0
