time,timestamp_received,timestamp,trip,signal,isLive,Battery_voltage,Fuel_level,Intake_manifold_absolute_pressure,Throttle_position,Accelerator_pedal_position,Coolant_temperature,Vehicle_Speed,Engine_speed,Target_air_fuel_ratio,Current_gear_shift_position_(Current_gear),Cumulative_mileage,Clutch_torque,Trip_fuel_consumption,RON_factor,0313,0314,033d,0345,0348,0409,040a,altitude,latitude,longitude,satelites,bearing,angular_speed,correct_altitude,slope
4460496,2024-09-04 17:20:12,2024-09-04 17:20:12,74,32,True,9.571,80.456,44,10.596,23.135,87,54,2468.5,14.5,3.0,5565.59,24.25,5789036.5,0.0,,,,,,,,-8,37.3908,49.316032,12,97.48,-0.023852833110589,-21.4,0.0
4460996,2024-09-04 17:20:12,2024-09-04 17:20:12,74,32,True,9.571,81.195,54,13.045,30.063,87,54,2475.25,14.5,3.0,5565.594,35.5,5789490.5,0.0,,,,,,,,-8,37.3908,49.316032,12,97.48,0.0,-21.4,0.0
4461496,2024-09-04 17:20:12,2024-09-04 17:20:12,74,32,True,9.571,82.252,62,13.428,30.432,86,55,2484.75,14.5,3.0,5565.602,56.562,5790201.5,0.0,,,,,,,,-8,37.3908,49.316032,12,97.48,0.0,-21.4,0.0
4461997,2024-09-04 17:20:12,2024-09-04 17:20:12,74,32,True,9.643,82.811,62,13.75,33.74,87,55,2511.25,14.5,3.0,5565.609,61.625,5790980.0,0.0,,,,,,,,-8,37.3908,49.316032,12,97.48,0.0,-21.4,0.0
