time,timestamp_received,timestamp,trip,signal,isLive,Battery_voltage,Fuel_level,Intake_manifold_absolute_pressure,Throttle_position,Accelerator_pedal_position,Coolant_temperature,Vehicle_Speed,Engine_speed,Target_air_fuel_ratio,Current_gear_shift_position_(Current_gear),Cumulative_mileage,Clutch_torque,Trip_fuel_consumption,RON_factor,0313,0314,033d,0345,0348,0409,040a,altitude,latitude,longitude,satelites,bearing,angular_speed,correct_altitude,slope
1332410,2024-09-23 19:36:47,2024-09-23 19:36:47,181,64,True,9.214,46.363,56,7.666,22.308,82,14,1101.5,14.5,2.0,6715.871,23.062,926978.625,0.175,,,,,,,,1237,35.702808,51.390072,12,85.5,-0.0004188790204786,1214.0,0.0
1332910,2024-09-23 19:36:47,2024-09-23 19:36:47,181,64,True,9.143,45.335,65,10.271,32.312,84,14,1055.25,14.5,2.0,6715.871,34.625,927180.062,0.175,,,,,,,,1237,35.702808,51.390072,12,85.5,0.0,1214.0,0.0
1333410,2024-09-23 19:36:47,2024-09-23 19:36:47,181,64,True,9.214,44.37,92,24.357,36.798,83,15,1112.75,14.5,2.0,6715.875,52.5,927640.625,0.175,,,,,,,,1237,35.702808,51.390072,12,85.5,0.0,1214.0,0.0
1333910,2024-09-23 19:36:47,2024-09-23 19:36:47,181,64,True,9.143,43.501,96,32.912,28.632,85,17,1247.75,14.5,2.0,6715.875,60.25,928255.188,0.175,,,,,,,,1237,35.702808,51.390072,12,85.5,0.0,1214.0,0.0
