time,timestamp_received,timestamp,trip,signal,isLive,Battery_voltage,Fuel_level,Intake_manifold_absolute_pressure,Throttle_position,Accelerator_pedal_position,Coolant_temperature,Vehicle_Speed,Engine_speed,Target_air_fuel_ratio,Current_gear_shift_position_(Current_gear),Cumulative_mileage,Clutch_torque,Trip_fuel_consumption,RON_factor,0313,0314,033d,0345,0348,0409,040a,altitude,latitude,longitude,satelites,bearing,angular_speed,correct_altitude,slope
4722496,2024-09-04 17:24:33,2024-09-04 17:24:33,74,29,True,9.714,83.981,90,15.887,20.52,87,75,2397.75,14.5,4.0,5569.777,91.25,6188227.5,0.0,,,,,,,,-8,37.377201,49.343304,12,159.82,-0.1026951731873464,-22.7,0.0
4722996,2024-09-04 17:24:33,2024-09-04 17:24:33,74,29,True,9.714,84.328,52,8.971,0.0,87,75,2400.25,14.5,4.0,5569.789,17.375,6189015.5,0.0,,,,,,,,-8,37.377201,49.343304,12,159.82,0.0,-22.7,0.0
4723496,2024-09-04 17:24:33,2024-09-04 17:24:33,74,29,True,9.714,85.268,34,6.766,0.0,87,75,2378.5,14.5,4.0,5569.801,-13.25,6189393.5,0.0,,,,,,,,-8,37.377201,49.343304,12,159.82,0.0,-22.7,0.0
4723996,2024-09-04 17:24:33,2024-09-04 17:24:33,74,29,True,9.643,86.074,31,5.773,0.0,87,74,2367.25,14.5,4.0,5569.809,-22.188,6189457.0,0.0,,,,,,,,-8,37.377201,49.343304,12,159.82,0.0,-22.7,0.0
