time,timestamp_received,timestamp,trip,signal,isLive,Battery_voltage,Fuel_level,Intake_manifold_absolute_pressure,Throttle_position,Accelerator_pedal_position,Coolant_temperature,Vehicle_Speed,Engine_speed,Target_air_fuel_ratio,Current_gear_shift_position_(Current_gear),Cumulative_mileage,Clutch_torque,Trip_fuel_consumption,RON_factor,0313,0314,033d,0345,0348,0409,040a,altitude,latitude,longitude,satelites,bearing,angular_speed,correct_altitude,slope
3486493,2024-09-04 17:03:57,2024-09-04 17:03:57,74,22,True,9.571,77.255,41,2.943,0.0,85,12,902.0,14.5,2.0,5551.441,-7.812,4202185.5,0.0,,,,,,,,0,37.464027,49.228451,12,126.22,0.0006981317007976,-15.2,0.0
3486993,2024-09-04 17:03:57,2024-09-04 17:03:57,74,22,True,9.5,76.785,40,2.922,0.0,85,12,862.25,14.5,2.0,5551.445,-2.688,4202294.0,0.0,,,,,,,,0,37.464027,49.228451,12,126.22,0.0,-15.2,0.0
3487493,2024-09-04 17:03:57,2024-09-04 17:03:57,74,22,True,9.571,76.714,42,4.525,29.623,85,11,862.75,14.5,2.0,5551.445,8.375,4202430.0,0.0,,,,,,,,0,37.464027,49.228451,12,126.22,0.0,-15.2,0.0
3487993,2024-09-04 17:03:57,2024-09-04 17:03:57,74,22,True,9.5,76.651,66,11.34,35.965,85,12,828.25,14.5,2.0,5551.445,44.75,4202662.5,0.0,,,,,,,,0,37.464027,49.228451,12,126.22,0.0,-15.2,0.0
