time,timestamp_received,timestamp,trip,signal,isLive,Battery_voltage,Fuel_level,Intake_manifold_absolute_pressure,Throttle_position,Accelerator_pedal_position,Coolant_temperature,Vehicle_Speed,Engine_speed,Target_air_fuel_ratio,Current_gear_shift_position_(Current_gear),Cumulative_mileage,Clutch_torque,Trip_fuel_consumption,RON_factor,0313,0314,033d,0345,0348,0409,040a,altitude,latitude,longitude,satelites,bearing,angular_speed,correct_altitude,slope
844502,2024-09-04 16:19:57,2024-09-04 16:19:56,74,83,True,9.214,74.397,39,7.031,0.0,87,60,1894.75,14.5,4.0,5531.91,-36.312,1636370.375,0.0,,,,,,,,20,37.574528,49.110668,12,126.84,-0.0467748239534479,4.1,0.0
845002,2024-09-04 16:19:57,2024-09-04 16:19:56,74,83,True,9.214,74.605,39,6.969,11.667,86,59,1883.25,12.2,4.0,5531.918,8.625,1636370.375,0.0,,,,,,,,20,37.574528,49.110668,12,126.84,0.0,4.1,0.0
845502,2024-09-04 16:19:57,2024-09-04 16:19:56,74,83,True,9.214,74.791,38,7.57,26.923,86,59,1899.25,13.4,4.0,5531.93,12.812,1636701.5,0.0,,,,,,,,20,37.574528,49.110668,12,126.84,0.0,4.1,0.0
846002,2024-09-04 16:19:57,2024-09-04 16:19:56,74,83,True,9.214,74.959,51,9.002,7.089,87,59,1882.75,14.5,4.0,5531.938,23.75,1637176.875,0.0,,,,,,,,20,37.574528,49.110668,12,126.84,0.0,4.1,0.0
