time,timestamp_received,timestamp,trip,signal,isLive,Battery_voltage,Fuel_level,Intake_manifold_absolute_pressure,Throttle_position,Accelerator_pedal_position,Coolant_temperature,Vehicle_Speed,Engine_speed,Target_air_fuel_ratio,Current_gear_shift_position_(Current_gear),Cumulative_mileage,Clutch_torque,Trip_fuel_consumption,RON_factor,0313,0314,033d,0345,0348,0409,040a,altitude,latitude,longitude,satelites,bearing,angular_speed,correct_altitude,slope
5406610,2024-09-04 17:35:58,2024-09-04 17:35:58,74,41,True,9.714,70.972,105,12.881,0.0,89,22,1627.0,14.5,2.0,5578.996,75.438,7110323.5,0.0,,,,,,,,-7,37.356026,49.438396,12,68.06,-0.0159174027781883,-20.2,0.0
5407110,2024-09-04 17:35:58,2024-09-04 17:35:58,74,41,True,9.571,69.875,55,7.342,0.0,89,24,1757.75,14.5,2.0,5578.996,19.875,7110827.0,0.0,,,,,,,,-7,37.356026,49.438396,12,68.06,0.0,-20.2,0.0
5407610,2024-09-04 17:35:58,2024-09-04 17:35:58,74,41,True,9.571,70.456,32,3.078,0.0,89,24,1705.0,14.5,2.0,5579.0,-9.062,7111012.5,0.0,,,,,,,,-7,37.356026,49.438396,12,68.06,0.0,-20.2,0.0
5408110,2024-09-04 17:35:58,2024-09-04 17:35:58,74,41,True,9.714,71.018,31,4.408,0.0,89,24,1659.25,14.5,2.0,5579.004,-13.562,7111067.0,0.0,,,,,,,,-7,37.356026,49.438396,12,68.06,0.0,-20.2,0.0
