time,timestamp_received,timestamp,trip,signal,isLive,Battery_voltage,Fuel_level,Intake_manifold_absolute_pressure,Throttle_position,Accelerator_pedal_position,Coolant_temperature,Vehicle_Speed,Engine_speed,Target_air_fuel_ratio,Current_gear_shift_position_(Current_gear),Cumulative_mileage,Clutch_torque,Trip_fuel_consumption,RON_factor,0313,0314,033d,0345,0348,0409,040a,altitude,latitude,longitude,satelites,bearing,angular_speed,correct_altitude,slope
1486410,2024-09-23 19:39:15,2024-09-23 19:39:15,181,67,True,8.857,38.676,55,6.807,0.0,85,0,1033.5,14.5,14.0,6716.203,-8.375,1020275.875,0.175,,,,,,,,1251,35.704952,51.39069,12,134.57,-0.2318495378349268,1221.1,0.0
1486910,2024-09-23 19:39:15,2024-09-23 19:39:15,181,67,True,9.0,39.239,59,6.611,0.0,85,0,922.5,14.5,14.0,6716.203,-7.25,1020456.125,0.175,,,,,,,,1251,35.704952,51.39069,12,134.57,0.0,1221.1,0.0
1487410,2024-09-23 19:39:15,2024-09-23 19:39:15,181,67,True,8.857,39.119,57,6.268,0.0,85,0,982.75,14.5,14.0,6716.203,-9.0,1020706.5,0.175,,,,,,,,1251,35.704952,51.39069,12,134.57,0.0,1221.1,0.0
1487910,2024-09-23 19:39:15,2024-09-23 19:39:15,181,67,True,9.0,39.051,55,6.029,0.0,85,0,950.5,14.5,14.0,6716.203,-8.812,1020932.75,0.175,,,,,,,,1251,35.704952,51.39069,12,134.57,0.0,1221.1,0.0
